date,close,high,low,open,volume
2021-03-15,43.768314361572266,43.8287684502613,43.71995355047918,43.71995355047918,1400
2021-03-16,43.75862121582031,43.84890104373997,43.67156995025601,43.84890104373997,800
2021-03-17,43.78443145751953,43.78443145751953,43.7038280635466,43.7038280635466,700
2021-03-18,43.61920928955078,43.61920928955078,43.46202738748685,43.58293559682111,10800
2021-03-19,43.628055572509766,43.6957631571865,43.542615488249446,43.65546146271066,3100
2021-03-22,43.84407043457031,43.90533010764892,43.76830067780662,43.81666454860186,3900
2021-03-23,43.923065185546875,43.961755669492284,43.923065185546875,43.929513087067456,700
2021-03-24,43.95288848876953,44.03430054929072,43.95288848876953,44.03430054929072,15600
2021-03-25,43.94968032836914,43.94968032836914,43.89325732746106,43.945649235497726,4300
2021-03-26,43.88032531738281,43.969796447678995,43.88032531738281,43.9617373428434,1100
2021-03-29,43.751380920410156,43.82473080444603,43.70382571997005,43.81667169540985,5700
2021-03-30,43.856971740722656,43.913394726320426,43.776368354103596,43.776368354103596,3400
2021-03-31,43.94804763793945,44.00205380539705,43.94804763793945,44.00205380539705,1600
2021-04-01,44.24531555175781,44.24531555175781,44.18473257904332,44.18473257904332,400
2021-04-05,44.16938400268555,44.2170436758477,44.079722066326056,44.2170436758477,2000
2021-04-06,44.30588150024414,44.30588150024414,44.23318257214036,44.23318257214036,1000
2021-04-07,44.160499572753906,44.37052014364251,44.160499572753906,44.192810903871866,1500
2021-04-08,44.358402252197266,44.39475018710414,44.29781927930781,44.39475018710414,900
2021-04-09,44.32609176635742,44.32609176635742,44.30589641455045,44.30589641455045,800
2021-04-12,44.26874923706055,44.31398387524065,44.20897357316028,44.20897357316028,900
2021-04-13,44.408485412597656,44.451294998642766,44.217852874609704,44.284090178404824,4400
2021-04-14,44.3987922668457,44.41090824580107,44.3987922668457,44.41090824580107,600
2021-04-15,44.693626403808594,44.790557313857896,44.653235700024815,44.653235700024815,1500
2021-04-16,44.47148895263672,44.54418790403736,44.47148895263672,44.54418790403736,900
2021-04-19,44.29783630371094,44.4028466249847,44.29783630371094,44.4028466249847,1500
2021-04-20,44.400394439697266,44.47551841832795,44.200878340749014,44.200878340749014,4500
2021-04-21,44.45210647583008,44.4674548216177,44.35436823450554,44.435143487763256,1200
2021-04-22,44.52480697631836,44.54823469706909,44.52480697631836,44.54823469706909,800
2021-04-23,44.54014587402344,44.54014587402344,44.54014587402344,44.54014587402344,300
2021-04-26,44.53450393676758,44.60478094090802,44.53450393676758,44.57650929128341,1600
2021-04-27,44.372955322265625,44.556318945523415,44.33014572309376,44.556318945523415,2400
2021-04-28,44.39313888549805,44.39313888549805,44.346289610836436,44.38667723534247,6700
2021-04-29,44.351131439208984,44.417368742581935,44.33013184754139,44.33013184754139,500
2021-04-30,44.388275146484375,44.43512440348732,44.322037864944285,44.41897182487581,2000
2021-05-03,44.449012756347656,44.538056984107804,44.408538949534915,44.52996036997314,700
2021-05-04,44.52427673339844,44.64327406424062,44.48137581173063,44.64327406424062,1000
2021-05-05,44.56151580810547,44.58661159748132,44.52185105917808,44.58661159748132,600
2021-05-06,44.63115310668945,44.67567522722893,44.57044393136652,44.67567522722893,600
2021-05-07,44.58660888671875,44.74850404672915,44.54613200876391,44.68374660031544,2400
2021-05-10,44.444950103759766,44.52994599701841,44.444950103759766,44.52994599701841,900
2021-05-11,44.3089714050293,44.3089714050293,44.283069650636136,44.283069650636136,1100
2021-05-12,44.099300384521484,44.18996267117118,44.02806440731706,44.18996267117118,1000
2021-05-13,44.24987030029297,44.28710483578541,44.24987030029297,44.28710483578541,3400
2021-05-14,44.41094970703125,44.42875792842682,44.28709811283433,44.29519472398383,4300
2021-05-17,44.39638137817383,44.42471334169468,44.319479010923345,44.39233307254159,800
2021-05-18,44.296817779541016,44.3923374213333,44.262819419985426,44.3923374213333,800
2021-05-19,44.205318450927734,44.27088490972081,44.205318450927734,44.27088490972081,900
2021-05-20,44.4101448059082,44.4101448059082,44.4101448059082,44.4101448059082,300
2021-05-21,44.45305633544922,44.48948183132047,44.45305633544922,44.48948183132047,1000
2021-05-24,44.549381256103516,44.65137634143438,44.52185833162414,44.52185833162414,2900
2021-05-25,44.797080993652344,44.797080993652344,44.71613340181836,44.72422692582068,1200
2021-05-26,44.71612548828125,44.805166588359704,44.6027945566364,44.691838744666995,2300
2021-05-27,44.643280029296875,44.65137355342525,44.5785194844589,44.5785194844589,1400
2021-05-28,44.64571762084961,44.64571762084961,44.58662654339474,44.58662654339474,300
2021-06-01,44.61812973022461,44.61812973022461,44.61812973022461,44.61812973022461,200
2021-06-02,44.6838264465332,44.743855889123424,44.6838264465332,44.743855889123424,900
2021-06-03,44.56460189819336,44.66437973400905,44.53458871032658,44.656266054393974,2100
2021-06-04,44.82173538208008,44.88176173596249,44.688698316088086,44.69680889828861,7300
2021-06-07,44.77793884277344,44.83472221252941,44.729266056784795,44.81849795053319,5800
2021-06-08,44.90286636352539,44.95640364799457,44.68871103672496,44.91584453652485,5800
2021-06-09,45.097530364990234,45.16729187571215,44.98071758694544,45.16729187571215,9500
2021-06-10,45.22327423095703,45.232195561635415,45.02128639235114,45.02128639235114,800
2021-06-11,45.227333068847656,45.23868974073017,45.18920621482464,45.23868974073017,900
2021-06-14,45.08618927001953,45.159193800247486,45.08618927001953,45.11863469641153,4200
2021-06-15,45.09833526611328,45.11861326116683,45.00504658659564,45.11861326116683,1300
2021-06-16,44.980743408203125,45.013191936474946,44.980743408203125,45.013191936474946,1700
2021-06-17,45.25733947753906,45.467437875943816,45.25733947753906,45.297087823183205,1900
2021-06-18,45.48286437988281,45.48286437988281,45.386332655736105,45.386332655736105,1800
2021-06-21,45.2395133972168,45.4025636884689,45.2395133972168,45.4025636884689,600
2021-06-22,45.301971435546875,45.32143869369455,45.301971435546875,45.32143869369455,300
2021-06-23,45.224098205566406,45.305216426446385,45.16731483205806,45.305216426446385,800
2021-06-24,45.28412628173828,45.28412628173828,45.240321082242325,45.240321082242325,100
2021-06-25,45.1616325378418,45.1616325378418,45.04563045957448,45.04563045957448,200
2021-06-28,45.36522674560547,45.37496191823046,45.236246538936,45.24030337660649,4700
2021-06-29,45.37415313720703,45.37415313720703,45.29708869042821,45.29708869042821,500
2021-06-30,45.45771789550781,45.53235011976909,45.45771789550781,45.53235011976909,500
2021-07-01,45.41301727294922,45.41301727294922,45.41301727294922,45.41301727294922,100
2021-07-02,45.550392150878906,45.550392150878906,45.4406531216598,45.4406531216598,300
2021-07-06,45.684513092041016,45.76580101976613,45.684513092041016,45.76580101976613,400
2021-07-07,45.79994583129883,45.79994583129883,45.72516055994844,45.72516055994844,800
2021-07-08,45.82270812988281,45.920257374793344,45.74954774666792,45.9121267205828,1600
2021-07-09,45.64223861694336,45.725154531318694,45.64223861694336,45.64792883358866,1700
2021-07-12,45.61622619628906,45.700766997580054,45.56257381232778,45.6845087933777,1300
2021-07-13,45.47966384887695,45.634112147063775,45.47966384887695,45.634112147063775,400
2021-07-14,45.697513580322266,45.71702466551037,45.586962134352625,45.6723153797122,2400
2021-07-15,45.81376266479492,45.81376266479492,45.74141473544656,45.7576729409917,4500
2021-07-16,45.749549865722656,45.82271025232624,45.70890589559537,45.790196936786096,1500
2021-07-19,45.97959518432617,46.06657333516916,45.92838322806492,46.06657333516916,1400
2021-07-20,45.925941467285156,46.001539176119245,45.87147663452082,46.001539176119245,600
2021-07-21,45.76742935180664,45.79832087530151,45.660127666653764,45.79832087530151,800
2021-07-22,45.96171569824219,45.96171569824219,45.96171569824219,45.96171569824219,200
2021-07-23,45.90399932861328,45.90399932861328,45.822708290902185,45.871482913528844,600
2021-07-26,45.91943359375,46.00966461350242,45.88366740425847,46.00966461350242,1900
2021-07-27,46.0031623840332,46.0031623840332,45.90399136644397,45.90399136644397,5500
2021-07-28,46.04300308227539,46.066576398496196,45.92838628220261,46.00967422108871,2200
2021-07-29,46.00153732299805,46.008852429768446,45.92837695248764,46.008852429768446,1500
2021-07-30,46.0364990234375,46.0364990234375,46.0364990234375,46.0364990234375,100
2021-08-02,46.14564514160156,46.14564514160156,46.14564514160156,46.14564514160156,100
2021-08-03,46.17658615112305,46.21161412045727,46.17658615112305,46.21161412045727,1200
2021-08-04,46.2132453918457,46.2132453918457,46.20102770493121,46.20102770493121,400
2021-08-05,46.0584716796875,46.09594193928158,46.01367453792054,46.09594193928158,900
2021-08-06,45.740821838378906,45.86707855978385,45.740821838378906,45.74489543771348,700
2021-08-09,45.60234451293945,45.66343606590919,45.53310886962163,45.66343606590919,500
2021-08-10,45.50459671020508,45.565685151657185,45.50459671020508,45.565685151657185,300
2021-08-11,45.52494812011719,45.57463606746118,45.51028814040554,45.57463606746118,2300
2021-08-12,45.55754089355469,45.55754089355469,45.41906650986931,45.41906650986931,400
2021-08-13,45.79539489746094,45.81005798988305,45.79539489746094,45.81005798988305,600
2021-08-16,45.879295349121094,45.956675091482516,45.879295349121094,45.956675091482516,500
2021-08-17,45.79782485961914,45.91593434382449,45.79782485961914,45.858916400724645,83600
2021-08-18,45.773406982421875,45.793771872989566,45.75304209185418,45.793771872989566,400
2021-08-19,45.850772857666016,45.850772857666016,45.850772857666016,45.850772857666016,200
2021-08-20,45.87603759765625,45.96482404276524,45.81820553646886,45.96482404276524,800
2021-08-23,45.91105651855469,45.948526792324216,45.8100555028089,45.93223550404379,4400
2021-08-24,45.801910400390625,45.89151093640923,45.7937663095006,45.89151093640923,4100
2021-08-25,45.683780670166016,45.712289636534294,45.63898042198097,45.63898042198097,1500
2021-08-26,45.716373443603516,45.716373443603516,45.716373443603516,45.716373443603516,400
2021-08-27,45.887428283691406,45.89150188195553,45.883357792672335,45.883357792672335,1100
2021-08-30,45.97703552246094,46.021835788179516,45.891508589883344,45.891508589883344,1100
2021-08-31,45.91594696044922,45.956673629962005,45.91594696044922,45.956673629962005,600
2021-09-01,45.879215240478516,45.93634975600807,45.8710545012304,45.93634975600807,1900
2021-09-02,45.98858642578125,46.00980559175644,45.89553656882329,45.89553656882329,3600
2021-09-03,45.8832893371582,45.9036958521926,45.8465582328157,45.8465582328157,3900
2021-09-07,45.69964599609375,45.69964599609375,45.69964599609375,45.69964599609375,200
2021-09-08,45.801673889160156,45.81391655391406,45.732293599559135,45.81391655391406,1800
2021-09-09,45.99756622314453,45.99756622314453,45.781270826578854,45.781270826578854,400
2021-09-10,45.92817687988281,45.92817687988281,45.90777036675873,45.90777036675873,400
2021-09-13,46.01797103881836,46.01797103881836,45.94451193387306,45.96981302685765,3800
2021-09-14,46.1771354675293,46.19998927466668,46.14856820860757,46.14856820860757,3100
2021-09-15,46.09960174560547,46.41792357084517,46.009818028004894,46.41792357084517,2300
2021-09-16,46.062862396240234,46.1077542439839,46.062862396240234,46.1077542439839,1000
2021-09-17,45.96900177001953,45.96900177001953,45.964919843345406,45.964919843345406,400
2021-09-20,46.09551239013672,46.132243502144235,46.0587843917269,46.075108984441606,3500
2021-09-21,46.10367965698242,46.10367965698242,46.10367965698242,46.10367965698242,800
2021-09-22,46.22528839111328,46.22528839111328,46.14040238057939,46.19672113341426,1200
2021-09-23,45.90776824951172,46.042443757287266,45.90776824951172,46.042443757287266,800
2021-09-24,45.789424896240234,45.87104784486496,45.70780506121264,45.87104784486496,1100
2021-09-27,45.78126907348633,45.79759366496397,45.73229529905342,45.78942981242642,3000
2021-09-28,45.48008728027344,45.56905521329005,45.4547830739451,45.56823633716548,1500
2021-09-29,45.43029022216797,45.4792639880647,45.43029022216797,45.4792639880647,500
2021-09-30,45.4017333984375,45.47927443385124,45.356841547787184,45.356841547787184,2000
2021-10-01,45.598846435546875,45.598846435546875,45.25532299144018,45.467979915872334,3700
2021-10-04,45.5170783996582,45.5170783996582,45.47618005707641,45.47700064481665,900
2021-10-05,45.36983108520508,45.45162149046577,45.36983108520508,45.39845803905671,2700
2021-10-06,45.390262603759766,45.390262603759766,45.390262603759766,45.390262603759766,200
2021-10-07,45.16535568237305,45.353476126093575,45.16535568237305,45.21442868154105,1000
2021-10-08,45.05902099609375,45.07537970082798,45.05902099609375,45.07537970082798,400
2021-10-11,45.00913619995117,45.05902979111366,44.97723937158184,45.05902979111366,800
2021-10-12,45.15226745605469,45.15226745605469,45.03448976037464,45.1081023802268,1000
2021-10-13,45.3632926940918,45.3632926940918,45.3044007260094,45.3044007260094,1000
2021-10-14,45.49251937866211,45.53341458370662,45.45162417361759,45.51705899777213,1000
2021-10-15,45.40254592895508,45.40254592895508,45.40254592895508,45.40254592895508,100
2021-10-18,45.3984489440918,45.443434594004096,45.31256809974195,45.3739093313466,18300
2021-10-19,45.232421875,45.288040852270655,45.222609147326025,45.25123610325884,1100
2021-10-20,45.1203727722168,45.214431439762826,45.1203727722168,45.19807273234082,1800
2021-10-21,45.02629852294922,45.091733334527305,44.9772255343692,45.091733334527305,1000
2021-10-22,45.13671875,45.13671875,45.13671875,45.13671875,300
2021-10-25,45.19807815551758,45.19807815551758,45.15718294210787,45.15718294210787,600
2021-10-26,45.30766677856445,45.30766677856445,45.206244684715905,45.206244684715905,800
2021-10-27,45.640560150146484,45.640560150146484,45.57431098161131,45.57431098161131,1100
2021-10-28,45.48432922363281,45.525224417562534,45.27985013388089,45.51704662681791,4100
2021-10-29,45.51624298095703,45.51624298095703,45.42709223623487,45.42709223623487,1000
2021-11-01,45.4162483215332,45.4162483215332,45.35395663543989,45.415429146621975,600
2021-11-02,45.53753662109375,45.57852036590796,45.53753662109375,45.54655379534186,900
2021-11-03,45.48015213012695,45.55474077674062,45.48015213012695,45.55474077674062,600
2021-11-04,45.6572151184082,45.72688249758549,45.40722922689302,45.40722922689302,2300
2021-11-05,45.97687530517578,46.021954940041354,45.857210104370516,45.89900991284034,5100
2021-11-08,45.85392761230469,45.915400122331555,45.834258034939396,45.834258034939396,700
2021-11-09,46.00965118408203,46.08751656499068,46.00965118408203,46.026044060411294,5400
2021-11-10,45.61622619628906,45.68589669419442,45.61622619628906,45.68589669419442,600
2021-11-11,45.534263610839844,45.534263610839844,45.48918398918934,45.48918398918934,200
2021-11-12,45.4449348449707,45.562961690644286,45.4449348449707,45.562961690644286,800
2021-11-15,45.15724563598633,45.15724563598633,45.15724563598633,45.15724563598633,200
2021-11-16,45.09987258911133,45.13675421800547,45.02200720372818,45.07938071086682,1400
2021-11-17,45.17116165161133,45.17116165161133,45.124443688271626,45.14411325776501,2300
2021-11-18,45.28838348388672,45.28838348388672,45.28838348388672,45.28838348388672,1600
2021-11-19,45.448204040527344,45.448204040527344,45.448204040527344,45.448204040527344,300
2021-11-22,45.11381149291992,45.34986520862112,45.07938738354126,45.34986520862112,1500
2021-11-23,44.917083740234375,44.94003626476794,44.917083740234375,44.94003626476794,700
2021-11-24,45.022003173828125,45.022003173828125,44.83348979201467,44.83348979201467,1200
2021-11-26,45.321170806884766,45.321170806884766,45.226915666294985,45.226915666294985,200
2021-11-29,45.29656219482422,45.390820418631534,45.20230709763726,45.32524893657073,800
2021-11-30,45.453948974609375,45.571153510895826,45.31707173538545,45.31707173538545,1600
2021-12-01,45.441619873046875,45.441619873046875,45.22396056233864,45.22396056233864,600
2021-12-02,45.48103332519531,45.54427758194277,45.31429533326701,45.54427758194277,400
2021-12-03,45.796451568603516,45.92211922474434,45.796451568603516,45.92211922474434,400
2021-12-06,45.63053894042969,45.63053894042969,45.56072427005574,45.56154517678036,900
2021-12-07,45.60590744018555,45.716789399433296,45.60590744018555,45.716789399433296,1100
2021-12-08,45.39234924316406,45.39234924316406,45.29789482803523,45.29789482803523,700
2021-12-09,45.40055465698242,45.40055465698242,45.40055465698242,45.40055465698242,100
2021-12-10,45.367706298828125,45.367706298828125,45.367706298828125,45.367706298828125,200
2021-12-13,45.55250930786133,45.61821944514809,45.437519700841285,45.437519700841285,800
2021-12-14,45.44983673095703,45.44983673095703,45.347166997779716,45.347166997779716,1400
2021-12-15,45.3081169128418,45.3081169128418,45.158943649486275,45.158943649486275,500
2021-12-16,45.24266052246094,45.36614700107819,45.24266052246094,45.324706633394754,1700
2021-12-17,45.36199188232422,45.39928441090109,45.28325899561021,45.39928441090109,3600
2021-12-20,45.13821792602539,45.13821792602539,45.13407325877457,45.13407325877457,500
2021-12-21,45.2376823425293,45.2376823425293,44.984911303757926,45.15066327103592,19300
2021-12-22,45.30480194091797,45.30480194091797,45.216954588852644,45.216954588852644,700
2021-12-23,45.25839614868164,45.25839614868164,45.14237073636766,45.15065691090921,1100
2021-12-27,45.37028121948242,45.37028121948242,45.37028121948242,45.37028121948242,100
2021-12-28,45.34790802001953,45.50703041977383,45.22525301439155,45.50703041977383,2100
2021-12-29,45.126625061035156,45.20038497892917,45.02634685454249,45.16391758992281,2000
2021-12-30,45.25454330444336,45.31683797703744,45.11749565842413,45.11749565842413,3200
2021-12-31,45.29108428955078,45.37497503307253,45.29108428955078,45.35005526505506,1600
2022-01-03,44.87995910644531,44.89075714801437,44.826802198169474,44.826802198169474,2400
2022-01-04,44.83342361450195,44.8516959953877,44.70219008859472,44.8516959953877,4100
2022-01-05,44.68558883666992,44.967988599465485,44.68558883666992,44.9596841219297,3100
2022-01-06,44.560997009277344,44.57345530821966,44.54438488787486,44.560163710034765,3900
2022-01-07,44.423954010009766,44.436412310249395,44.38657594085237,44.436412310249395,3000
2022-01-10,44.32261657714844,44.33839856781173,44.32261657714844,44.32428000720228,5800
2022-01-11,44.43974685668945,44.46133977044092,44.32844592136129,44.32844592136129,1700
2022-01-12,44.43974685668945,44.48625954544536,44.43974685668945,44.48625954544536,1000
2022-01-13,44.52693557739258,44.52693557739258,44.52693557739258,44.52693557739258,100
2022-01-14,44.21296691894531,44.241207200815445,44.17891255458537,44.241207200815445,2600
2022-01-18,43.825096130371094,43.91313752336275,43.77193924224999,43.91313752336275,127300
2022-01-19,43.904842376708984,43.99620748081534,43.904842376708984,43.99620748081534,2400
2022-01-20,43.86662292480469,43.95466431393202,43.821770515243145,43.95466431393202,11800
2022-01-21,44.12659454345703,44.13739257999432,44.07925174359194,44.07925174359194,3000
2022-01-24,43.990386962890625,44.116636560819636,43.97128127912031,44.116636560819636,7200
2022-01-25,43.88407516479492,43.97959408954868,43.88407516479492,43.97959408954868,1000
2022-01-26,43.64817428588867,43.97542638490268,43.6390396796878,43.97542638490268,12900
2022-01-27,43.70134735107422,43.805170752093325,43.65981545591558,43.805170752093325,900
2022-01-28,43.74287414550781,43.74287414550781,43.589214378149315,43.589214378149315,1300
2022-01-31,43.72376251220703,43.747018848454005,43.66396140998287,43.747018848454005,2200
2022-02-01,43.81365203857422,43.81365203857422,43.81365203857422,43.81365203857422,300
2022-02-02,43.827796936035156,43.93017078625308,43.827796936035156,43.93017078625308,1000
2022-02-03,43.526512145996094,43.57229035682102,43.4058275993561,43.4058275993561,7900
2022-02-04,43.14280319213867,43.172766356157865,43.05624117659821,43.06456621803705,22000
2022-02-07,43.23019790649414,43.23019790649414,43.147798410091674,43.147798410091674,1900
2022-02-08,43.08619689941406,43.14779013014657,43.08619689941406,43.14779013014657,900
2022-02-09,43.20188903808594,43.33922361878991,43.20188903808594,43.33922361878991,500
2022-02-10,42.685848236083984,42.96467674581534,42.685848236083984,42.931386111497396,1400
2022-02-11,42.91307830810547,42.91307830810547,42.72331055314352,42.81403191009921,1000
2022-02-14,42.60594177246094,42.658378090279214,42.598451777078964,42.65671435243261,5600
2022-02-15,42.432823181152344,42.432823181152344,42.432823181152344,42.432823181152344,300
2022-02-16,42.47943115234375,42.47943115234375,42.39869540948518,42.39869540948518,1200
2022-02-17,42.494415283203125,42.51522470866706,42.494415283203125,42.51522470866706,500
2022-02-18,42.57016372680664,42.57016372680664,42.4403222885075,42.4403222885075,1500
2022-02-22,42.478599548339844,42.478599548339844,42.448636389219615,42.448636389219615,400
2022-02-23,42.24720001220703,42.43197647438006,42.24720001220703,42.43197647438006,400
2022-02-24,42.37957000732422,42.45697513040854,42.24057162845776,42.24057162845776,2400
2022-02-25,42.51521682739258,42.548507456862055,42.390366647898176,42.548507456862055,500
2022-02-28,42.91224670410156,42.91224670410156,42.91224670410156,42.91224670410156,100
2022-03-01,43.0640754699707,43.0640754699707,43.0640754699707,43.0640754699707,100
2022-03-02,42.50680923461914,42.746237009773516,42.50680923461914,42.746237009773516,1800
2022-03-03,42.634437561035156,42.634437561035156,42.546009440379436,42.546009440379436,400
2022-03-04,42.66280746459961,42.82631692701307,42.66280746459961,42.82631692701307,400
2022-03-07,42.19145965576172,42.19145965576172,42.19145965576172,42.19145965576172,200
2022-03-08,41.99040985107422,41.99040985107422,41.78685681945285,41.8369120956965,1000
2022-03-09,42.00126266479492,42.053819281981156,42.00126266479492,42.053819281981156,1000
2022-03-10,41.60749435424805,41.728458880118026,41.60749435424805,41.728458880118026,400
2022-03-11,41.56996536254883,41.56996536254883,41.56996536254883,41.56996536254883,100
2022-03-14,41.06273651123047,41.06273651123047,41.06273651123047,41.06273651123047,100
2022-03-15,41.332191467285156,41.332191467285156,41.332191467285156,41.332191467285156,100
2022-03-16,41.58330535888672,41.58330535888672,41.58330535888672,41.58330535888672,100
2022-03-17,41.944515228271484,41.944515228271484,41.944515228271484,41.944515228271484,100
2022-03-18,42.057151794433594,42.057151794433594,41.94870028302215,41.94870028302215,1000
2022-03-21,41.56244659423828,41.56244659423828,41.56244659423828,41.56244659423828,200
2022-03-22,41.43898391723633,41.43898391723633,41.37808316738877,41.386427305242165,2600
2022-03-23,41.569129943847656,41.569129943847656,41.429812733209,41.429812733209,800
2022-03-24,41.59247589111328,41.59247589111328,41.59247589111328,41.59247589111328,100
2022-03-25,41.30718231201172,41.30718231201172,41.21124698367133,41.21124698367133,4900
2022-03-28,41.4948844909668,41.4948844909668,41.3697478649158,41.3697478649158,3500
2022-03-29,41.76350402832031,41.76350402832031,41.62001476271827,41.62001476271827,400
2022-03-30,41.848594665527344,41.848594665527344,41.848594665527344,41.848594665527344,100
2022-03-31,41.85776138305664,41.976224568850405,41.85776138305664,41.976224568850405,600
2022-04-01,41.936378479003906,41.936378479003906,41.86697630762812,41.86697630762812,300
2022-04-04,42.03837966918945,42.050921688437775,42.00911389436662,42.01329244096257,5300
2022-04-05,41.404563903808594,41.46560577522418,41.404563903808594,41.448882018531286,500
2022-04-06,41.30672836303711,41.30672836303711,41.04500783200381,41.064238713791966,6700
2022-04-07,41.049198150634766,41.13114233620829,41.049198150634766,41.10605829279256,3000
2022-04-08,40.74482727050781,40.871925264920314,40.74482727050781,40.871925264920314,2100
2022-04-11,40.40031814575195,40.529087531184636,40.39279038380939,40.52072406007727,2300
2022-04-12,40.47306823730469,40.67123978522923,40.47306823730469,40.65451603062956,2500
2022-04-13,40.62775421142578,40.62775421142578,40.43710726652709,40.43710726652709,2400
2022-04-14,40.227237701416016,40.26988120439657,40.227237701416016,40.25315744898277,500
2022-04-18,39.960487365722656,40.019018896734174,39.960487365722656,39.98557139623353,2300
2022-04-19,39.67369842529297,39.80999561887403,39.67369842529297,39.80999561887403,1000
2022-04-20,40.02738952636719,40.10264482708683,40.00230548937065,40.10264482708683,700
2022-04-21,39.6569709777832,39.74309688888806,39.6569709777832,39.74309688888806,8100
2022-04-22,39.61350631713867,39.61350631713867,39.61350631713867,39.61350631713867,100
2022-04-25,39.92705535888672,39.98140517599376,39.759820981217544,39.95213939913144,40900
2022-04-26,40.00314712524414,40.019035172903166,40.00314712524414,40.019035172903166,300
2022-04-27,39.67620086669922,39.67620086669922,39.67620086669922,39.67620086669922,100
2022-04-28,39.71131896972656,39.71131896972656,39.58422098740936,39.58422098740936,600
2022-04-29,39.3551139831543,39.3551139831543,39.3551139831543,39.3551139831543,100
2022-05-02,39.15140151977539,39.18996397012441,39.11451792226933,39.18996397012441,600
2022-05-03,39.37186813354492,39.44983085474842,39.36600014365943,39.44983085474842,1600
2022-05-04,39.7097053527832,39.7097053527832,39.22349993048903,39.22349993048903,14900
2022-05-05,39.159793853759766,39.45822359570909,39.00303373696006,39.45822359570909,500
2022-05-06,38.913330078125,39.01392694741036,38.913330078125,39.01392694741036,1000
2022-05-09,39.02315139770508,39.02315139770508,38.812741528080835,38.812741528080835,800
2022-05-10,39.17656326293945,39.227696338077614,39.17656326293945,39.227696338077614,1100
2022-05-11,39.315711975097656,39.378581022436045,39.27798734887939,39.27798734887939,1200
2022-05-12,39.34590530395508,39.399555071196005,39.34590530395508,39.399555071196005,1300
2022-05-13,39.2486457824707,39.3266053166581,39.131285968504685,39.315710360631336,22400
2022-05-16,39.13129425048828,39.310688517439466,39.09776195431098,39.20674031797931,5100
2022-05-17,39.00136184692383,39.026509470952874,38.896575816381656,39.02231713434274,2300
2022-05-18,39.139678955078125,39.139678955078125,38.96363918234576,38.96363918234576,900
2022-05-19,39.24947738647461,39.30731945673121,39.23187341717106,39.30731945673121,2400
2022-05-20,39.380271911621094,39.380271911621094,39.307339317476114,39.307339317476114,1200
2022-05-23,39.262901306152344,39.374393137546505,39.2235010235019,39.30732855449765,1100
2022-05-24,39.73151397705078,39.73486848627567,39.58313850181157,39.58313850181157,2500
2022-05-25,40.05927658081055,40.0617932617332,39.86060268962584,40.003113344413485,5300
2022-05-26,40.09197998046875,40.21269435062796,40.09197998046875,40.21269435062796,400
2022-05-27,40.25040817260742,40.30405792769391,40.195920589790546,40.195920589790546,2400
2022-05-31,39.94276809692383,40.00312688789898,39.81032092316973,39.81032092316973,3600
2022-06-01,39.7965202331543,40.00241412068684,39.75870436242897,40.00241412068684,1300
2022-06-02,39.805763244628906,39.80828302018547,39.66625872412068,39.66625872412068,600
2022-06-03,39.6898078918457,39.6898078918457,39.65030894902639,39.65030894902639,600
2022-06-06,39.472137451171875,39.699882245235464,39.472137451171875,39.699882245235464,600
2022-06-07,39.66122055053711,39.75870638228574,39.66122055053711,39.75870638228574,500
2022-06-08,39.470455169677734,39.470455169677734,39.470455169677734,39.470455169677734,100
2022-06-09,39.23345947265625,39.23345947265625,39.23345947265625,39.23345947265625,200
2022-06-10,38.919158935546875,38.919158935546875,38.737635696140096,38.859492182958014,1400
2022-06-13,38.141807556152344,38.262820930506855,38.119956672407504,38.262820930506855,1800
2022-06-14,37.909847259521484,38.25440570291582,37.909847259521484,38.221629388237936,1700
2022-06-15,38.43342590332031,38.43342590332031,38.43342590332031,38.43342590332031,100
2022-06-16,38.48720932006836,38.48720932006836,38.11995992122829,38.11995992122829,500
2022-06-17,38.544349670410156,38.586368377615834,38.51493625478399,38.586368377615834,400
2022-06-21,38.20650863647461,38.45778412656796,38.20650863647461,38.3897117141639,1400
2022-06-22,38.46114730834961,38.55695329068044,38.46114730834961,38.55695329068044,500
2022-06-23,38.70064926147461,38.89309790486063,38.70064926147461,38.89309790486063,200
2022-06-24,38.73680877685547,38.75781653319508,38.73680877685547,38.75781653319508,1200
2022-06-27,38.44098663330078,38.58637388151128,38.44098663330078,38.58637388151128,600
2022-06-28,38.446022033691406,38.481318130722116,38.446022033691406,38.45610434297039,4100
2022-06-29,38.63595962524414,38.63595962524414,38.63595962524414,38.63595962524414,100
2022-06-30,38.776302337646484,38.776302337646484,38.776302337646484,38.776302337646484,300
2022-07-01,39.156551361083984,39.156551361083984,39.10427719397527,39.10427719397527,300
2022-07-05,39.147281646728516,39.229065177525186,39.10681121381934,39.10681121381934,1300
2022-07-06,39.01238250732422,39.306633407974,39.0031067597128,39.306633407974,1300
2022-07-07,38.99213790893555,38.99213790893555,38.96937309510406,38.96937309510406,200
2022-07-08,38.914573669433594,38.918790210192846,38.86820136991651,38.87579178653881,1400
2022-07-11,38.9980583190918,39.08911440142999,38.9980583190918,39.04189942178516,3600
2022-07-12,39.08320236206055,39.243395541858014,39.08320236206055,39.19786912067157,3100
2022-07-13,39.31926727294922,39.31926727294922,39.0705460921352,39.0705460921352,1400
2022-07-14,39.140525817871094,39.140525817871094,39.140525817871094,39.140525817871094,100
2022-07-15,39.36565017700195,39.36565017700195,39.36565017700195,39.36565017700195,200
2022-07-18,39.14474868774414,39.20545272127059,39.14474868774414,39.158237758243764,400
2022-07-19,39.22484588623047,39.22484588623047,39.179319466643314,39.179319466643314,200
2022-07-20,39.19111633300781,39.19701820268548,39.19111633300781,39.19701820268548,600
2022-07-21,39.62363052368164,39.62363052368164,39.51739688992772,39.51739688992772,600
2022-07-22,39.91535949707031,39.91535949707031,39.829362665678964,39.829362665678964,700
2022-07-25,39.631248474121094,39.631248474121094,39.631248474121094,39.631248474121094,100
2022-07-26,39.64809036254883,39.74504826890265,39.64809036254883,39.71975546138037,5000
2022-07-27,39.88670349121094,39.88670349121094,39.870686424303734,39.879958955206035,800
2022-07-28,40.16070556640625,40.16070556640625,40.07386286362769,40.15058715809021,800
2022-07-29,40.281280517578125,40.281280517578125,40.281280517578125,40.281280517578125,100
2022-08-01,40.316776275634766,40.316776275634766,40.26944143916871,40.26944143916871,100
2022-08-02,39.889930725097656,39.889930725097656,39.889930725097656,39.889930725097656,100
2022-08-03,40.24408721923828,40.24408721923828,39.92203941328044,39.92203941328044,400
2022-08-04,40.324398040771484,40.581357276644376,40.167177333515625,40.167177333515625,61500
2022-08-05,39.86457824707031,39.86457824707031,39.757230005368086,39.795268789681465,500
2022-08-08,39.9837532043457,39.9837532043457,39.9837532043457,39.9837532043457,100
2022-08-09,39.85272216796875,39.896677785225,39.85272216796875,39.896677785225,2200
2022-08-10,40.16294860839844,40.192532888961864,40.09025672599823,40.13336432783501,5300
2022-08-11,39.85356140136719,40.025153376201075,39.85356140136719,40.025153376201075,900
2022-08-12,40.23225402832031,40.23225402832031,40.23225402832031,40.23225402832031,300
2022-08-15,40.22211456298828,40.302416129790075,40.22211456298828,40.302416129790075,100
2022-08-16,40.087711334228516,40.087711334228516,40.07418801557084,40.07418801557084,1600
2022-08-17,39.778358459472656,39.778358459472656,39.778358459472656,39.778358459472656,100
2022-08-18,39.85609817504883,39.964291143307975,39.85609817504883,39.964291143307975,1100
2022-08-19,39.480804443359375,39.48333885610463,39.480804443359375,39.482494051856214,700
2022-08-22,39.237361907958984,39.33879644874572,39.237361907958984,39.33795164457234,1100
2022-08-23,39.2889404296875,39.2889404296875,39.2889404296875,39.2889404296875,100
2022-08-24,39.1866455078125,39.1866455078125,39.14438273057873,39.14438273057873,400
2022-08-25,39.52390670776367,39.52390670776367,39.396273570125665,39.396273570125665,200
2022-08-26,39.33203887939453,39.381063322093716,39.33203887939453,39.37345685929923,300
2022-08-29,39.0640983581543,39.12749416407726,39.05987111124086,39.12749416407726,2600
2022-08-30,39.11143493652344,39.11143493652344,38.94491815943257,38.94491815943257,500
2022-08-31,38.77754211425781,38.77754211425781,38.77754211425781,38.77754211425781,100
2022-09-01,38.59447479248047,38.59447479248047,38.59447479248047,38.59447479248047,100
2022-09-02,38.62753677368164,38.78433305498068,38.62753677368164,38.757210469999805,400
2022-09-06,38.17070770263672,38.49531545456496,38.17070770263672,38.49531545456496,1000
2022-09-07,38.612281799316406,38.621606097720324,38.612281799316406,38.621606097720324,300
2022-09-08,38.52329635620117,38.5546575589051,38.52329635620117,38.5546575589051,1300
2022-09-09,38.60549545288086,38.63939787194491,38.60549545288086,38.63939787194491,300
2022-09-12,38.5215950012207,38.71568201230023,38.5215950012207,38.71568201230023,600
2022-09-13,38.269859313964844,38.32495153889884,38.17408807646515,38.17408807646515,300
2022-09-14,38.427513122558594,38.427513122558594,38.40293499999393,38.40293499999393,400
2022-09-15,38.256309509277344,38.25885073580115,38.14782241512166,38.25885073580115,800
2022-09-16,38.208003997802734,38.208003997802734,38.14782606674,38.172407424386265,1300
2022-09-19,38.185970306396484,38.20716013035298,37.74948709104362,38.03765123804064,73700
2022-09-20,37.89610290527344,37.97831448814499,37.89355844579098,37.97831448814499,600
2022-09-21,38.010528564453125,38.02917392827335,37.96984630106664,38.02069993857805,400
2022-09-22,37.57913589477539,37.60540817602875,37.512178111763184,37.512178111763184,300
2022-09-23,37.478275299072266,37.520651715163844,37.34266882771122,37.42826873558035,4400
2022-09-26,36.934993743896484,37.317234975152864,36.934993743896484,37.30876098640983,6700
2022-09-27,36.48665237426758,36.78329376959006,36.48665237426758,36.78329376959006,400
2022-09-28,37.08670425415039,37.08670425415039,36.84261393487757,36.84261393487757,5200
2022-09-29,36.85194396972656,36.85194396972656,36.57140993435394,36.57140993435394,2700
2022-09-30,36.80870819091797,37.03754466320445,36.80870819091797,36.91888943308091,6600
2022-10-03,37.33066177368164,37.44627152608974,37.30175852487478,37.383367316468345,600
2022-10-04,37.510040283203125,37.62480045269605,37.49728951357284,37.62480045269605,38100
2022-10-05,37.26095962524414,37.26095962524414,37.089242587229144,37.089242587229144,1500
2022-10-06,37.19636154174805,37.26861806975051,37.14025426019798,37.14025426019798,400
2022-10-07,36.87926483154297,36.91071693658191,36.86821330314079,36.91071693658191,800
2022-10-10,36.59619903564453,36.59619903564453,36.58769960309317,36.58769960309317,300
2022-10-11,36.58089065551758,36.74920597088866,36.545187210267976,36.74920597088866,200
2022-10-12,36.52818298339844,36.52818298339844,36.41767093617367,36.494178777664736,400
2022-10-13,36.57664108276367,36.57664108276367,36.57664108276367,36.57664108276367,100
2022-10-14,36.257015228271484,36.749213754264325,36.257015228271484,36.749213754264325,400
2022-10-17,36.39812469482422,36.48483121501807,36.392174120190525,36.48483121501807,600
2022-10-18,36.59535217285156,36.59535217285156,36.3751808578815,36.3751808578815,300
2022-10-19,36.161800384521484,36.161800384521484,36.161800384521484,36.161800384521484,100
2022-10-20,35.90933609008789,35.90933609008789,35.90933609008789,35.90933609008789,100
2022-10-21,36.003684997558594,36.003684997558594,35.75461047686882,35.77926239471961,1400
2022-10-24,35.977325439453125,35.977325439453125,35.975626202002296,35.975626202002296,300
2022-10-25,36.38961410522461,36.38961410522461,36.38961410522461,36.38961410522461,100
2022-10-26,36.516292572021484,36.516292572021484,36.51034199640951,36.51034199640951,300
2022-10-27,36.660797119140625,36.742405920834244,36.65569616368231,36.65569616368231,1200
2022-10-28,36.708404541015625,36.72370740856952,36.655698987645536,36.72370740856952,1000
2022-10-31,36.53242111206055,36.53242111206055,36.53242111206055,36.53242111206055,100
2022-11-01,36.76435089111328,36.76435089111328,36.70807209306334,36.70807209306334,200
2022-11-02,36.76777648925781,37.0406354305234,36.76777648925781,37.02358134010241,700
2022-11-03,36.50685501098633,36.50685501098633,36.32437982186538,36.32437982186538,800
2022-11-04,36.55118942260742,36.55118942260742,36.52901878400166,36.52901878400166,400
2022-11-07,36.447166442871094,36.546078863632395,36.447166442871094,36.546078863632395,200
2022-11-08,36.575069427490234,36.65692775589554,36.52902371117038,36.52902371117038,3000
2022-11-09,36.51877975463867,36.51877975463867,36.470177403070885,36.470177403070885,800
2022-11-10,37.535194396972656,37.535194396972656,37.535194396972656,37.535194396972656,100
2022-11-11,37.591461181640625,37.591461181640625,37.591461181640625,37.591461181640625,0
2022-11-14,37.446502685546875,37.524948873548254,37.446502685546875,37.524948873548254,400
2022-11-15,37.88479995727539,37.88479995727539,37.82511225938499,37.82511225938499,400
2022-11-16,38.146575927734375,38.146575927734375,37.995652240399636,37.995652240399636,500
2022-11-17,37.98881530761719,37.98881530761719,37.825101917906984,37.83362733553092,91400
2022-11-18,37.970062255859375,37.99478954853867,37.953008165420336,37.961536837007436,600
2022-11-21,37.93083953857422,38.08005875913154,37.93083953857422,38.08005875913154,23100
2022-11-22,38.217342376708984,38.23439646745529,38.11331665171227,38.11331665171227,3100
2022-11-23,38.50298309326172,38.50298309326172,38.39639748775254,38.49019334103814,9000
2022-11-25,38.56694412231445,38.76306129196649,38.5072564294958,38.7460072007704,16800
2022-11-28,38.345245361328125,38.754533769617154,38.327339054454264,38.754533769617154,10600
2022-11-29,38.174705505371094,38.39640216060755,38.174705505371094,38.39640216060755,6300
2022-11-30,38.5302848815918,38.5302848815918,38.13122949844436,38.174715323027215,6600
2022-12-01,38.994529724121094,38.994529724121094,38.72094416296018,38.72094416296018,400
2022-12-02,39.1826057434082,39.1826057434082,39.161230554833956,39.161230554833956,200
2022-12-05,38.89021301269531,38.89021301269531,38.85687175883086,38.883373864758916,700
2022-12-06,39.01588439941406,39.050083394779186,38.993657987682866,38.993657987682866,1200
2022-12-07,39.37497329711914,39.37497329711914,39.25869799980891,39.25869799980891,600
2022-12-08,39.29460906982422,39.370700710557266,39.27238265297129,39.370700710557266,1100
2022-12-09,39.07230758666992,39.15694731613862,39.07230758666992,39.147544713639455,4300
2022-12-12,38.98939514160156,39.293758473263296,38.98939514160156,39.293758473263296,1600
2022-12-13,39.26810836791992,39.7981798916186,39.26810836791992,39.7981798916186,3600
2022-12-14,39.33479690551758,39.33479690551758,39.22536399720573,39.22536399720573,300
2022-12-15,39.37411880493164,39.421996101134866,39.33735634697505,39.370697600318756,7900
2022-12-16,39.23989486694336,39.23989486694336,39.0629184394855,39.0629184394855,300
2022-12-19,38.915863037109375,39.02871712906497,38.85772538883609,39.02871712906497,2000
2022-12-20,38.531986236572266,38.531986236572266,38.498641722639746,38.498641722639746,500
2022-12-21,38.75341033935547,38.75341033935547,38.66107697377987,38.66107697377987,2900
2022-12-22,38.793609619140625,38.797885310251175,38.72863281212655,38.797885310251175,4100
2022-12-23,38.64398193359375,38.789322775597746,38.61833105570215,38.61833105570215,9900
2022-12-27,38.24215316772461,38.44135922930546,38.24215316772461,38.44135922930546,3300
2022-12-28,38.15922927856445,38.378952821401974,38.15922927856445,38.37809833552194,700
2022-12-29,38.3702392578125,38.388253778813734,38.28960096053501,38.28960096053501,2900
2022-12-30,38.17123794555664,38.28532995908026,38.101751933362166,38.28532995908026,4000
2023-01-03,38.365108489990234,38.62846421250168,38.36253638832402,38.62846421250168,400
2023-01-04,38.60100555419922,38.60100555419922,38.55982903125453,38.55982903125453,400
2023-01-05,38.591575622558594,38.591575622558594,38.568413619286126,38.576993835813454,1200
2023-01-06,39.138877868652344,39.138877868652344,38.774297195039566,38.774297195039566,200
2023-01-09,39.23667907714844,39.299302893015074,39.065971339336926,39.065971339336926,1300
2023-01-10,39.15260314941406,39.15260314941406,39.08312040881369,39.08312040881369,200
2023-01-11,39.40309143066406,39.41767649032712,39.30615657822091,39.41767649032712,7400
2023-01-12,39.81227493286133,39.93237176995337,39.572081258677244,39.572081258677244,17400
2023-01-13,39.67673873901367,39.67673873901367,39.67673873901367,39.67673873901367,100
2023-01-17,39.56608200073242,39.63985484753089,39.56608200073242,39.62355505379849,1100
2023-01-18,39.985572814941406,40.11253190805803,39.97442049416038,40.11253190805803,1100
2023-01-19,39.88862991333008,39.88862991333008,39.83715842909982,39.85517295772132,600
2023-01-20,39.726505279541016,39.743662443595866,39.63214251343658,39.726505279541016,4800
2023-01-23,39.61412048339844,39.66644933300112,39.60639763397924,39.66558869342601,1100
2023-01-24,39.735931396484375,39.846593936474,39.58924307352329,39.58924307352329,1800
2023-01-25,39.82170867919922,39.83800519666796,39.7350655279904,39.83800519666796,400
2023-01-26,39.823429107666016,39.87232521185021,39.725633626904084,39.725633626904084,600
2023-01-27,39.72736358642578,39.72736358642578,39.717926000634364,39.717926000634364,500
2023-01-30,39.60896301269531,39.649282166797946,39.60896301269531,39.649282166797946,500
2023-01-31,39.835445404052734,39.835445404052734,39.76939212960616,39.77024949685436,600
2023-02-01,40.18045425415039,40.18045425415039,40.18045425415039,40.18045425415039,100
2023-02-02,40.220882415771484,40.265620393062285,40.20539429935777,40.265620393062285,1200
2023-02-03,39.856956481933594,39.90427746917118,39.852653678890974,39.88706953907778,3200
2023-02-06,39.5850830078125,39.62724129551056,39.5850830078125,39.611756453053616,2200
2023-02-07,39.51538848876953,39.703809256455884,39.51538848876953,39.53431622775204,1900
2023-02-08,39.536033630371094,39.560124075260575,39.43967185081317,39.560124075260575,1600
2023-02-09,39.289100646972656,39.56011811112033,39.275332336199426,39.56011811112033,2500
2023-02-10,39.07228469848633,39.224573051576606,39.07228469848633,39.224573051576606,1800
2023-02-13,39.15230941772461,39.15230941772461,39.10412852413416,39.10412852413416,800
2023-02-14,39.10928726196289,39.10928726196289,38.90537838913212,39.051640863520966,2500
2023-02-15,38.942378997802734,39.0352978885694,38.9174286460805,39.0352978885694,3100
2023-02-16,38.7135009765625,38.811585817776404,38.7135009765625,38.811585817776404,1000
2023-02-17,38.83826446533203,38.83826446533203,38.83826446533203,38.83826446533203,100
2023-02-21,38.409793853759766,38.51045513265655,38.39000293391146,38.50615561275585,2100
2023-02-22,38.49068069458008,38.53628187777581,38.49068069458008,38.53628187777581,200
2023-02-23,38.70059585571289,38.70059585571289,38.70059585571289,38.70059585571289,100
2023-02-24,38.491539001464844,38.491539001464844,38.491539001464844,38.491539001464844,100
2023-02-27,38.48033905029297,38.48033905029297,38.48033905029297,38.48033905029297,200
2023-02-28,38.493255615234375,38.493255615234375,38.493255615234375,38.493255615234375,100
2023-03-01,38.29205322265625,38.40949038944369,38.262693107439944,38.40949038944369,4300
2023-03-02,38.27650451660156,38.27650451660156,38.15906406786508,38.15906406786508,4000
2023-03-03,38.6590576171875,38.85853053764403,38.52175713337033,38.52175713337033,800
2023-03-06,38.54764938354492,38.62536655141809,38.54764938354492,38.62536655141809,300
2023-03-07,38.45440673828125,38.60811174726975,38.45440673828125,38.60811174726975,2200
2023-03-08,38.39653778076172,38.582195296861606,38.39653778076172,38.582195296861606,2400
2023-03-09,38.420719146728516,38.500162425701575,38.4181300014255,38.44317158233329,3100
2023-03-10,38.82485580444336,38.82485580444336,38.815358975315924,38.815358975315924,300
2023-03-13,38.8801155090332,39.00532341663546,38.8801155090332,39.00532341663546,200
2023-03-14,38.779937744140625,38.9189642800654,38.779937744140625,38.9189642800654,400
2023-03-15,39.05195617675781,39.05713776180624,38.93624509093716,38.98805764734315,800
2023-03-16,38.97682571411133,38.97682571411133,38.97682571411133,38.97682571411133,0
2023-03-17,39.18148422241211,39.18148422241211,39.18148422241211,39.18148422241211,100
2023-03-20,39.032958984375,39.039866666370436,39.02259581434274,39.0234621569106,3900
2023-03-21,39.1719856262207,39.1719856262207,39.09167929352023,39.09167929352023,100
2023-03-22,39.39476776123047,39.39476776123047,39.39476776123047,39.39476776123047,100
2023-03-23,39.48372268676758,39.55798768992896,39.48372268676758,39.55798768992896,1400
2023-03-24,39.60028076171875,39.60028076171875,39.575239188070235,39.583872963988775,5100
2023-03-27,39.17802810668945,39.37663795333699,39.17802810668945,39.37663795333699,100
2023-03-28,39.1279411315918,39.1279411315918,39.1279411315918,39.1279411315918,100
2023-03-29,39.25833511352539,39.25833511352539,39.16507318256063,39.16939171856991,1200
2023-03-30,39.315330505371094,39.33346440581612,39.315330505371094,39.32483062687581,2800
2023-03-31,39.62792205810547,39.62792205810547,39.324827360709335,39.324827360709335,1000
2023-04-03,39.82807540893555,39.82807540893555,39.75356041583579,39.75356041583579,300
2023-04-04,39.89220428466797,39.89220428466797,39.85754475682134,39.85754475682134,600
2023-04-05,40.00571060180664,40.00571060180664,40.00571060180664,40.00571060180664,200
2023-04-06,39.97797393798828,40.03949243627575,39.97797393798828,40.03949243627575,800
2023-04-10,39.82374572753906,39.82374572753906,39.80641927132049,39.80641927132049,400
2023-04-11,39.803802490234375,39.81420100416774,39.788204719334324,39.788204719334324,900
2023-04-12,39.7440299987793,39.79688527370176,39.7440299987793,39.79688527370176,1400
2023-04-13,39.80642318725586,39.81422042385267,39.796890660615254,39.81422042385267,500
2023-04-14,39.69290542602539,39.736228170590394,39.62358639047054,39.69290542602539,19600
2023-04-17,39.47196578979492,39.47196578979492,39.45030275900634,39.45030275900634,200
2023-04-18,39.57160949707031,39.57160949707031,39.52655475411137,39.52655475411137,400
2023-04-19,39.410430908203125,39.45028637307226,39.398300409275464,39.45028637307226,28000
2023-04-20,39.55427551269531,39.571601968396074,39.519615990665905,39.519615990665905,800
2023-04-21,39.56467819213867,39.58893920107528,39.562946207304506,39.562946207304506,10300
2023-04-24,39.72237777709961,39.72237777709961,39.72237777709961,39.72237777709961,300
2023-04-25,39.92253112792969,39.96152061834038,39.88353833220445,39.90953463112613,46500
2023-04-26,39.7440299987793,39.93552005552108,39.7440299987793,39.90952706684056,8700
2023-04-27,39.6019287109375,39.701570698038715,39.6019287109375,39.639186207076456,3100
2023-04-28,39.86878967285156,39.86878967285156,39.81420243071465,39.842796692399574,500
2023-05-01,39.349735260009766,39.473199516887114,39.349735260009766,39.473199516887114,600
2023-05-02,39.73576354980469,39.73576354980469,39.62969210673227,39.62969210673227,700
2023-05-03,39.78708267211914,39.80359985569602,39.77751729914008,39.79490677574522,900
2023-05-04,39.72968292236328,39.78619621368144,39.72533472558424,39.76967903598531,2900
2023-05-05,39.56970977783203,39.612312824535124,39.52102058159993,39.612312824535124,8700
2023-05-08,39.334964752197266,39.41147446634024,39.316706299953594,39.40451933930027,1400
2023-05-09,39.32538986206055,39.33408625628335,39.32538986206055,39.33408625628335,200
2023-05-10,39.5844841003418,39.5844841003418,39.52710183333678,39.52710183333678,500
2023-05-11,39.71143341064453,39.71143341064453,39.71143341064453,39.71143341064453,300
2023-05-12,39.509727478027344,39.59927847518649,39.509727478027344,39.59927847518649,1400
2023-05-15,39.32452392578125,39.34278237501741,39.32452392578125,39.32539290193018,900
2023-05-16,39.17150115966797,39.20366986065471,39.17150115966797,39.20366986065471,300
2023-05-17,39.143672943115234,39.19497238040576,39.143672943115234,39.17758290929215,4100
2023-05-18,39.03152084350586,39.06021364316823,39.012393415965356,39.01326239221221,4900
2023-05-19,38.95588684082031,39.05326526454591,38.95588684082031,38.96892812018302,2300
2023-05-22,38.94544219970703,38.98630729649477,38.94544219970703,38.98630729649477,600
2023-05-23,39.02195739746094,39.0245643261086,38.92544797024763,38.92544797024763,1100
2023-05-24,38.911537170410156,38.960226371440335,38.89936487015261,38.960226371440335,700
2023-05-25,38.75938415527344,38.821117955926134,38.75938415527344,38.821117955926134,1600
2023-05-26,38.87763214111328,38.87763214111328,38.75156092478784,38.76025732133635,24900
2023-05-30,39.11237716674805,39.11237716674805,39.05586055075281,39.05586055075281,500
2023-05-31,39.253231048583984,39.253231048583984,39.125421894268825,39.125421894268825,800
2023-06-01,39.36845397949219,39.36845397949219,39.36845397949219,39.36845397949219,200
2023-06-02,39.25846862792969,39.25846862792969,39.24712005731652,39.247992511982204,900
2023-06-05,39.1868896484375,39.2471223236442,39.151099025199905,39.151099025199905,500
2023-06-06,39.22964859008789,39.22964859008789,39.12926305554966,39.15108440524212,2400
2023-06-07,38.94245910644531,39.01141964104467,38.94245910644531,39.00269176615042,2000
2023-06-08,39.1694221496582,39.1694221496582,39.140617830296634,39.140617830296634,1000
2023-06-09,39.07515335083008,39.116182030081866,39.07515335083008,39.116182030081866,1200
2023-06-12,39.167667388916016,39.167667388916016,39.01141148813492,39.01141148813492,1000
2023-06-13,39.045475006103516,39.1327670965583,39.045475006103516,39.1327670965583,1600
2023-06-14,39.13624572753906,39.15108411201966,38.99395574350494,38.99395574350494,2400
2023-06-15,39.399009704589844,39.399009704589844,39.26457842895888,39.26457842895888,2500
2023-06-16,39.33876419067383,39.33876419067383,39.281152232775185,39.281152232775185,1300
2023-06-20,39.46361541748047,39.47409153521287,39.38679610407654,39.38679610407654,4200
2023-06-21,39.43131637573242,39.456630884264996,39.27243969635889,39.456630884264996,3900
2023-06-22,39.26806640625,39.282032338767905,39.247114177494005,39.282032338767905,400
2023-06-23,39.360595703125,39.360595703125,39.30647355329032,39.334408747713695,93500
2023-06-26,39.39726638793945,39.43043631587337,39.39726638793945,39.43043631587337,3000
2023-06-27,39.32916259765625,39.32916259765625,39.32916259765625,39.32916259765625,100
2023-06-28,39.48193359375,39.48193359375,39.350992156359744,39.37892735086325,1300
2023-06-29,39.23838806152344,39.23838806152344,39.17641048696978,39.17641048696978,1000
2023-06-30,39.44003677368164,39.44003677368164,39.32568194960258,39.32568194960258,100
2023-07-03,39.39011001586914,39.4680640190263,39.39011001586914,39.467188619393745,5800
2023-07-05,39.147491455078125,39.23070119892176,39.1431111156074,39.23070119892176,700
2023-07-06,38.844425201416016,38.844425201416016,38.78398923033619,38.78486462974037,2100
2023-07-07,38.813785552978516,38.827801972893994,38.740211877999045,38.740211877999045,1200
2023-07-10,38.98808288574219,39.01173204180612,38.91538461820348,38.91538461820348,5800
2023-07-11,39.12208938598633,39.143109000113746,39.05552226275306,39.05552226275306,4900
2023-07-12,39.42778396606445,39.42778396606445,39.405888945083014,39.405888945083014,500
2023-07-13,39.65199661254883,39.65199661254883,39.554773797654974,39.554773797654974,300
2023-07-14,39.409385681152344,39.50047737707036,39.409385681152344,39.50047737707036,700
2023-07-17,39.46281051635742,39.49346621133401,39.46281051635742,39.49346621133401,1900
2023-07-18,39.562660217285156,39.562660217285156,39.562660217285156,39.562660217285156,200
2023-07-19,39.727325439453125,39.727325439453125,39.64236489203186,39.65988290957668,3400
2023-07-20,39.504859924316406,39.504859924316406,39.4234009626997,39.475955023703364,4700
2023-07-21,39.57842254638672,39.58980942348361,39.55477339260392,39.58104874515379,900
2023-07-24,39.53550720214844,39.62484808445569,39.53550720214844,39.62396934358854,1900
2023-07-25,39.4715576171875,39.4715576171875,39.46718061991188,39.46718061991188,300
2023-07-26,39.63010025024414,39.63010025024414,39.54601844875212,39.56353312403212,1000
2023-07-27,39.24296951293945,39.4321594442922,39.20442853386462,39.4321594442922,3700
2023-07-28,39.45842361450195,39.45842361450195,39.362076205964485,39.362076205964485,7400
2023-07-31,39.528499603271484,39.55214875798953,39.51711272572428,39.53638154110419,2900
2023-08-01,39.23658752441406,39.24098471986098,39.20581386444036,39.24098471986098,4300
2023-08-02,39.038761138916016,39.04755217658968,38.942042954117156,39.04755217658968,800
2023-08-03,38.77674102783203,38.81894538446437,38.70464177883189,38.81894538446437,11400
2023-08-04,39.12405776977539,39.13548511519829,38.89809014767778,38.89809014767778,600
2023-08-07,39.045799255371094,39.045799255371094,39.0123859292905,39.03876575358521,600
2023-08-08,39.17063903808594,39.21460092586638,39.14426257623308,39.21460092586638,2200
2023-08-09,39.19350814819336,39.240988472143606,39.19350814819336,39.240988472143606,13500
2023-08-10,38.977203369140625,39.205807182257,38.977203369140625,39.204928414132866,1700
2023-08-11,38.869056701660156,38.96401397555698,38.869056701660156,38.95082574479995,2000
2023-08-14,38.84268569946289,38.89808164773494,38.79256906958393,38.79256906958393,2100
2023-08-15,38.70024108886719,38.70024108886719,38.70024108886719,38.70024108886719,200
2023-08-16,38.55165481567383,38.68705893161682,38.55165481567383,38.68705893161682,1200
2023-08-17,38.46195602416992,38.59032659212964,38.41447571794784,38.59032659212964,2900
2023-08-18,38.577144622802734,38.60000601159329,38.570111123346486,38.60000601159329,1000
2023-08-21,38.43647766113281,38.44087485756932,38.361742092102816,38.361742092102816,24200
2023-08-22,38.491851806640625,38.546365612451055,38.484818308161294,38.546365612451055,10500
2023-08-23,38.92885208129883,38.92885208129883,38.83301267135721,38.83652774455728,2000
2023-08-24,38.818939208984375,38.85850390036451,38.810144819293065,38.85850390036451,2300
2023-08-25,38.82509994506836,38.915660035987756,38.80135978493771,38.810150821911776,1600
2023-08-28,38.93500900268555,38.93500900268555,38.88928621589391,38.898080607543534,1900
2023-08-29,39.18558120727539,39.197011899804174,38.91564848895848,38.91564848895848,5900
2023-08-30,39.14865493774414,39.214596084234856,39.14865493774414,39.214596084234856,400
2023-08-31,39.214595794677734,39.26735206555739,39.214595794677734,39.26735206555739,200
2023-09-01,38.99745559692383,38.99833782678193,38.99745559692383,38.99833782678193,600
2023-09-05,38.78208541870117,38.821805978099704,38.78208541870117,38.821805978099704,2600
2023-09-06,38.680564880371094,38.821799123223094,38.680564880371094,38.821799123223094,2900
2023-09-07,38.86771011352539,38.86771011352539,38.786497797324664,38.786497797324664,275800
2023-09-08,38.901241302490234,38.91889600271743,38.901241302490234,38.91889600271743,1300
2023-09-11,38.82532501220703,38.848273089512425,38.82532501220703,38.848273089512425,2000
2023-09-12,38.82180404663086,38.83063308202942,38.77325445380996,38.77325445380996,1100
2023-09-13,38.88447952270508,38.91449218461373,38.81298183951127,38.81298183951127,5100
2023-09-14,38.84650421142578,38.92771312080591,38.83061734181283,38.90123275992499,2700
2023-09-15,38.78472137451172,38.812969567167634,38.751179802566845,38.751179802566845,2200
2023-09-18,38.85092544555664,38.85092544555664,38.77765995831369,38.78737122153681,900
2023-09-19,38.750301361083984,38.80414769940505,38.750301361083984,38.79532203167073,4700
2023-09-20,38.72470474243164,38.88535816637351,38.72470474243164,38.85976002491876,4000
2023-09-21,38.46341323852539,38.46341323852539,38.43428281701804,38.43428281701804,300
2023-09-22,38.64437484741211,38.64437484741211,38.64437484741211,38.64437484741211,200
2023-09-25,38.36014175415039,38.452826413846694,38.36014175415039,38.43340725190414,600
2023-09-26,38.25422286987305,38.31865934305304,38.24804389159727,38.30983367435505,5500
2023-09-27,38.10768508911133,38.10768508911133,38.04236303009175,38.04236303009175,400
2023-09-28,38.172115325927734,38.172115325927734,38.125333573364976,38.125333573364976,600
2023-09-29,38.13328170776367,38.230380878793326,38.13328170776367,38.230380878793326,600
2023-10-02,37.854862213134766,37.95682568020056,37.851314157772464,37.95682568020056,700
2023-10-03,37.504638671875,37.61192254716817,37.504638671875,37.594192414620274,1400
2023-10-04,37.794586181640625,37.794586181640625,37.700601568383306,37.700601568383306,800
2023-10-05,37.73606491088867,37.753798429405215,37.727196460468996,37.753798429405215,900
2023-10-06,37.64738464355469,37.68817206064311,37.52325343805296,37.52325343805296,700
2023-10-09,38.03486633300781,38.03486633300781,37.842462898388234,37.842462898388234,300
2023-10-10,38.02421951293945,38.081854284949394,37.97634274076805,38.081854284949394,700
2023-10-11,38.20953369140625,38.20953369140625,38.0960398662323,38.15721931220895,400
2023-10-12,37.89388656616211,38.04639211588552,37.83359328111765,38.04639211588552,1000
2023-10-13,38.064125061035156,38.064125061035156,38.064125061035156,38.064125061035156,100
2023-10-16,37.85663986206055,37.88855883551404,37.84511290841749,37.88855883551404,1100
2023-10-17,37.602176666259766,37.68286197189686,37.602176666259766,37.68286197189686,400
2023-10-18,37.3264274597168,37.43016668011302,37.3264274597168,37.416867387145786,20700
2023-10-19,37.15973663330078,37.29450866539762,37.13313804723418,37.29450866539762,17800
2023-10-20,37.288299560546875,37.288299560546875,37.24396745935122,37.24396745935122,700
2023-10-23,37.4940071105957,37.56759969336624,37.354804227219276,37.354804227219276,3800
2023-10-24,37.69172668457031,37.69172668457031,37.57646389607255,37.57646389607255,69500
2023-10-25,37.397369384765625,37.49489868111234,37.397369384765625,37.46032118860142,33800
2023-10-26,37.59418869018555,37.59418869018555,37.58532024246807,37.58532024246807,2600
2023-10-27,37.549861907958984,37.58532894239492,37.536562615626146,37.567595425176954,1700
2023-10-30,37.45943069458008,37.46120303185716,37.41687092366869,37.46120303185716,400
2023-10-31,37.416866302490234,37.54897644210082,37.416866302490234,37.54897644210082,1500
2023-11-01,37.849388122558594,37.849388122558594,37.68118517207403,37.69097621676467,1500
2023-11-02,38.191131591796875,38.191131591796875,38.11281681960626,38.13061655736399,1900
2023-11-03,38.33887481689453,38.66015285514369,38.33887481689453,38.66015285514369,6300
2023-11-06,38.168880462646484,38.168880462646484,38.12705125305052,38.12705125305052,700
2023-11-07,38.397605895996094,38.42875458838435,38.259662171841356,38.259662171841356,1200
2023-11-08,38.53911209106445,38.58004843375383,38.42875575042248,38.42875575042248,1100
2023-11-09,38.26411437988281,38.695748739455794,38.22406751103333,38.695748739455794,2600
2023-11-10,38.41096496582031,38.437662882054404,38.39316522334634,38.42876470829429,1500
2023-11-13,38.404727935791016,38.404727935791016,38.404727935791016,38.404727935791016,0
2023-11-14,38.89154052734375,38.97163765596457,38.89154052734375,38.962736088921645,1100
2023-11-15,38.73222732543945,38.7402360180741,38.66103177934313,38.700189159948486,700
2023-11-16,38.90043640136719,38.95383561561085,38.90043640136719,38.95294613794972,2400
2023-11-17,39.071311950683594,39.140728554118574,38.9894358698384,39.140728554118574,1800
2023-11-20,39.19145202636719,39.19145202636719,39.03570857429782,39.03570857429782,600
2023-11-21,39.2021369934082,39.2021369934082,39.16742699374503,39.16742699374503,4000
2023-11-22,39.32672882080078,39.32672882080078,39.27866986947115,39.292022218692644,900
2023-11-24,39.18523406982422,39.22528433808518,39.18523406982422,39.22528433808518,700
2023-11-27,39.42729568481445,39.42729568481445,39.27422404847554,39.28312222002549,2000
2023-11-28,39.58660125732422,39.674710471715024,39.38101988031828,39.38101988031828,303400
2023-11-29,39.817115783691406,39.817115783691406,39.76371655396677,39.817115783691406,67900
2023-11-30,39.67115020751953,39.78150655160988,39.62131229663396,39.71030759608589,103600
2023-12-01,40.05293273925781,40.168002341361536,39.802271155990525,39.802271155990525,103100
2023-12-04,39.87363815307617,39.99852148437852,39.82903744944184,39.98068052236167,11500
2023-12-05,40.17692947387695,40.328572553485536,40.052046137066185,40.08772465985803,22900
2023-12-06,40.31965255737305,40.37317204135443,40.27505185311669,40.31965255737305,41800
2023-12-07,40.31965255737305,40.328571337098076,40.27059076184637,40.27059076184637,1100
2023-12-08,40.135005950927734,40.135005950927734,40.11449037365702,40.132331337603006,65200
2023-12-11,40.12340545654297,40.12340545654297,40.02528186529085,40.096645714498074,1200
2023-12-12,40.290218353271484,40.290218353271484,40.15016865868159,40.15016865868159,700
2023-12-13,40.865570068359375,40.865570068359375,40.43828875152661,40.43828875152661,900
2023-12-14,41.226837158203125,41.226837158203125,41.14031037544404,41.16707351632811,1000
2023-12-15,41.18492126464844,41.18492126464844,41.16708370339852,41.17600248402348,10000
2023-12-18,41.00918960571289,41.03327473504229,40.939612233658885,41.03327473504229,36500
2023-12-19,41.06627655029297,41.16707815381728,41.024353863346356,41.060032383852466,2400
2023-12-20,41.21079635620117,41.256288606582345,41.11356428481276,41.11356428481276,1100
2023-12-21,41.261634826660156,41.300882903134436,41.15815860353666,41.27947578946184,14600
2023-12-22,41.18402862548828,41.18402862548828,41.18402862548828,41.18402862548828,100
2023-12-26,41.24468231201172,41.24468231201172,41.24468231201172,41.24468231201172,200
2023-12-27,41.54441452026367,41.54441452026367,41.372252438249916,41.372252438249916,700
2023-12-28,41.4736213684082,41.50946027080957,41.4736213684082,41.50946027080957,17800
2023-12-29,41.38492965698242,41.38672057705524,41.3750727610091,41.3750727610091,300
2024-01-02,41.17795944213867,41.285476159504526,41.151081971690296,41.1690014245846,7400
2024-01-03,41.106285095214844,41.106285095214844,40.85541617219466,40.927093983853624,2200
2024-01-04,40.90469741821289,40.90469741821289,40.82854229995329,40.865276668998,1200
2024-01-05,40.76582717895508,40.84735847786318,40.76582717895508,40.84735847786318,400
2024-01-08,41.03998947143555,41.05253274853418,40.98981636304099,40.99877438191716,4400
2024-01-09,41.054325103759766,41.054325103759766,40.97189833962853,40.97189833962853,1300
2024-01-10,40.97906494140625,41.05253368545693,40.8643845246833,41.05253368545693,2100
2024-01-11,41.20573043823242,41.20573043823242,40.99876300574669,41.034601906880276,5600
2024-01-12,41.258602142333984,41.3302799658482,41.22276323057688,41.3302799658482,1100
2024-01-16,40.95576858520508,41.15108482505956,40.8643803944432,41.15108482505956,2800
2024-01-17,40.91902160644531,40.95396162612583,40.79717072298155,40.828528903610405,1200
2024-01-18,40.824058532714844,40.8912556276017,40.756864855614204,40.82853925045029,215400
2024-01-19,40.859004974365234,40.859004974365234,40.770306579861035,40.770306579861035,700
2024-01-22,40.94949722290039,41.05252981264794,40.94949722290039,41.05252981264794,800
2024-01-23,40.84377670288086,40.84377670288086,40.84377670288086,40.84377670288086,100
2024-01-24,40.75686264038086,40.79449246462643,40.75686264038086,40.79449246462643,900
2024-01-25,40.985321044921875,40.985321044921875,40.89124650019331,40.929771777874706,2200
2024-01-26,40.92531204223633,40.99877737218182,40.90918350573888,40.99877737218182,13100
2024-01-29,41.072235107421875,41.072235107421875,41.072235107421875,41.072235107421875,100
2024-01-30,41.151084899902344,41.151084899902344,41.151084899902344,41.151084899902344,200
2024-01-31,41.22185516357422,41.31234787541752,41.22185516357422,41.26755095831475,76700
2024-02-01,41.52607727050781,41.563878814208266,41.45767398666183,41.45767398666183,1200
2024-02-02,41.233558654785156,41.233558654785156,41.12285267513996,41.12285267513996,2600
2024-02-05,40.90144729614258,41.005853027256656,40.862746207612275,41.005853027256656,2600
2024-02-06,41.01845932006836,41.13186396292174,40.94285622483277,40.94285622483277,18800
2024-02-07,40.96895217895508,41.08685797370775,40.96084939582074,41.08685797370775,129800
2024-02-08,40.815040588378906,40.92484702438073,40.80064098258216,40.92484702438073,900
2024-02-09,40.70974349975586,40.76284763605222,40.59183769096596,40.740345243262,441100
2024-02-12,40.76462936401367,40.8042299877371,40.71782893901158,40.762830272039416,42300
2024-02-13,40.4388427734375,40.53784783368177,40.402840309097044,40.528845500904666,56400
2024-02-14,40.546836853027344,40.546836853027344,40.53783795582698,40.546836853027344,700
2024-02-15,40.69984436035156,40.753844608711766,40.609838224112835,40.62783945136058,43700
2024-02-16,40.58283615112305,40.58283615112305,40.58283615112305,40.58283615112305,100
2024-02-20,40.61884307861328,40.71784811793685,40.60084185024688,40.71784811793685,4100
2024-02-21,40.528831481933594,40.65483663015589,40.3938274374309,40.65483663015589,38800
2024-02-22,40.6197395324707,40.70884268772482,40.60983765593892,40.70884268772482,2500
2024-02-23,40.744842529296875,40.744842529296875,40.744842529296875,40.744842529296875,200
2024-02-26,40.61343765258789,40.67283860925716,40.528832232424655,40.627837260256285,3600
2024-02-27,40.60894012451172,40.60894012451172,40.60894012451172,40.60894012451172,300
2024-02-28,40.607139587402344,40.607139587402344,40.59183699921851,40.59183699921851,300
2024-02-29,40.63772964477539,40.75383289207683,40.573827538116575,40.75383289207683,8100
2024-03-01,40.86753845214844,40.86753845214844,40.808730969659045,40.808730969659045,1100
2024-03-04,40.778865814208984,40.84038949449855,40.740866503091056,40.740866503091056,1100
2024-03-05,40.959835052490234,40.97612195810796,40.91278974406148,40.97612195810796,2400
2024-03-06,41.056644439697266,41.07564410349891,41.04307029297031,41.06659467234761,1300
2024-03-07,41.157066345214844,41.157066345214844,41.03944791505549,41.13897093662523,2100
2024-03-08,41.13987350463867,41.15706465979676,41.1299198223508,41.15706465979676,1800
2024-03-11,41.2086296081543,41.229437771516466,41.12086878911743,41.20229638875314,11200
2024-03-12,41.098262786865234,41.16611971842873,41.077454616355276,41.107312218458716,6500
2024-03-13,41.084693908691406,41.10278932133213,40.99422029683484,41.075647928044575,27200
2024-03-14,40.792449951171875,40.930876540072006,40.74087648657792,40.930876540072006,1100
2024-03-15,40.831356048583984,40.867543414554554,40.75897441395024,40.75897441395024,2500
2024-03-18,40.73635482788086,40.78611633529568,40.72278068384823,40.783400125950735,2800
2024-03-19,40.87387466430664,40.89468628150088,40.83135407992304,40.85849546592893,2600
2024-03-20,40.930877685546875,40.937210905795716,40.82682995211813,40.82682995211813,1400
2024-03-21,40.99421310424805,41.03944990223936,40.95802228531641,40.95802228531641,1900
2024-03-22,41.0919189453125,41.19325046435074,41.07563549480765,41.19325046435074,900
2024-03-25,41.002357482910156,41.084689357930344,41.00145323008034,41.04849853665758,3500
2024-03-26,40.92182159423828,41.01229861974033,40.92182159423828,40.95348769032759,1200
2024-03-27,41.2321662902832,41.2321662902832,41.03040401044452,41.03040401044452,1800
2024-03-28,41.18601989746094,41.22944819166557,41.166115981647685,41.166115981647685,1100
2024-04-01,40.81538391113281,40.897141996042336,40.81538391113281,40.88078899291904,9600
2024-04-02,40.74271011352539,40.786314658208596,40.715458572605996,40.77541612105301,31200
2024-04-03,40.779048919677734,40.8471812391811,40.715459678902256,40.715459678902256,17100
2024-04-04,40.87533187866211,40.87533187866211,40.87533187866211,40.87533187866211,300
2024-04-05,40.72908020019531,40.80629520184854,40.72908020019531,40.7781357411433,1200
2024-04-08,40.731807708740234,40.74906516816193,40.724540862875315,40.724540862875315,2700
2024-04-09,40.888954162597656,40.90621161746808,40.88441108562273,40.90621161746808,900
2024-04-10,40.396602630615234,40.58827826175332,40.396602630615234,40.58827826175332,4800
2024-04-11,40.35026931762695,40.37388916597938,40.35026931762695,40.37388916597938,600
2024-04-12,40.442020416259766,40.515600261755786,40.442020416259766,40.515600261755786,600
2024-04-15,40.07047653198242,40.15223461296738,40.07047653198242,40.15223461296738,700
2024-04-16,39.98508834838867,39.98508834838867,39.951477882246884,39.96510365324075,2700
2024-04-17,40.15950012207031,40.261242892290895,40.052306351251744,40.052306351251744,9300
2024-04-18,40.06866455078125,40.06866455078125,40.06866455078125,40.06866455078125,500
2024-04-19,40.107730865478516,40.161326031642226,40.0795679328901,40.161326031642226,600
2024-04-22,40.1867561340332,40.1867561340332,40.170406595772114,40.170406595772114,100
2024-04-23,40.2567024230957,40.29758319755332,40.2567024230957,40.29758319755332,500
2024-04-24,40.079551696777344,40.08863785148796,40.079551696777344,40.08863785148796,800
2024-04-25,40.00688552856445,40.00688552856445,39.96146514454962,39.97054783521132,1100
2024-04-26,40.144962310791016,40.170398000735794,40.1158914657029,40.12497415553196,1800
2024-04-29,40.27941131591797,40.27941131591797,40.27032862525223,40.27032862525223,300
2024-04-30,40.095909118652344,40.18856919401665,40.095909118652344,40.17040034794406,1100
2024-05-01,40.26832962036133,40.3312761926623,40.130580053168195,40.17619265396147,3000
2024-05-02,40.45077896118164,40.45077896118164,40.28109676446726,40.33127166371105,1400
2024-05-03,40.6688117980957,40.78740384870979,40.62319572322483,40.78740384870979,5000
2024-05-06,40.71442413330078,40.76003672786285,40.69617839947237,40.69617839947237,2900
2024-05-07,40.830291748046875,40.960747213607,40.796539045497525,40.92425573624516,11600
2024-05-08,40.71076965332031,40.7691539079083,40.71076965332031,40.723541317761985,3400
2024-05-09,40.78193283081055,40.81477724237847,40.66881483992101,40.66881483992101,9700
2024-05-10,40.67428970336914,40.8239026606201,40.67428970336914,40.8239026606201,1700
2024-05-13,40.68980026245117,40.851269643344146,40.66973099544951,40.814781648804114,9900
2024-05-14,40.741798400878906,40.79653561231533,40.68706118944248,40.778289875169854,31800
2024-05-15,41.06107711791992,41.11581431204918,41.01546452948758,41.03462202543021,3800
2024-05-16,41.01182556152344,41.04284296298034,41.01182556152344,41.04284296298034,1200
2024-05-17,40.905094146728516,40.988109987422234,40.8968847831487,40.988109987422234,4000
2024-05-20,40.869503021240234,40.97897393179223,40.869503021240234,40.960731680048156,4800
2024-05-21,41.00270462036133,41.01912682731333,40.97077545130336,41.01547628798452,1300
2024-05-22,40.93792724609375,40.96073528280622,40.934276707413346,40.95161067611411,2300
2024-05-23,40.741798400878906,40.82390247802427,40.741798400878906,40.79653561231533,3500
2024-05-24,40.887760162353516,40.906005899206406,40.806567851364626,40.851268688647735,3500
2024-05-28,40.61042404174805,40.84214103473717,40.51463654858855,40.84214103473717,7200
2024-05-29,40.48635482788086,40.67792979955427,40.43161763025232,40.67792979955427,5600
2024-05-30,40.632328033447266,40.73267784915924,40.577590821235674,40.73267784915924,3200
2024-05-31,40.822078704833984,40.8239022345321,40.77828963194973,40.8239022345321,1800
2024-06-03,41.07951354980469,41.085926612912694,40.952167940251755,40.952167940251755,2500
2024-06-04,41.26456832885742,41.26456832885742,41.21784559139622,41.21784559139622,800
2024-06-05,41.35710906982422,41.35894387000696,41.237095663585755,41.268241833544906,1200
2024-06-06,41.33694839477539,41.33694839477539,41.32045965945946,41.32045965945946,500
2024-06-07,41.033714294433594,41.07219268043247,41.025466429678154,41.025466429678154,1800
2024-06-10,40.956748962402344,40.95766461499314,40.933843668203515,40.943003688968716,1100
2024-06-11,41.067604064941406,41.07127017031594,41.007136042834475,41.03462309600006,11400
2024-06-12,41.32596206665039,41.54766883168982,41.32596206665039,41.52018527293529,1900
2024-06-13,41.5192756652832,41.5192756652832,41.38917957886509,41.428577112302065,2200
2024-06-14,41.50828170776367,41.50828170776367,41.50828170776367,41.50828170776367,200
2024-06-17,41.37177658081055,41.40933931510069,41.33696080494542,41.33696080494542,2200
2024-06-18,41.50185775756836,41.59347543606438,41.437727130049694,41.50185775756836,87400
2024-06-20,41.465213775634766,41.483537312699205,41.33786816366563,41.483537312699205,5100
2024-06-21,41.42032241821289,41.48720350337852,41.33695259605549,41.48720350337852,3100
2024-06-24,41.43132781982422,41.46705925052676,41.42858086124322,41.46705925052676,5300
2024-06-25,41.44231033325195,41.456052111791415,41.37359794569743,41.450554701404194,14300
2024-06-26,41.249000549316406,41.2544979598706,41.17204379127239,41.17204379127239,5500
2024-06-27,41.33694839477539,41.38275548544643,41.318624859535575,41.38275548544643,3500
2024-06-28,41.130821228027344,41.399254246666835,41.130821228027344,41.399254246666835,1300
2024-07-01,40.88243103027344,40.964306934181806,40.88243103027344,40.964306934181806,1600
2024-07-02,41.11150360107422,41.11150360107422,40.99283248000579,41.038829120171506,3500
2024-07-03,41.348846435546875,41.348846435546875,41.348846435546875,41.348846435546875,200
2024-07-05,41.54847717285156,41.558594537856465,41.48959782840055,41.498799261297826,1700
2024-07-08,41.559505462646484,41.559505462646484,41.50798867879781,41.50798867879781,1100
2024-07-09,41.4987907409668,41.61838477884802,41.47119346657794,41.61838477884802,5200
2024-07-10,41.57606887817383,41.57606887817383,41.530991689112916,41.530991689112916,200
2024-07-11,41.763736724853516,41.82997510123012,41.763736724853516,41.793176393167336,1700
2024-07-12,41.89897155761719,41.912773706204874,41.8207769288781,41.8207769288781,4800
2024-07-15,41.7333869934082,41.81158162704946,41.7333869934082,41.80238019408082,2000
2024-07-16,41.90541458129883,41.90541458129883,41.82169978814669,41.82998177983979,1700
2024-07-17,41.91276931762695,41.93116867116576,41.71037993801793,41.83917190347172,10800
2024-07-18,41.782135009765625,41.91276936725046,41.782135009765625,41.8391719530081,900
2024-07-19,41.66621780395508,41.72877489753622,41.65977820636048,41.72877489753622,7900
2024-07-22,41.655189514160156,41.80238086013774,41.61839430965463,41.80238086013774,3300
2024-07-23,41.63678741455078,41.737982116241696,41.62758949135991,41.72878419305083,17400
2024-07-24,41.47028350830078,41.71958902509612,41.47028350830078,41.701193175952085,26100
2024-07-25,41.583431243896484,41.645988350667224,41.51719637162054,41.51719637162054,2900
2024-07-26,41.756385803222656,41.76374484440234,41.70578844712887,41.70578844712887,5600
2024-07-29,41.829978942871094,41.903572856437535,41.794099672817055,41.903572856437535,4200
2024-07-30,41.829978942871094,41.829978942871094,41.794099672817055,41.829978942871094,2100
2024-07-31,42.04155731201172,42.04155731201172,41.91276535872308,42.01395652965163,3800
2024-08-01,42.133949279785156,42.25126509147878,42.09515292359176,42.25126509147878,6600
2024-08-02,42.60041809082031,42.60041809082031,42.463707670358296,42.469250508500075,1900
2024-08-05,42.47294616699219,42.60226731964874,42.27896443800736,42.60226731964874,158700
2024-08-06,42.23369598388672,42.49141503314926,42.23369598388672,42.49141503314926,2100
2024-08-07,42.10991668701172,42.28819308983326,42.10991668701172,42.28819308983326,1400
2024-08-08,42.121925354003906,42.12654497297078,42.11268963980699,42.12654497297078,600
2024-08-09,42.269718170166016,42.305744852588184,42.242007505986834,42.304821633613756,2600
2024-08-12,42.34731674194336,42.406434473243664,42.269720535174336,42.269720535174336,5200
2024-08-13,42.60041809082031,42.62997871966419,42.50158079454639,42.53760395686264,3100
2024-08-14,42.76853561401367,42.78701056658942,42.71403749909156,42.72234999444273,24100
2024-08-15,42.629974365234375,42.629974365234375,42.602260177356314,42.602260177356314,600
2024-08-16,42.72420120239258,42.72420120239258,42.611508559957215,42.678015577665384,2700
2024-08-19,42.81288146972656,42.8516778190627,42.768542281379915,42.768542281379915,1400
2024-08-20,42.90801239013672,42.90801239013672,42.85166432230451,42.89046065942118,1500
2024-08-21,43.027183532714844,43.027183532714844,42.925573050442345,42.925573050442345,4500
2024-08-22,42.87014389038086,42.87014389038086,42.768533418299285,42.858134995636306,11400
2024-08-23,43.07614517211914,43.07614517211914,42.953290060886445,42.953290060886445,2800
2024-08-26,43.04288864135742,43.11031887923639,43.04288864135742,43.07337249314938,800
2024-08-27,43.009620666503906,43.02717239632787,42.88861204295749,42.88861204295749,5000
2024-08-28,42.9689826965332,43.017941496258324,42.96251663942254,42.99946654397973,1300
2024-08-29,42.92280197143555,43.01794640083637,42.85167533510891,42.8978609592027,5600
2024-08-30,42.82026672363281,42.980994944885346,42.82026672363281,42.934809322454086,1400
2024-09-03,42.93622970581055,42.997454072476785,42.90468859373054,42.997454072476785,1500
2024-09-04,43.15422821044922,43.17370917138804,42.98910185271494,42.997449824895625,8800
2024-09-05,43.31563949584961,43.31563949584961,43.127323552700254,43.247917947337925,3800
2024-09-06,43.320281982421875,43.320281982421875,43.28966803254474,43.28966803254474,400
2024-09-09,43.38615417480469,43.44274275050148,43.33141991801635,43.33141991801635,6700
2024-09-10,43.50766372680664,43.50766372680664,43.50766372680664,43.50766372680664,400
2024-09-11,43.52437210083008,43.557767532650395,43.414907133944645,43.470568546162696,3500
2024-09-12,43.49097442626953,43.49097442626953,43.368522156725454,43.40748408163602,2600
2024-09-13,43.591163635253906,43.674653978699766,43.567970496994924,43.61899257014384,6700
2024-09-16,43.74608612060547,43.74608612060547,43.57261177193257,43.57261177193257,2500
2024-09-17,43.745155334472656,43.79525025042447,43.71268706279577,43.79525025042447,3100
2024-09-18,43.59208679199219,43.823076838942285,43.59208679199219,43.62826369627216,1500
2024-09-19,43.61713409423828,43.65609601488106,43.572605679392865,43.65609601488106,3300
2024-09-20,43.67279052734375,43.76741384813596,43.577240047344105,43.59115805178241,10700
2024-09-23,43.563323974609375,43.70711503829583,43.54477017481836,43.563323974609375,42100
2024-09-24,43.67557907104492,43.69784151014807,43.529933671876535,43.529933671876535,2600
2024-09-25,43.461273193359375,43.54383635122159,43.461273193359375,43.54383635122159,4200
2024-09-26,43.39634323120117,43.52621629071119,43.38706810071137,43.52621629071119,12500
2024-09-27,43.57631301879883,43.6050726481935,43.545702609759346,43.56332571230462,3500
2024-09-30,43.55312728881836,43.61527881040091,43.4436623331096,43.54477577763378,14200
2024-10-01,43.700286865234375,43.700286865234375,43.700286865234375,43.700286865234375,200
2024-10-02,43.63508605957031,43.63508605957031,43.52331685346544,43.52331685346544,700
2024-10-03,43.41621017456055,43.54381547726313,43.41341745395231,43.54381547726313,2600
2024-10-04,43.17589569091797,43.222465896187515,43.17589569091797,43.18986639719094,700
2024-10-07,43.00172805786133,43.12467526981286,42.994277250027835,43.12467526981286,1200
2024-10-08,43.074378967285156,43.074378967285156,43.040848554644846,43.040848554644846,400
2024-10-09,42.99148178100586,43.0129032962926,42.980303793430465,43.0129032962926,1200
2024-10-10,42.97471618652344,42.9849632676448,42.89181928997609,42.92907688104358,1900
2024-10-11,43.00079345703125,43.008244264224686,42.93838717303248,42.93838717303248,400
2024-10-14,43.002662658691406,43.002662658691406,42.88251171003103,42.88251171003103,1100
2024-10-15,43.1609992980957,43.16193020488264,43.040844814073964,43.16193020488264,1100
2024-10-16,43.265323638916016,43.27370535422683,43.23086231767838,43.25507655669627,1700
2024-10-17,42.99333572387695,43.02220804123525,42.99333572387695,43.02220804123525,1100
2024-10-18,43.008243560791016,43.04084306240362,42.98496023282727,43.03153044183396,3000
2024-10-21,42.64778137207031,42.82661494444172,42.64778137207031,42.82661494444172,1500
2024-10-22,42.64033889770508,42.64033889770508,42.565827263376086,42.61053566520536,3000
2024-10-23,42.494102478027344,42.524836613161,42.454052169215025,42.524836613161,1700
2024-10-24,42.607730865478516,42.607730865478516,42.52297216626355,42.538808239304885,4800
2024-10-25,42.54253387451172,42.705531380697145,42.54253387451172,42.705531380697145,1000
2024-10-28,42.46336364746094,42.584449030471674,42.378604945277154,42.584449030471674,4900
2024-10-29,42.53508377075195,42.54533085120123,42.37301716862543,42.41399838426411,1800
2024-10-30,42.50341796875,42.71485106735093,42.50341796875,42.71485106735093,900
2024-10-31,42.439151763916016,42.449398845496496,42.439151763916016,42.449398845496496,1600
2024-11-01,42.23805618286133,42.5242634674864,42.2324437856,42.5242634674864,3800
2024-11-04,42.500877380371094,42.51958418117776,42.426053745101854,42.51958418117776,17300
2024-11-05,42.60936737060547,42.60936737060547,42.40733895509438,42.40733895509438,6700
2024-11-06,42.31661605834961,42.41014648367394,42.26704286351264,42.30258685134666,3100
2024-11-07,42.70290756225586,42.734708768118544,42.57570630676271,42.57570630676271,4400
2024-11-08,42.79644775390625,42.79644775390625,42.75342174729678,42.76277693340923,3500
2024-11-11,42.758087158203125,42.83758837771791,42.71599596860543,42.725351152052504,2500
2024-11-12,42.41108703613281,42.57195909052229,42.40734424902639,42.566346693841254,11800
2024-11-13,42.3156852722168,42.416697713005114,42.29510886212792,42.416697713005114,6600
2024-11-14,42.31848907470703,42.31848907470703,42.31848907470703,42.31848907470703,700
2024-11-15,42.35309600830078,42.35309600830078,42.24179001806077,42.24179001806077,300
2024-11-18,42.42605209350586,42.46346569366273,42.29510806091411,42.29510806091411,3200
2024-11-19,42.47748565673828,42.51863846717978,42.47748565673828,42.51863846717978,200
2024-11-20,42.375545501708984,42.45411192388125,42.375545501708984,42.40266911394121,7600
2024-11-21,42.36992645263672,42.45223564920975,42.36992645263672,42.45223564920975,3600
2024-11-22,42.383033752441406,42.40735295373203,42.36058772906709,42.36058772906709,2000
2024-11-25,42.80952835083008,42.80952835083008,42.74312153627682,42.74312153627682,500
2024-11-26,42.738441467285156,42.75340547782093,42.659875060037244,42.67858185718533,8900
2024-11-27,42.85068893432617,42.91709576091795,42.78147769307175,42.78147769307175,2600
2024-11-29,43.05271530151367,43.05271530151367,42.99659846733108,42.99659846733108,2500
2024-12-02,43.098724365234375,43.13629221129233,43.004808332756475,43.004808332756475,9100
2024-12-03,43.018917083740234,43.17388183991359,43.014220204946525,43.17388183991359,3600
2024-12-04,43.15508270263672,43.230214823520946,42.929679174648975,42.96255014928598,2800
2024-12-05,43.171058654785156,43.19078124486022,43.09968115032276,43.14570052716457,4600
2024-12-06,43.25182342529297,43.25182342529297,43.11751995150697,43.201107177662735,2400
2024-12-09,43.15226745605469,43.19265487121734,43.15226745605469,43.19265487121734,2000
2024-12-10,43.122215270996094,43.122215270996094,43.05928929323476,43.11751839347132,2400
2024-12-11,43.00481414794922,43.18325606685328,42.94846237124229,43.18325606685328,10900
2024-12-12,42.81698226928711,42.92029207773786,42.751240315303505,42.92029207773786,4800
2024-12-13,42.657318115234375,42.72775694245963,42.647927943515874,42.72775694245963,2300
2024-12-16,42.629154205322266,42.73246403225356,42.58219617017215,42.73246403225356,7700
2024-12-17,42.629154205322266,42.727767153938025,42.60098010076589,42.69395751193668,8100
2024-12-18,42.29292678833008,42.71931085882332,42.29292678833008,42.71931085882332,1700
2024-12-19,42.08443069458008,42.178346756279225,41.990511050212824,42.178346756279225,12800
2024-12-20,42.241268157958984,42.30043591529318,42.241268157958984,42.30043591529318,1200
2024-12-23,42.09382247924805,42.244090333320564,42.05625462006286,42.244090333320564,10100
2024-12-24,42.241268157958984,42.241268157958984,42.11260022959688,42.11260022959688,2200
2024-12-26,42.2581787109375,42.27226576290695,42.093823800180026,42.11260773036208,5900
2024-12-27,42.140777587890625,42.2478456208725,42.08442938569089,42.21121642330829,6100
2024-12-30,42.26287078857422,42.28540935263155,42.23469668783558,42.24408686052581,3300
2024-12-31,42.20249938964844,42.363798599914084,42.155332342663165,42.363798599914084,13100
2025-01-02,42.221370697021484,42.34399856774822,42.17892466388986,42.34399856774822,1200
2025-01-03,42.1326904296875,42.26852416906699,42.1326904296875,42.26852416906699,1400
2025-01-06,42.06760787963867,42.12703447189711,42.06100492494329,42.12703447189711,1400
2025-01-07,41.90725326538086,42.01384691784527,41.87612761660061,42.01384691784527,2100
2025-01-08,41.97517013549805,41.97894119659767,41.89121724760181,41.89121724760181,3000
2025-01-10,41.735572814941406,41.88178418807549,41.693126789359,41.88178418807549,5300
2025-01-13,41.664825439453125,41.80631938671325,41.65539418886138,41.711992487433534,15800
2025-01-14,41.70539093017578,41.70539093017578,41.61766338453193,41.6695442603766,2200
2025-01-15,42.08647537231445,42.117604616435145,42.08647537231445,42.101566812592125,3400
2025-01-16,42.1921272277832,42.249668297801946,42.180806847176676,42.21853905030447,29900
2025-01-17,42.221370697021484,42.296835109266006,42.221370697021484,42.296835109266006,1400
2025-01-21,42.419456481933594,42.419456481933594,42.31569473016281,42.31569473016281,10300
2025-01-22,42.310977935791016,42.42888836486133,42.27796315958496,42.42888836486133,12400
2025-01-23,42.27324676513672,42.33456249268569,42.18363728373109,42.2308007368405,5400
2025-01-24,42.320411682128906,42.33456035751405,42.24022985771204,42.24022985771204,2500
2025-01-27,42.575096130371094,42.575096130371094,42.50435275162653,42.51378400267889,13900
2025-01-28,42.523223876953125,42.5420863812868,42.518506451699125,42.518506451699125,800
2025-01-29,42.48360061645508,42.513787099034495,42.40059408645841,42.513787099034495,2000
2025-01-30,42.54679489135742,42.608107013447515,42.54679489135742,42.598675763256885,1600
2025-01-31,42.447757720947266,42.655281243496574,42.43832646916821,42.59868293779922,10600
2025-02-03,42.52921676635742,42.63340557274956,42.35872073658738,42.35872073658738,4700
2025-02-04,42.61540603637695,42.61540603637695,42.46290775254849,42.46290775254849,4400
2025-02-05,42.83799743652344,42.908087749370075,42.82283974694762,42.82283974694762,3300
2025-02-06,42.77737808227539,42.80389952502903,42.72528187496994,42.8001128122217,1000
2025-02-07,42.63813781738281,42.64192814322656,42.60498601603261,42.60498601603261,1500
2025-02-10,42.61445617675781,42.69023016731364,42.61445617675781,42.67980948214064,1200
2025-02-11,42.543418884277344,42.607829129886525,42.5348915545546,42.5348915545546,1000
2025-02-12,42.35397720336914,42.40228307949004,42.35397720336914,42.3568172376747,2000
2025-02-13,42.65708541870117,42.65708541870117,42.567100402599365,42.567100402599365,1400
2025-02-14,42.78590774536133,42.813375867814386,42.78590774536133,42.813375867814386,1800
2025-02-18,42.60688400268555,42.709183065555294,42.60688400268555,42.709183065555294,1600
2025-02-19,42.65708541870117,42.65708541870117,42.595518815370035,42.595518815370035,6500
2025-02-20,42.74139404296875,42.74139404296875,42.70918891185227,42.716765952125044,1300
2025-02-21,42.88631057739258,42.95545422384183,42.823793678831485,42.823793678831485,2000
2025-02-24,42.98859786987305,43.07763619618954,42.90808687291728,42.90808687291728,3800
2025-02-25,43.26991653442383,43.27749357240201,43.16383077617898,43.16383077617898,5400
2025-02-26,43.28791809082031,43.31538621090155,43.23013820286726,43.23961221113522,1700
2025-02-27,43.16667938232422,43.26802814849657,43.154365339216966,43.17330974297616,62400
2025-02-28,43.34379959106445,43.353273599022444,43.21119238585532,43.26802559377724,3900
2025-03-03,43.447471618652344,43.4655435899369,43.265812206838206,43.265812206838206,2500
2025-03-04,43.330482482910156,43.42939758625243,43.313364724132,43.42939758625243,24400
2025-03-05,43.237281799316406,43.3048095187105,43.22872291848412,43.3048095187105,2200
2025-03-06,43.075592041015625,43.20779571828521,43.04705639356721,43.054668318341115,4200
2025-03-07,43.028038024902344,43.184017177525945,42.989992913264764,43.16119228745232,2100
2025-03-10,43.18782043457031,43.26581182008731,43.18782043457031,43.2087441562058,4700
2025-03-11,42.95669937133789,43.223007865587526,42.95669937133789,43.137408188409985,2300
2025-03-12,42.83400344848633,42.94243163691574,42.83400344848633,42.93196796298466,2900
2025-03-13,42.92436599731445,42.92436599731445,42.718927475688105,42.718927475688105,800
2025-03-14,42.92817687988281,42.98429397446873,42.92817687988281,42.98429397446873,3500
2025-03-17,43.00425720214844,43.12314545012207,42.999500656338704,42.999500656338704,2700
2025-03-18,43.081302642822266,43.12315009154415,42.97097326288609,42.97097326288609,36000
2025-03-19,43.27817153930664,43.294342342862905,43.06988128546742,43.06988128546742,3400
2025-03-20,43.237281799316406,43.237281799316406,43.237281799316406,43.237281799316406,300
2025-03-21,43.189720153808594,43.19922961671275,43.18021069090443,43.19922961671275,1100
2025-03-24,43.02328109741211,43.161191904739304,43.02328109741211,43.161191904739304,3900
2025-03-25,43.080352783203125,43.10603305648011,43.0280452811073,43.0280452811073,1600
2025-03-26,42.92341232299805,42.93007003558903,42.92341232299805,42.93007003558903,600
2025-03-27,42.90724563598633,42.90915043132454,42.847326216918376,42.88537132914039,2400
2025-03-28,43.12599563598633,43.12599563598633,43.03754420495028,43.03754420495028,600
2025-03-31,43.20113754272461,43.20113754272461,43.10412359880164,43.18021382027412,1600
2025-04-01,43.283302307128906,43.283302307128906,43.283302307128906,43.283302307128906,400
2025-04-02,43.35878372192383,43.35878372192383,43.33967408106655,43.33967408106655,900
2025-04-03,43.387454986572266,43.42567427588511,43.377901986640076,43.42567427588511,800
2025-04-04,43.33012390136719,43.45337982760453,43.33012390136719,43.45337982760453,900
2025-04-07,42.5466423034668,42.97660013014371,42.5466423034668,42.97660013014371,13600
2025-04-08,42.08802795410156,42.661306354593926,42.08802795410156,42.661306354593926,1700
2025-04-09,42.68996047973633,42.68996047973633,41.5529641950863,41.72590225174928,2200
2025-04-10,42.09661865234375,42.30777599556097,42.04980130719884,42.30777599556097,3100
2025-04-11,42.11000061035156,42.13579480005707,41.7058406112171,41.7058406112171,2700
2025-04-14,42.333580017089844,42.37466411141564,42.28867253605824,42.32689182394862,3200
2025-04-15,42.51511764526367,42.642193308470084,42.36510895257512,42.36510895257512,3000
2025-04-16,42.65556716918945,42.66130042622062,42.6135244992247,42.6135244992247,2800
2025-04-17,42.625953674316406,42.68997080384371,42.61353222262949,42.68041415879585,2500
2025-04-21,42.333580017089844,42.48740845933793,42.20268096070084,42.47976533071824,4000
2025-04-22,42.40809631347656,42.441537272272086,42.40809631347656,42.441537272272086,1900
2025-04-23,42.55620193481445,42.89538989834477,42.55620193481445,42.89538989834477,2800
2025-04-24,42.87628173828125,42.9192757030591,42.57531305046073,42.84284077296786,15700
2025-04-25,43.083614349365234,43.100814121603015,43.07215147933179,43.100814121603015,1800
2025-04-28,43.18871307373047,43.25464006298621,43.10081163631999,43.10081163631999,3700
2025-04-29,43.22406768798828,43.31579251974122,43.211649882147775,43.211649882147775,2800
2025-04-30,43.18585205078125,43.18585205078125,43.14763276341414,43.14763276341414,900
2025-05-01,43.01408767700195,43.07549994121676,42.96131054012116,42.96131054012116,6500
2025-05-02,42.92292022705078,43.03710961145212,42.82600475529538,42.91428510097921,2300
2025-05-05,42.85383987426758,42.85479892617596,42.757879775877285,42.75884248828913,3600
2025-05-06,42.902774810791016,42.902774810791016,42.74924232222367,42.74924232222367,1000
2025-05-07,43.00736999511719,43.015046070463626,42.97666203322815,42.97666203322815,1400
2025-05-08,42.83272933959961,42.99873683074293,42.82601231580194,42.979544811249106,5600
2025-05-09,42.830806732177734,42.93156574766274,42.75884123612182,42.89798062933553,25100
2025-05-12,42.78858947753906,42.88838578761662,42.78858947753906,42.86439484691867,1500
2025-05-13,42.794334411621094,42.81640358119696,42.794334411621094,42.81640358119696,1000
2025-05-14,42.62833023071289,42.62928928244156,42.62833023071289,42.62928928244156,400
2025-05-15,42.8864631652832,42.8864631652832,42.72813175856689,42.72813175856689,1100
2025-05-16,42.94979476928711,42.9891378591383,42.912373443687116,42.9891378591383,1600
2025-05-19,42.983375549316406,42.983375549316406,42.7972170104683,42.864387239897724,6100
2025-05-20,42.8787841796875,42.94115548999245,42.80681503056457,42.94115548999245,2700
2025-05-21,42.52758026123047,42.78762607214203,42.461369078564566,42.739647856131306,18900
2025-05-22,42.68974685668945,42.68974685668945,42.58611435184093,42.61202339317885,900
2025-05-23,42.72142028808594,42.75884527797536,42.70606813554327,42.7348543366867,1400
2025-05-27,43.02751541137695,43.04670742747268,42.91236697530536,42.91236697530536,2500
2025-05-28,42.917171478271484,42.95555551873083,42.87686933394024,42.87686933394024,1200
2025-05-29,43.05534362792969,43.08509253479639,42.99873029046194,43.0467085016471,3100
2025-05-30,43.15226745605469,43.18105365379617,43.067823306042186,43.067823306042186,2300
2025-06-02,43.07998275756836,43.07998275756836,42.9807217254115,43.05781895760266,3000
2025-06-03,43.120460510253906,43.221647876946854,43.120460510253906,43.221647876946854,1800
2025-06-04,43.361385345458984,43.361385345458984,43.279472285267346,43.279472285267346,400
2025-06-05,43.274654388427734,43.36620644508433,43.274654388427734,43.36620644508433,400
2025-06-06,43.0722770690918,43.269835984566654,43.048183263136785,43.16864494051454,9400
2025-06-09,43.15900802612305,43.15900802612305,42.99999773558324,43.12527890475386,1600
2025-06-10,43.233211517333984,43.233211517333984,43.22164619696186,43.22164619696186,2100
2025-06-11,43.39030456542969,43.47221763679142,43.24092956190034,43.30838781786873,2700
2025-06-12,43.568580627441406,43.59749393117813,43.54930631701654,43.54930631701654,1900
2025-06-13,43.346927642822266,43.380656763958825,43.346927642822266,43.380656763958825,400
2025-06-16,43.309349060058594,43.45101137928081,43.309349060058594,43.45101137928081,900
2025-06-17,43.414390563964844,43.414390563964844,43.346932314421586,43.346932314421586,400
2025-06-18,43.44811248779297,43.44811248779297,43.44811248779297,43.44811248779297,400
2025-06-20,43.48666763305664,43.48666763305664,43.36138645319914,43.385480260317486,1400
2025-06-23,43.59074401855469,43.708312522062776,43.59074401855469,43.655309092414555,4500
2025-06-24,43.765174865722656,43.76613802978058,43.568579111946676,43.568579111946676,1400
2025-06-25,43.76903533935547,43.79409231413142,43.68423277272818,43.68423277272818,25200
2025-06-26,43.867332458496094,43.867332458496094,43.80083736581167,43.809509519927246,5100
2025-06-27,43.7873420715332,43.87696412646947,43.7873420715332,43.79987055765744,1200
2025-06-30,44.03115463256836,44.06006793734491,43.886602813481424,44.01188032145031,4600
2025-07-01,44.01373291015625,44.06889574023837,43.968253015448916,44.06889574023837,1700
2025-07-02,44.009857177734375,44.009857177734375,43.955665233879564,43.955665233879564,500
2025-07-03,43.929534912109375,43.93437453308417,43.929534912109375,43.93437453308417,300
2025-07-07,43.740840911865234,43.79406568085175,43.70019694553554,43.79406568085175,1500
2025-07-08,43.64600372314453,43.65858452543606,43.55697092101215,43.651810531244465,4100
2025-07-09,43.84148406982422,43.84148406982422,43.71180729751031,43.73116209474448,1100
2025-07-10,43.87147903442383,43.87147903442383,43.76986912356308,43.78922391966274,1700
2025-07-11,43.644065856933594,43.72148504321648,43.644065856933594,43.72148504321648,1100
2025-07-14,43.663414001464844,43.663414001464844,43.61502886318441,43.624708105770154,1100
2025-07-15,43.52793884277344,43.69245276056919,43.49890849497706,43.69245276056919,8000
2025-07-16,43.615028381347656,43.63438317475589,43.54728845019353,43.59567358793942,1500
2025-07-17,43.663414001464844,43.67792917379403,43.5763192759403,43.67792917379403,1700
2025-07-18,43.726322174072266,43.73115810427694,43.70212775684977,43.73115810427694,1000
2025-07-21,43.86180877685547,43.91503354966698,43.86180877685547,43.87632395279491,1000
2025-07-22,43.97212600708008,43.98277243800583,43.94890246444696,43.94890246444696,8400
2025-07-23,43.8859977722168,43.90535256988808,43.85696742148496,43.895677016827534,2400
2025-07-24,43.88115692138672,44.05050676758478,43.88115692138672,43.90728571073581,4200
2025-07-25,43.97406005859375,44.00212322104619,43.82793374676563,43.82793374676563,2100
2025-07-28,43.87825393676758,43.905349913558,43.87631956458254,43.905349913558,1400
2025-07-29,44.12986373901367,44.12986373901367,43.94406064105395,43.94406064105395,1600
2025-07-30,43.99921798706055,44.07953873013598,43.99921798706055,44.050508381595435,1600
2025-07-31,44.036964416503906,44.17147712463703,44.036964416503906,44.10857679986947,9200
2025-08-01,44.36153030395508,44.42955425750198,44.3119673470656,44.3119673470656,2200
2025-08-04,44.40040588378906,44.41012571135934,44.3459867118853,44.3459867118853,800
2025-08-05,44.42955780029297,44.43927391999124,44.345982859965815,44.345982859965815,1900
2025-08-06,44.428585052490234,44.45773711762426,44.312940619133045,44.40040052156272,1500
2025-08-07,44.4305305480957,44.44899525387902,44.40040353265683,44.40040353265683,1100
2025-08-08,44.29836654663086,44.41983843276752,44.29351034024539,44.31294257984281,2200
2025-08-11,44.341121673583984,44.351809033348985,44.341121673583984,44.351809033348985,1400
2025-08-12,44.39067840576172,44.39067840576172,44.24491068572714,44.24491068572714,1300
2025-08-13,44.54616928100586,44.56560522721599,44.51798845646086,44.56560522721599,1100
2025-08-14,44.435386657714844,44.497579458840654,44.41983567716273,44.497579458840654,800
2025-08-15,44.385833740234375,44.448026555429216,44.385833740234375,44.439281675471854,1300
2025-08-18,44.32265853881836,44.410118437485615,44.30322259388925,44.410118437485615,1800
2025-08-19,44.38194274902344,44.38582771424221,44.34209961336372,44.34209961336372,1100
2025-08-20,44.40525436401367,44.442183768027164,44.3984519692772,44.3984519692772,800
2025-08-21,44.274070739746094,44.312938922760985,44.274070739746094,44.312938922760985,900
2025-08-22,44.55880355834961,44.58989810717096,44.55880355834961,44.58989810717096,400
2025-08-25,44.503414154052734,44.55588713313001,44.503414154052734,44.53645489319196,4500
2025-08-26,44.50244140625,44.53645709539316,44.41984140783151,44.41984140783151,4200
2025-08-27,44.54130935668945,44.54130935668945,44.390685407382776,44.390685407382776,5100
2025-08-28,44.551029205322266,44.551029205322266,44.429557321749705,44.51312855414899,4400
2025-08-29,44.45870590209961,44.51506754678491,44.45870590209961,44.51506754678491,1200
2025-09-02,44.34160614013672,44.34160614013672,44.263541865477436,44.27329850387722,3200
2025-09-03,44.5611686706543,44.7221811195805,44.54555283805511,44.54555283805511,4400
2025-09-04,44.78365707397461,44.78365707397461,44.66362920841596,44.67338584641463,3100
2025-09-05,45.01199722290039,45.07347409175527,45.01102193136906,45.01102193136906,1100
2025-09-08,45.14862060546875,45.1769226774004,45.09299919828701,45.15935625921738,50900
2025-09-09,45.08811569213867,45.09201685835571,45.01492787821373,45.01492787821373,2800
2025-09-10,45.19057846069336,45.209116445738715,45.19057846069336,45.20619057099059,2400
2025-09-11,45.335975646972656,45.36622829885055,45.30279712030997,45.30279712030997,4300
2025-09-12,45.28816223144531,45.28816223144531,45.210097953166915,45.210097953166915,1100
2025-09-15,45.36720275878906,45.415018103473194,45.34671046821015,45.34671046821015,3900
2025-09-16,45.390621185302734,45.39550136570302,45.36622772827524,45.36622772827524,3800
2025-09-17,45.297916412353516,45.45795357174672,45.297916412353516,45.405258046338034,12000
2025-09-18,45.23937225341797,45.23937225341797,45.19350748842221,45.19350748842221,24900
2025-09-19,45.2247314453125,45.2247314453125,45.210094626867644,45.210094626867644,1100
2025-09-22,45.152523040771484,45.18472627777974,45.152523040771484,45.18082138867771,3500
2025-09-23,45.20521926879883,45.20521926879883,45.20521926879883,45.20521926879883,200
2025-09-24,45.0734748840332,45.116413769573974,45.0588380658324,45.116413769573974,700
2025-09-25,44.98565673828125,45.01493410139084,44.9271094570368,44.93686609641509,4400
2025-09-26,45.03152084350586,45.07348072044457,44.98565607738078,45.01980989843407,1700
2025-09-29,45.17203903198242,45.20911872643067,45.13690992079799,45.13690992079799,3100
2025-09-30,45.144718170166016,45.26864721820938,45.13203193336042,45.23839828620168,4400
2025-10-01,45.25740051269531,45.27993642844863,45.20644519613383,45.23192285441457,3600
2025-10-02,45.33775329589844,45.33775329589844,45.279938894183786,45.279938894183786,1500
2025-10-03,45.300514221191406,45.348527795804934,45.29071713446022,45.348527795804934,2100
2025-10-06,45.18979263305664,45.258383458577924,45.18979263305664,45.258383458577924,1300
2025-10-07,45.24956512451172,45.35833110900024,45.21429037725699,45.221149459720955,5200
2025-10-08,45.235843658447266,45.30933489031795,45.230943246210735,45.28483656705461,4000
2025-10-09,45.118255615234375,45.191746846165124,45.088860618029784,45.125114697110064,5500
2025-10-10,45.2701416015625,45.30639568313522,45.21134786519202,45.30639568313522,4200
2025-10-13,45.387725830078125,45.387725830078125,45.265241681413634,45.265241681413634,1300
2025-10-14,45.489627838134766,45.50432533632635,45.31913013085782,45.31913013085782,2200
2025-10-15,45.4866943359375,45.6258346530371,45.47591417597309,45.5738999988951,3400
2025-10-16,45.61799240112305,45.65228781005485,45.49550826380673,45.49550826380673,2500
2025-10-17,45.58859634399414,45.58859634399414,45.5395996998718,45.5395996998718,1500
2025-10-20,45.65229034423828,45.65229034423828,45.605256103961025,45.63955151479659,600
2025-10-21,45.687564849853516,45.76497716098938,45.687564849853516,45.73067801241465,5800
2025-10-22,45.7012825012207,45.7012825012207,45.65228959196572,45.65228959196572,400
2025-10-23,45.650333404541016,45.701284986319365,45.650333404541016,45.65229207440029,2200
2025-10-24,45.72676086425781,45.7600769401652,45.71108403015531,45.7600769401652,2400
2025-10-27,45.774776458740234,45.774776458740234,45.69246746919189,45.71108604670961,2300
2025-10-28,45.78457260131836,45.78457260131836,45.76007801469795,45.76007801469795,300
2025-10-29,45.5601806640625,45.76889487227111,45.5601806640625,45.7532180381069,2400
2025-10-30,45.4122200012207,45.50432606906676,45.4122200012207,45.48570749336199,3300
2025-10-31,45.299537658691406,45.34461323142007,45.27504307140465,45.34461323142007,3100
2025-11-03,45.17850875854492,45.19326755290608,45.153908265604166,45.17850875854492,3400
2025-11-04,45.232627868652344,45.33102233563607,45.232627868652344,45.33102233563607,2000
2025-11-05,45.16374969482422,45.21294692690408,45.14407005129063,45.21294692690408,6900
2025-11-06,45.29658126831055,45.29658126831055,45.29559784918894,45.29559784918894,500
2025-11-07,45.229671478271484,45.261159657874146,45.229671478271484,45.242463433937935,1100
2025-11-10,45.24246597290039,45.27198356239755,45.184414213088196,45.21294838340323,2600
2025-11-11,45.41957473754883,45.41957473754883,45.35660213425083,45.35660213425083,1200
2025-11-12,45.36546325683594,45.36546325683594,45.360542407164985,45.360542407164985,300
2025-11-13,45.2218017578125,45.24246482063592,45.2218017578125,45.24246482063592,1400
2025-11-14,45.13423156738281,45.19819135179945,45.13423156738281,45.19819135179945,1200
2025-11-17,45.13521194458008,45.212947099861346,45.13422852542587,45.13422852542587,1400
2025-11-18,45.16866683959961,45.222784920998656,45.13422840175551,45.16079573287927,2900
2025-11-19,45.13915252685547,45.252309547131375,45.104714086512104,45.22278820290243,2300
2025-11-20,45.198184967041016,45.257220139998864,45.198184967041016,45.257220139998864,900
2025-11-21,45.28675079345703,45.311347536078614,45.271988243673626,45.311347536078614,1700
2025-11-24,45.4638557434082,45.4687728389499,45.41957560897656,45.41957560897656,1400
2025-11-25,45.57701110839844,45.614403557295894,45.458937000290895,45.458937000290895,2000
2025-11-26,45.68327713012695,45.68327713012695,45.68327713012695,45.68327713012695,300
2025-11-28,45.62424087524414,45.65572905527719,45.62424087524414,45.65572905527719,400
2025-12-01,45.40885543823242,45.41478387102054,45.368347621572106,45.4078679942461,3000
2025-12-02,45.4375114440918,45.4375114440918,45.38810909241611,45.38810909241611,1600
2025-12-03,45.51951599121094,45.51951599121094,45.46715130580427,45.46715130580427,1000
2025-12-04,45.4582633972168,45.476044928904884,45.428621229618926,45.470116495385305,2200
2025-12-05,45.40787124633789,45.48295845224811,45.40787124633789,45.467151809594526,2100
2025-12-08,45.343650817871094,45.343650817871094,45.32883162013896,45.32883162013896,600
2025-12-09,45.30907440185547,45.3288345897496,45.30907440185547,45.3288345897496,1000
2025-12-10,45.48493576049805,45.48493576049805,45.45035637230941,45.45035637230941,1200
2025-12-11,45.44245147705078,45.516551240280805,45.44245147705078,45.51556379620541,700
2025-12-12,45.25473403930664,45.25967502841175,45.230032862651505,45.230032862651505,500
2025-12-15,45.27449417114258,45.309073557094976,45.27449417114258,45.309073557094976,600
2025-12-16,45.35847091674805,45.35847091674805,45.29820291175249,45.29820291175249,1000
2025-12-17,45.33476257324219,45.3802076129644,45.31006139640197,45.3802076129644,5400
2025-12-18,45.51654815673828,45.51654815673828,45.397990804924284,45.486909761002345,4400
2025-12-19,45.38811111450195,45.43751346837856,45.3683509267254,45.40787130227851,2000
2025-12-22,45.36834716796875,45.39798933161296,45.36834716796875,45.39798933161296,700
2025-12-23,45.3930549621582,45.407874161706204,45.33871538456841,45.34365637404131,2200
2025-12-24,45.556068420410156,45.5857068160746,45.45726748674493,45.45726748674493,1000
2025-12-26,45.561012268066406,45.561012268066406,45.561012268066406,45.561012268066406,500
2025-12-29,45.59064865112305,45.59064865112305,45.59064865112305,45.59064865112305,400
2025-12-30,45.575828552246094,45.588672862050615,45.51654799211836,45.56594657445635,4600
2025-12-31,45.44785690307617,45.54507751192057,45.44785690307617,45.49547570109443,1900
2026-01-02,45.416107177734375,45.435948657804694,45.37642800196911,45.416107177734375,3800
2026-01-05,45.52225875854492,45.55499360539767,45.40717968826223,45.51531442976171,15800
2026-01-06,45.53019332885742,45.53019332885742,45.40618692054842,45.4290029189522,4400
2026-01-07,45.551029205322266,45.59467819226693,45.54507638267063,45.57483671155332,4300
2026-01-08,45.47066879272461,45.515313067494986,45.46074994520633,45.48554895618965,3700
2026-01-09,45.564918518066406,45.564918518066406,45.55499588537928,45.55499588537928,900
2026-01-12,45.5282096862793,45.574833188758184,45.50043237230243,45.50538990381601,1500
2026-01-13,45.59963607788086,45.615507747507465,45.5530087909306,45.57582857344095,7700
2026-01-14,45.69884490966797,45.71372885906518,45.68892606111214,45.68892606111214,1500
2026-01-15,45.68892288208008,45.733563374038695,45.66412008585282,45.66412008585282,15600
2026-01-16,45.56987762451172,45.604599268481756,45.564916308408755,45.604599268481756,2600
2026-01-20,45.345672607421875,45.43594888234397,45.345672607421875,45.38634707411073,3100
2026-01-21,45.60459899902344,45.60459899902344,45.367496530707264,45.45578979181663,48100
2026-01-22,45.626426696777344,45.68396434352236,45.530197593815465,45.55499660717511,11400
2026-01-23,45.660152435302734,45.664118460557695,45.59467517484347,45.62443928613188,4700
2026-01-26,45.68892288208008,45.72364452617302,45.677017237140966,45.72364452617302,3700
2026-01-27,45.64527130126953,45.67899765272052,45.64527130126953,45.674040121257235,2000
2026-01-28,45.60062789916992,45.64427688313219,45.59467507692502,45.64427688313219,3900
2026-01-29,45.63039016723633,45.65420145722891,45.5579723596556,45.5579723596556,4200
2026-01-30,45.634361267089844,45.649241431568164,45.60955847004231,45.60955847004231,1400
2026-02-02,45.562652587890625,45.562652587890625,45.562652587890625,45.562652587890625,600
2026-02-03,45.572608947753906,45.572608947753906,45.523808751985136,45.523808751985136,1000
2026-02-04,45.527793884277344,45.543727556540546,45.508870273990496,45.52380856663211,1200
2026-02-05,45.72797775268555,45.74291604610755,45.668220779838485,45.668220779838485,25200
2026-02-06,45.74988555908203,45.75287169797593,45.66323814209336,45.72299511240137,10700
2026-02-09,45.742916107177734,45.77279269406163,45.69312052931823,45.703078125226504,1600
2026-02-10,45.842506408691406,45.9122209762275,45.842506408691406,45.88234438990032,1300
2026-02-11,45.77279281616211,45.82059763479929,45.762835220227274,45.80267320228477,29300
2026-02-12,45.96202087402344,45.99189746068974,45.88234491070123,45.88234491070123,2900
2026-02-13,46.086509704589844,46.11140559267147,46.06161001734935,46.06659071462923,4300
2026-02-17,46.126346588134766,46.126346588134766,46.08153170746658,46.1114082945787,1700
2026-02-18,46.0815315246582,46.11041273197323,46.0815315246582,46.08651222221017,1500
2026-02-19,46.11638641357422,46.11638641357422,46.041691150811374,46.041691150811374,700
2026-02-20,46.126346588134766,46.126346588134766,46.06061733665628,46.10145069859436,1100
2026-02-23,46.12734603881836,46.12734603881836,46.11339932570354,46.12734603881836,1900
2026-02-24,46.1004524230957,46.1004524230957,46.1004524230957,46.1004524230957,400
2026-02-25,46.09547424316406,46.13132690723628,46.09547424316406,46.13132690723628,2600
2026-02-26,46.131324768066406,46.131324768066406,46.131324768066406,46.131324768066406,300
2026-02-27,46.211002349853516,46.211002349853516,46.12136879110446,46.14128778184414,1100
2026-03-02,45.983001708984375,46.0,45.970001220703125,45.970001220703125,1000
2026-03-03,46.005001068115234,46.029998779296875,45.7400016784668,45.7400016784668,2800
2026-03-04,46.0260009765625,46.064998626708984,46.0,46.0,3100
2026-03-05,45.834999084472656,45.849998474121094,45.81999969482422,45.84000015258789,2100
2026-03-06,45.77799987792969,45.78499984741211,45.63800048828125,45.63800048828125,1300
2026-03-09,45.92100143432617,45.92100143432617,45.65999984741211,45.65999984741211,1600
2026-03-10,45.724998474121094,45.88999938964844,45.724998474121094,45.82600021362305,2200
2026-03-11,45.39099884033203,45.45000076293945,45.37300109863281,45.45000076293945,2000
2026-03-12,45.139400482177734,45.28499984741211,45.139400482177734,45.28499984741211,2537
