date,close,high,low,open,volume
2021-03-15,205.88812255859375,206.78599003770094,203.423767533435,204.6081906340396,1130100
2021-03-16,205.77345275878906,206.59490427892644,202.8219639360758,206.59490427892644,1279300
2021-03-17,202.9461212158203,206.6904070867193,202.33480953434335,206.1459646800824,1365800
2021-03-18,196.76617431640625,202.43991973303548,196.67065092612927,201.61846813105174,2106200
2021-03-19,196.25991821289062,198.56189474867844,195.37159738701953,197.0049539637131,3603300
2021-03-22,194.7316436767578,196.89034984699492,194.1203318796161,195.4766794740611,1956200
2021-03-23,191.80877685546875,194.6647566543211,190.85360142004504,193.90061339101803,1600500
2021-03-24,192.6302490234375,194.82715567607514,192.34369344703745,192.4201092390656,1099300
2021-03-25,195.87782287597656,196.00198576494512,190.72941356746003,191.5222108846856,1579100
2021-03-26,199.79408264160156,200.09974583584818,195.6199698470814,197.0813873793677,1326000
2021-03-29,196.29812622070312,198.90576602169742,193.3466372062037,198.7720420248379,1565700
2021-03-30,195.2283172607422,196.87122026483752,194.71252891053612,196.52735650642637,1515800
2021-03-31,192.5442657470703,196.1452812144314,192.4583034559617,195.15189060110814,1506600
2021-04-01,198.6478729248047,198.7433963158047,193.29888367491395,193.8337796849384,1144800
2021-04-05,200.50088500976562,201.50382216124734,197.47298053992446,199.90866631161038,1074500
2021-04-06,198.94398498535156,199.6126050313333,198.17029503394244,199.05860140042734,734200
2021-04-07,200.2812042236328,201.50384234804085,199.43109855907994,199.58393014648374,977000
2021-04-08,203.27088928222656,203.7293694265237,200.52954034937991,200.52954034937991,922200
2021-04-09,203.73895263671875,203.95863893755933,201.4847377014364,203.25180376660023,745700
2021-04-12,204.8469696044922,205.48693552005855,202.95571138554573,203.71985479548965,1008900
2021-04-13,204.0732421875,205.84032271357768,203.04166546099657,203.50014562553383,759600
2021-04-14,203.82492065429688,206.46120006275646,203.45240275337517,204.24520025017225,1109000
2021-04-15,207.8843994140625,209.31716269285124,205.56332989833916,205.56332989833916,1169300
2021-04-16,208.03724670410156,210.37742398786693,207.4641355193814,209.23121619324948,973800
2021-04-19,206.22238159179688,208.25691004086372,205.085735006338,207.71246759276573,598900
2021-04-20,203.4810333251953,205.68748637356765,202.61182013195125,205.24811381037748,843300
2021-04-21,205.52511596679688,206.69043127329127,203.88221289779892,204.22607666979434,756200
2021-04-22,206.48983764648438,208.11364769607297,203.9681748477771,205.20035943482625,894000
2021-04-23,207.1967010498047,209.89030338913045,205.45828893899434,206.24152539611308,923800
2021-04-26,208.57212829589844,210.9123054180133,206.6426696537646,207.9130548514434,933900
2021-04-27,206.7955322265625,208.87780818793982,206.15556627765778,208.42888903259094,730000
2021-04-28,208.10406494140625,210.12904675095453,207.30172108328614,207.30172108328614,583300
2021-04-29,209.41268920898438,209.79475359245103,206.83370360870748,209.40312812576343,619200
2021-04-30,205.0093536376953,207.97995048080273,204.27386430906358,207.46414746987836,1023100
2021-05-03,202.9461212158203,207.03427081847636,202.4398794127919,206.10774950165373,1253600
2021-05-04,196.28855895996094,200.7014649646071,194.78892647710214,200.644156768415,1740800
2021-05-05,191.27391052246094,197.96013960439464,190.84408442501544,197.96013960439464,1596500
2021-05-06,191.87564086914062,192.14308881773812,188.5707275402999,191.93294906172292,1819000
2021-05-07,192.38192749023438,193.7478216477323,191.3789901619243,192.57295970162116,1360600
2021-05-10,186.55535888671875,192.9263788945811,186.47894308368478,192.70669257012355,1552500
2021-05-11,186.31655883789062,187.76842989812042,182.5436179580181,184.58769325374712,1937700
2021-05-12,186.1923828125,187.8543936935957,183.8713129745035,184.81694211673752,2046700
2021-05-13,187.86392211914062,189.4495170464807,185.90582388126685,187.21440973434437,1522700
2021-05-14,190.01303100585938,191.27386950110593,188.46565155698372,189.14383248848506,1229400
2021-05-17,187.98809814453125,189.248936869672,186.6795123016261,188.52299412192832,960700
2021-05-18,186.79412841796875,189.27759068044952,186.58398863076704,188.580302034361,1388000
2021-05-19,186.03955078125,186.1159665762113,182.39077308966773,183.47967266192634,1747900
2021-05-20,186.69857788085938,189.09606273105197,186.0968127542917,186.86095593925626,1606000
2021-05-21,184.92198181152344,188.3892589502998,184.79780433313013,187.491391652302,1894400
2021-05-24,186.49798583984375,187.30989071183984,185.74340373131227,186.38336946255265,2180400
2021-05-25,186.36428833007812,187.40542610445112,185.08435668590462,186.48846580631715,2013700
2021-05-26,184.16737365722656,186.80366719096295,183.57516955028947,185.85803826149396,1747600
2021-05-27,184.54945373535156,186.6126216151488,184.14826722349204,185.30403592232037,2154900
2021-05-28,185.02706909179688,186.211477490005,184.04322482983287,185.30406359868732,1638700
2021-06-01,184.98886108398438,187.20487552437976,184.58768907146245,186.62221781158814,1220400
2021-06-02,187.21438598632812,188.8859430040632,185.38045089299155,185.944000903871,2119100
2021-06-03,184.75961303710938,186.1732834474836,183.62296629304424,185.22765433748205,1447800
2021-06-04,185.49508666992188,187.04248095323916,184.9506441918603,186.00132853936344,875800
2021-06-07,182.6295623779297,186.37384878767563,182.16153568597534,185.80075220215193,1270500
2021-06-08,182.91612243652344,184.53991799749673,182.7441978291037,183.18357043128032,1670800
2021-06-09,183.34593200683594,185.256282982838,183.22176910427427,183.78531914423777,1281900
2021-06-10,183.26467895507812,184.43117936814687,182.6909995551447,183.5802091903814,1300300
2021-06-11,185.01443481445312,185.76978448546643,183.4845938586825,183.61845384808908,1155200
2021-06-14,183.78102111816406,185.13874810614124,182.26073630145044,185.01444432757057,2795100
2021-06-15,185.82713317871094,186.58248271810996,182.7292123484061,184.40246921925763,1444600
2021-06-16,183.53240966796875,186.92673436073463,182.72924970726865,186.18094088442095,1407400
2021-06-17,184.79452514648438,187.78725517959097,183.29336743167158,183.43679822798543,1741400
2021-06-18,182.46151733398438,185.5498677808435,182.28940330286397,183.1881837362912,2102600
2021-06-21,185.1865234375,186.27654490278044,181.91650281058992,183.35072315167207,1296700
2021-06-22,185.0718231201172,185.88455395926303,183.45593224982605,185.37779718320854,1110300
2021-06-23,182.42324829101562,185.26300555908364,182.05992241455166,185.26300555908364,1344000
2021-06-24,183.11170959472656,184.66067768002236,182.16513338722729,184.26865390234812,1776700
2021-06-25,183.80010986328125,184.29731032383353,182.6718635527842,183.4845796434871,2180700
2021-06-28,181.31414794921875,185.1482919062224,179.87035674002436,184.4885481867421,1301300
2021-06-29,179.29666137695312,182.41369485533136,179.19148463987923,181.6392182412613,1315400
2021-06-30,179.3157958984375,180.44405690691005,178.6082564797303,179.9086169393549,1356700
2021-07-01,183.78102111816406,184.12523462142906,179.44010557200826,179.65045907898386,1526400
2021-07-02,184.8805694580078,185.29170563151976,184.07740954488384,184.55548300597823,1067100
2021-07-06,184.39292907714844,185.48293592159004,183.14993523252193,184.49810581607014,1809400
2021-07-07,183.58023071289062,185.29172748603014,183.40813124962733,184.81365396854866,1241200
2021-07-08,179.87033081054688,181.54358770555356,179.37314498057304,181.01771863883673,1437100
2021-07-09,182.0216827392578,185.320401253214,181.40974929993513,181.7444065545708,1838400
2021-07-12,181.28549194335938,181.61057844857706,180.06162484988974,180.99864490184223,1732300
2021-07-13,182.71969604492188,184.14434572592413,180.61616099036976,180.79783125323067,1974100
2021-07-14,184.5554962158203,185.27260645879014,183.31250221007684,184.0200562354127,2938500
2021-07-15,186.60162353515625,188.00716057776046,183.80967647212867,183.86704294902793,2551900
2021-07-16,186.1904754638672,188.24619998322748,186.1331089861476,187.33784878718927,1466800
2021-07-19,177.89109802246094,183.80964848202282,176.2943347701296,183.76183822867284,2413000
2021-07-20,180.47271728515625,182.0790369843213,178.15884366727724,178.43611983333201,1452400
2021-07-21,183.39854431152344,183.57065834929477,180.32932076944024,181.3619466374897,1172100
2021-07-22,182.69097900390625,184.46939807432207,181.52447872205923,183.7044922937898,1090100
2021-07-23,184.5650177001953,185.7793282348707,183.70449140643188,184.21124804892585,963200
2021-07-26,182.73875427246094,184.4980753043496,182.0503274751221,183.8956982092679,1272600
2021-07-27,184.24952697753906,186.792881540403,181.8400324132656,181.8400324132656,1761200
2021-07-28,183.21685791015625,185.65503533792756,182.538001805067,184.53634525475698,1679100
2021-07-29,184.79452514648438,186.64945256417766,184.45031166083362,184.59372786750285,1490700
2021-07-30,184.9283905029297,186.35304016267236,183.25513329155243,183.84793974918253,2135500
2021-08-02,164.2564239501953,186.81193415014258,163.13773413839039,185.54981358935356,8546900
2021-08-03,162.13385009765625,168.74081462893903,157.5634541193515,166.82852067252426,7111100
2021-08-04,158.18495178222656,162.42067571521105,156.84633731502694,160.74741857344486,4024200
2021-08-05,162.83180236816406,163.08039528299244,158.6725579673716,158.75860767754577,2596300
2021-08-06,168.51136779785156,171.40849230313276,163.38641882999255,164.4572988983179,3401300
2021-08-09,166.21656799316406,169.57265283643966,165.17437140879952,168.54956868488745,3212900
2021-08-10,162.30593872070312,167.0101797888316,161.8374214803715,166.05403287442394,4329300
2021-08-11,162.124267578125,164.01743437310657,160.94821096499263,163.37681769474523,4280700
2021-08-12,160.47967529296875,162.70749908609443,159.14107560980594,162.54495588097055,3321900
2021-08-13,163.89315795898438,164.4572811777887,158.87338629512743,160.59445378352171,3110400
2021-08-16,160.7473907470703,163.2811884483439,160.06853470869743,162.9560874575194,2185800
2021-08-17,159.86776733398438,161.27330451951906,159.36101061698423,159.5235538479423,3655600
2021-08-18,159.04547119140625,161.45496545461256,158.5482853099914,159.49486139973246,2448600
2021-08-19,155.85195922851562,158.90207045818994,155.37388573394963,157.7642532067796,3746700
2021-08-20,155.90931701660156,156.90371800003058,155.10615709204734,155.61291380084782,3806600
2021-08-23,158.5769805908203,159.3132032521567,157.34354283102675,157.44871958116693,2170400
2021-08-24,159.96339416503906,160.756997916604,158.91162664136374,158.91162664136374,2185400
2021-08-25,158.0032958984375,160.6327002174735,157.93635860365023,160.6327002174735,1596900
2021-08-26,154.6185302734375,157.11407440571492,154.52290974222745,156.78897335338758,1817500
2021-08-27,156.94195556640625,157.21923175500166,153.57631430786873,154.2743120671311,2340600
2021-08-30,154.2264862060547,158.80642309070439,153.97787869351336,157.55387308092173,2308200
2021-08-31,155.50772094726562,156.51167804379352,153.98745097832952,154.81929405762608,2064400
2021-09-01,155.3834228515625,158.3188007504056,155.3356271796972,155.9762438329125,2102400
2021-09-02,151.63534545898438,155.98581711876514,151.4919292484077,155.33564417795756,3078300
2021-09-03,151.08074951171875,152.6105902163965,150.0959194820867,151.54926669256633,2691600
2021-09-07,151.6544647216797,153.28948238679584,150.6122680724439,151.59709824038515,1647100
2021-09-08,162.56410217285156,163.11866913294241,153.1364930305949,153.31816327834034,5848900
2021-09-09,164.77606201171875,168.2711318294189,162.755620428057,162.97585398140512,5800700
2021-09-10,159.3083953857422,166.50921193379722,157.67098477789824,165.7144396566242,3786700
2021-09-13,157.7763214111328,160.86921957736757,156.87621748762183,160.16062370731836,2365800
2021-09-14,155.22926330566406,158.2072603558609,154.9994448135729,158.2072603558609,2448400
2021-09-15,158.44662475585938,158.78177484552447,153.95568953222087,155.31541585946488,2601900
2021-09-16,157.02940368652344,159.24135275044625,156.40698435226943,157.79543577310457,1833600
2021-09-17,155.15261840820312,156.9241008077221,154.1950635135719,156.55065498326107,2129300
2021-09-20,153.3236541748047,153.6492338778679,150.64251269869723,152.44270560249436,1705100
2021-09-21,149.93392944335938,154.0226924515549,149.8573233075028,153.9843820780634,1733800
2021-09-22,154.2908477783203,155.13348627526224,150.51807859498078,151.78204364595885,1604400
2021-09-23,157.01983642578125,157.22092936832854,154.3195394116778,154.4727516906541,1441800
2021-09-24,154.77914428710938,158.15931127830711,154.21419050923225,157.15387590053183,2066000
2021-09-27,156.66554260253906,157.80503516097536,154.01311169527466,154.71213722459595,1952300
2021-09-28,155.22926330566406,156.8954144982785,154.29086336577242,155.66974509605586,1832800
2021-09-29,153.8790740966797,156.68471763513486,153.82162313874693,155.6314013692721,1233400
2021-09-30,150.8915252685547,155.26754421261577,150.8436445942296,154.78876669162574,1835400
2021-10-01,153.06517028808594,154.09931681470937,148.574235067974,151.08302445461038,1644300
2021-10-04,149.58924865722656,153.26625648300447,147.50177108424631,152.84492993004716,1644300
2021-10-05,150.92979431152344,152.39485209739934,148.9955439892952,150.13502201409926,1579700
2021-10-06,151.82034301757812,151.84906849771244,147.9518127666909,149.15834137684953,1339500
2021-10-07,153.0843048095703,154.9228085557748,152.44274474796217,152.9502477013407,1874600
2021-10-08,152.6246795654297,155.535640121009,152.3469950648862,153.4386070996195,1364600
2021-10-11,145.03123474121094,152.72039746607444,144.46626638927006,152.643791340199,1987000
2021-10-12,144.58123779296875,146.20907840545388,142.99169295240313,145.08874078490007,1804100
2021-10-13,146.02711486816406,146.29522905772032,142.37883322136935,144.1694561182903,1934900
2021-10-14,148.39227294921875,148.87105036349354,146.5058887680859,147.66453653952684,1551700
2021-10-15,153.76414489746094,153.82159584519982,149.38811263708683,149.67538198690724,1606300
2021-10-18,152.59593200683594,154.78872604830468,151.3223823820664,152.5097555823566,1478200
2021-10-19,154.1567840576172,155.2579664585051,152.7300218536485,153.45775839056202,1441500
2021-10-20,154.4632110595703,156.1102070027677,152.9598571482529,153.35244363534298,1283200
2021-10-21,153.19921875,153.37157162432743,151.82033731086563,153.37157162432743,721900
2021-10-22,151.29364013671875,154.22375513323217,149.80942745365886,153.30451081842892,1093700
2021-10-25,151.08299255371094,152.64381152619015,150.70954677263555,151.51388928400922,1368800
2021-10-26,149.34983825683594,152.42358128991674,149.00511790992584,152.22250294404395,1437100
2021-10-27,138.01239013671875,148.63167029593467,136.2792181340795,148.42100705251826,4573000
2021-10-28,136.7771453857422,139.6593951328754,135.72384370869474,139.40085120557228,2852500
2021-10-29,136.9207763671875,138.14644543409833,136.2313356906592,136.34623759970464,2890000
2021-11-01,139.6306610107422,139.75513321081945,136.4802972418183,137.38997146468617,3703500
2021-11-02,126.73237609863281,134.38322914517693,123.15111609929511,132.1712800263106,8256700
2021-11-03,129.14541625976562,131.46269721321087,126.66535273727851,126.97177729862364,6155300
2021-11-04,129.87318420410156,133.2437671511715,128.59004945024247,129.26991990232935,4599200
2021-11-05,130.9456329345703,133.9810802225701,129.8157251628092,132.07554070633142,3200300
2021-11-08,128.87730407714844,131.53930539791585,128.40811155059657,131.02223220651874,2774100
2021-11-09,127.18243408203125,129.88273098909193,126.90473501100412,129.5571658675184,3255700
2021-11-10,126.85688018798828,129.33695870098296,126.01424173764443,127.12499441461536,3629600
2021-11-11,123.2085952758789,127.41226097695679,122.48085876435978,126.90475801570425,3530300
2021-11-12,126.0525131225586,126.31105700933566,123.42880771398728,123.52456903831262,4278900
2021-11-15,126.19615173339844,127.73781568108276,126.03336915645389,127.30691890550858,2514700
2021-11-16,123.86931610107422,127.33566054556677,123.41926407958013,125.93763841971136,2418400
2021-11-17,120.18270111083984,123.5341354970024,117.35791015876178,123.5341354970024,4765500
2021-11-18,121.46582794189453,122.74895520472158,120.22101105425189,122.73937030536194,4939700
2021-11-19,120.58489990234375,123.67780572729565,120.47956826924366,121.24561518168713,3874100
2021-11-22,118.2867431640625,122.02120834166926,116.50569065328948,120.69020775536387,2971300
2021-11-23,119.74224853515625,120.68064828810792,117.77925797993161,118.7368129228579,2616900
2021-11-24,119.27302551269531,121.50412998674032,118.84212876783084,119.50284392848228,3053600
2021-11-26,117.93246459960938,118.78468787333829,115.12682845969023,115.95989654436676,2308900
2021-11-29,115.15557861328125,119.97207960750104,115.14600101670275,119.47414686333907,3087500
2021-11-30,113.98733520507812,115.67263386033031,111.79453362602419,114.9065870246073,5403200
2021-12-01,112.85742950439453,116.24717497954033,112.17756635142405,115.84500364492082,3399600
2021-12-02,116.6397476196289,117.21428634294375,112.76165507063371,112.91486003943788,4636500
2021-12-03,115.16511535644531,117.31004342013277,113.0680752617004,117.0131964571972,3486800
2021-12-06,121.63818359375,123.43839127138688,115.27044279018631,116.1322435608036,4235100
2021-12-07,124.26190948486328,126.87603039740695,122.5670331386271,122.5670331386271,3593800
2021-12-08,124.58747100830078,126.69408890640005,122.88302442256449,123.84057934089402,1743200
2021-12-09,121.96375274658203,125.71735835720561,121.71478646273975,123.76395307032956,2652500
2021-12-10,120.46041107177734,122.04994842970632,118.9953459170683,120.23059263247147,2280700
2021-12-13,121.56159210205078,122.56702767315781,119.790116991325,120.21144348673201,1985000
2021-12-14,122.7872543334961,124.09911441366012,120.1731336839178,120.8146936801301,2962400
2021-12-15,122.86400604248047,124.5526040012586,120.63813955835053,124.03450612220847,1878200
2021-12-16,121.73188781738281,124.73488657817865,120.94515930996286,124.70610498836878,2910200
2021-12-17,122.87362670898438,123.6123737787524,118.27797051922889,121.18502851598124,3410200
2021-12-20,118.65213012695312,120.41747656014529,117.08826945676117,120.07208285190843,2769000
2021-12-21,126.5002670288086,127.40211476563293,119.09349315095679,119.92819603046989,3160900
2021-12-22,129.368896484375,130.0980690397485,126.76886226940057,127.59396856544552,2516200
2021-12-23,129.8773956298828,130.8560135158028,128.56298767934743,128.89879238363082,2064600
2021-12-27,128.1216583251953,129.78147476695773,126.30834494935505,129.66633376681256,1678900
2021-12-28,129.66632080078125,131.14384393093198,126.7688669942976,127.3349243962595,1217300
2021-12-29,128.79327392578125,130.61617637180123,128.4286875807092,129.34974242732855,1005300
2021-12-30,130.7600555419922,132.19919335823087,128.73566776156312,128.80283455336104,2026500
2021-12-31,129.6951141357422,131.5851832806595,129.31134984465686,129.71430674219724,1293200
2022-01-03,135.9505615234375,136.35351839102154,130.08847237893843,130.22279133479978,3071000
2022-01-04,139.5292205810547,140.4982495467034,135.03911700364077,137.37051355968208,3985000
2022-01-05,140.47906494140625,145.20903976358213,139.1166826337533,139.52922852762572,5054500
2022-01-06,145.12271118164062,147.33899661795792,141.54405778791767,142.0237705885653,4486800
2022-01-07,144.105712890625,147.52126546381726,143.77951172120146,143.97139390088165,2698000
2022-01-10,141.04513549804688,145.2378348289677,137.54323832824088,144.66217368120755,2505400
2022-01-11,143.0503387451172,143.7986894160201,139.84584665417833,141.51525218755353,2396100
2022-01-12,142.69534301757812,143.7890874445175,139.06871598932278,142.69534301757812,1678700
2022-01-13,143.18466186523438,145.63118509263688,142.6185897139504,142.71453811645162,1565300
2022-01-14,144.44146728515625,144.5565936248592,141.55358805382835,141.8030479760738,2064700
2022-01-18,141.13143920898438,144.87319127342525,139.52918639610127,143.4724241746268,2243600
2022-01-19,139.9417724609375,142.88720046916114,139.8266461115915,141.11227247818204,1843600
2022-01-20,138.98236083984375,143.3189676474231,138.71372290518275,140.07610518515474,1737700
2022-01-21,135.0583038330078,140.3927061686497,134.91438125393736,140.3927061686497,2420400
2022-01-24,135.0966796875,135.37492123411778,129.33053866845916,132.40069682635388,3157400
2022-01-25,133.83984375,135.32695605293398,129.6663373900998,132.89961095394628,2059300
2022-01-26,134.78009033203125,138.65617755574408,133.686345846067,136.0177574270024,2492000
2022-01-27,135.30775451660156,138.7233063843409,133.71510493882727,136.12327191139423,2578300
2022-01-28,141.35214233398438,141.35214233398438,135.34614475343102,135.4324895237083,2942100
2022-01-31,143.7986602783203,143.86581243278394,139.07828983384846,139.48124667963256,2411300
2022-02-01,145.46804809570312,146.1012722584454,142.14844501163094,143.11745921970586,1769600
2022-02-02,144.71014404296875,146.75372495964393,143.453299031375,145.83267007560602,2046600
2022-02-03,138.66575622558594,143.37653860036806,138.46428508350294,142.59940634442168,2325400
2022-02-04,139.87461853027344,140.81486593531372,136.61257812162458,137.28417295403236,2327100
2022-02-07,140.91079711914062,142.27317936565836,138.51223373308773,140.45027704812583,1919600
2022-02-08,138.17645263671875,138.6753433129287,134.6073889147889,138.53143535626623,3110800
2022-02-09,140.4311065673828,142.12929381137144,139.36614367059963,140.33517280062742,2496000
2022-02-10,139.62515258789062,146.78247124704927,136.26716428199683,136.75646587914687,2917800
2022-02-11,140.7476806640625,144.0481058527383,139.99933014333573,140.52701695658342,2151400
2022-02-14,140.99717712402344,142.50346753787528,139.7115358351444,140.76690973504407,1830400
2022-02-15,138.0996856689453,141.38091857230015,137.09228613483586,139.9129989744748,3163600
2022-02-16,138.43551635742188,139.0783444061479,136.65098411748667,137.77352497652134,2156500
2022-02-17,132.21841430664062,137.16905296934348,132.06490272647852,136.67975127720555,2332600
2022-02-18,131.07667541503906,132.9283737947025,129.8102416740457,132.16083065245343,2104900
2022-02-22,130.5010528564453,131.80587204451692,128.92759571550638,129.80066174249004,2353100
2022-02-23,128.1024932861328,131.45087881835155,127.79547010765393,130.76969493056674,1899800
2022-02-24,129.9733428955078,130.18441762672666,123.28614757198618,124.53340335473362,3697900
2022-02-25,132.00735473632812,132.80367968043794,128.59180220281644,129.98296628892584,1733200
2022-02-28,127.96815490722656,130.5298187757037,126.13564901759993,129.48404868191753,3116300
2022-03-01,123.68912506103516,128.74530119186625,122.55700275734353,127.24859985878874,2284000
2022-03-02,130.30917358398438,130.808064284841,123.4684653390556,123.4684653390556,2806000
2022-03-03,125.1858139038086,131.17263327845936,124.4662449008795,130.89439173244557,2081100
2022-03-04,122.83523559570312,125.44487391446641,120.3215456749987,124.51423008404207,2906900
2022-03-07,117.67352294921875,122.7680693152833,117.61595244960223,122.52821297307936,2636900
2022-03-08,118.21080780029297,121.91419059105533,116.07129316428632,116.7812659416314,2031200
2022-03-09,122.90238952636719,123.38210218706391,121.11785052315435,121.75107474879448,1379900
2022-03-10,122.20063781738281,122.57554478036045,119.91273576889112,119.91273576889112,1145900
2022-03-11,122.07563781738281,123.89250383998494,121.71034600023027,123.89250383998494,1131000
2022-03-14,122.17181396484375,124.64236605981716,121.32587121693213,122.63324194907217,1197100
2022-03-15,123.5272216796875,124.4885230157162,121.2681650068495,123.03695594475167,1530600
2022-03-16,128.3817901611328,128.42023575866804,124.86342392076814,125.60363002089039,1509100
2022-03-17,128.26646423339844,128.31453224660322,125.28643810257819,126.43038934268043,1674000
2022-03-18,129.7757110595703,129.9391305651533,127.15136189860016,127.84350019771503,3192200
2022-03-21,129.19891357421875,130.11216171859903,128.08381500075373,129.76609259764874,1787400
2022-03-22,131.65020751953125,133.03448371131103,129.86218654986462,130.0736740051806,1752800
2022-03-23,129.04510498046875,131.2464787283909,128.59329214983183,130.37169093560067,1605600
2022-03-24,129.70838928222656,130.16982450978193,128.41064120900174,128.98741324100328,1117700
2022-03-25,130.91966247558594,131.0734742463672,129.51615573672808,130.3813359461493,1746000
2022-03-28,130.26596069335938,131.07346509946075,128.2472363488479,130.80430185352589,1410200
2022-03-29,134.95712280273438,136.0914662490365,132.65961270565103,133.38058886166,2033600
2022-03-30,132.1981658935547,134.83212220752466,130.75621386708838,134.19767446378333,1937900
2022-03-31,131.54449462890625,133.69781528405048,130.54474751619813,131.49642661992192,1799400
2022-04-01,134.37071228027344,134.51490162699193,131.2945506478147,132.54424543645922,1546400
2022-04-04,135.06285095214844,136.11066599074567,134.33226714573397,134.38032048261059,1676300
2022-04-05,133.99583435058594,135.96650563650556,133.47673792160313,135.34165077261457,1654900
2022-04-06,133.52476501464844,134.2938091052952,131.13113380123406,132.82301906602015,2153000
2022-04-07,129.40077209472656,132.7653267361201,127.3339801109025,132.75571900344485,2330400
2022-04-08,129.68919372558594,130.97733426327002,127.89154987905334,128.86247381799964,1502300
2022-04-11,130.93887329101562,131.89055231215008,128.48755172851673,128.81439069197108,1202400
2022-04-12,129.84300231933594,132.34237745057243,128.90091627601964,131.28495458792133,1400700
2022-04-13,132.71728515625,133.20755831787451,128.31452244599964,128.31452244599964,1324000
2022-04-14,134.5341339111328,136.5048048014324,133.13064201967367,133.26522363485873,1819800
2022-04-18,134.78407287597656,137.54300314133286,133.7650810923219,134.5629629975155,1269000
2022-04-19,139.00421142578125,139.5617534224089,134.96673313965246,135.26474894458497,1547900
2022-04-20,137.9563446044922,141.03252050630894,137.86022327524404,140.090434668938,1461900
2022-04-21,136.50479125976562,140.20580731264747,135.92800458430798,139.48483130247266,1282300
2022-04-22,129.2373504638672,135.7453644397167,128.91051153885635,135.6684585747211,1887300
2022-04-25,130.47743225097656,130.77543333196516,125.31524853222511,128.48754602111674,1707700
2022-04-26,125.97856903076172,129.42003028449136,125.45945798788159,128.76633761351218,1267700
2022-04-27,130.91001892089844,132.16933608886524,126.2381081517221,126.2381081517221,2342200
2022-04-28,138.32168579101562,138.3409159300215,132.95762113563717,132.95762113563717,2805500
2022-04-29,131.67909240722656,138.1294327611998,131.14076584447383,136.48560052937395,2685400
2022-05-02,119.54743194580078,128.33372536535634,114.1641460564804,128.2087515007345,7150000
2022-05-03,123.11388397216797,125.74784056237678,117.48064954376937,117.48064954376937,3425600
2022-05-04,128.50677490234375,129.04511605291802,121.94109136295448,123.594538417411,2107900
2022-05-05,121.01824951171875,127.19942600199481,119.65320309382403,126.11315057487055,2298800
2022-05-06,116.31748962402344,120.1530808233531,115.89451458755389,119.88391755801753,2114000
2022-05-09,113.79885864257812,115.90411108419612,112.3761366583117,114.29873948451326,2553500
2022-05-10,114.32756805419922,117.14418125885109,110.95339831510431,115.98100752370777,2445900
2022-05-11,112.7029800415039,116.500125172763,111.72245578868456,113.452793999686,1542400
2022-05-12,113.26053619384766,114.07764095698013,110.35740905088988,111.28986529380933,1784600
2022-05-13,117.47103118896484,119.0571800068773,114.45254530151468,114.73132359483304,1501800
2022-05-16,115.2792739868164,117.7017578711449,114.24106660781848,116.45206298892721,1371700
2022-05-17,119.1917724609375,119.23022540152876,115.83683223644762,118.55731727655319,1352700
2022-05-18,115.03893280029297,117.86516116550237,114.50060638183304,116.72121019212764,1729700
2022-05-19,115.80799102783203,117.44220061805773,113.0298303239594,113.44319025571977,1208700
2022-05-20,117.3749008178711,117.76903791677738,114.06802895120646,117.42296882208085,1105000
2022-05-23,120.16268157958984,120.28764812813932,116.1059882759992,119.12447425054665,1534800
2022-05-24,118.1054916381836,119.02834011027042,115.67340024807753,118.47078353313013,1123800
2022-05-25,120.63370513916016,121.79687890009518,116.84618278285238,116.99037211896834,1218100
2022-05-26,123.67142486572266,124.15207558757668,121.82573518814668,121.82573518814668,949000
2022-05-27,127.13214111328125,127.15137125308748,124.0752089575412,124.132884708661,993000
2022-05-31,125.96894836425781,126.83412855821923,124.70964568362145,125.97857076744583,1782100
2022-06-01,122.57554626464844,126.61301663397536,121.46043309572121,126.11313578785358,1420200
2022-06-02,126.45918273925781,126.47841287143584,122.47939613940511,123.02733756013421,1072500
2022-06-03,124.66155242919922,125.58440818222462,123.70025107609943,124.94033803584311,1614700
2022-06-06,124.1712875366211,126.85332638598305,123.39263582819144,126.6898922563899,1126900
2022-06-07,123.89253234863281,124.15207317221157,121.7488269438443,122.17179458362644,1247800
2022-06-08,122.78702545166016,123.96942934678411,122.32559757366984,122.9504449220151,653300
2022-06-09,117.5954360961914,121.78530324426058,117.5280133352252,121.58303496136197,913400
2022-06-10,113.11662292480469,115.52458913251235,112.5387051561311,114.99483362740479,2033800
2022-06-13,106.09500885009766,110.40045426544815,105.30519610679947,109.88033260300338,1974000
2022-06-14,108.02139282226562,108.60893731318035,105.64232043258332,105.99870216677911,1470700
2022-06-15,108.69561004638672,110.82425162314135,106.68255351104409,109.73585337350227,1670400
2022-06-16,103.04170989990234,105.21850641365631,101.63545093989585,105.21850641365631,1828500
2022-06-17,106.19131469726562,106.89444409596128,103.37881179954307,103.42696671681837,2759300
2022-06-21,107.41455841064453,109.60099594522482,106.84628188619972,108.20437106996802,1464800
2022-06-22,107.20267486572266,108.30070703611507,105.41114714591804,105.87347261317231,1125400
2022-06-23,108.74376678466797,109.51431164261763,106.97149964917588,107.79021412425993,1181000
2022-06-24,114.4843521118164,115.05262864004207,110.02480110125649,110.37154149312956,5806900
2022-06-27,112.71209716796875,114.10872220246684,110.71830112085087,113.86792554291864,1592800
2022-06-28,109.17720794677734,115.38976639856315,108.96530570289038,113.75234464486553,1296400
2022-06-29,108.61856079101562,109.35058473969707,107.22194301715925,109.34095081512024,1024900
2022-06-30,106.56697845458984,107.99249803811416,104.51539337988343,106.48029517680703,2137200
2022-07-01,106.8462905883789,107.35677831422811,104.25531626450585,105.44003902424677,2265700
2022-07-05,107.7131576538086,107.82873534104525,103.76409412172929,105.38224787981672,1667700
2022-07-06,109.17720794677734,109.99591514936058,107.27972902464737,107.89616790766517,1201600
2022-07-07,109.45652770996094,110.38118599010423,107.8094794595309,109.50468998072569,1008800
2022-07-08,109.10978698730469,109.90923370306507,107.54942925371063,109.37947808454162,825700
2022-07-11,107.43383026123047,108.42591124667048,106.97149747702439,107.8672612757428,967800
2022-07-12,107.98287200927734,109.55286383724149,107.0389457182748,107.0389457182748,1021800
2022-07-13,108.58003234863281,108.90751227648921,104.68875747030661,105.63267625527104,1175700
2022-07-14,107.23157501220703,107.74206277762353,104.65023441191404,106.02759166036387,1366800
2022-07-15,110.57382202148438,112.35571571991274,108.84008324280627,109.6780582105891,1645500
2022-07-18,109.07125854492188,112.54836307818643,108.35850245304172,111.81633913735935,1509000
2022-07-19,113.91607666015625,114.16650723530898,111.38289853180525,111.72964629785345,1700700
2022-07-20,115.45719146728516,115.57276916731696,113.11664751073434,113.76198083101622,1892200
2022-07-21,115.84245300292969,116.47815970737544,114.33988420846634,115.16822529990917,1304800
2022-07-22,114.33987426757812,117.17164507112733,113.67527319771735,114.95631307061153,1480200
2022-07-25,114.10870361328125,115.47642665305503,113.35741933364578,115.47642665305503,992400
2022-07-26,115.40901947021484,117.46060430678062,113.76197124674135,114.68662951175116,1709900
2022-07-27,115.89060974121094,117.98072286932127,114.88889480988131,116.87305682564222,1939700
2022-07-28,117.99999237060547,118.48158567038924,115.54386360229607,116.28552139914018,2114900
2022-07-29,117.81697845458984,118.81869334800987,116.72858029899923,117.85550679839795,2543400
2022-08-01,123.26862335205078,126.6397690775587,116.58410604799906,118.9631781074425,4798200
2022-08-02,121.7949447631836,123.16267534401543,119.91673379970888,122.05500926491437,2582100
2022-08-03,125.35875701904297,126.47605724216265,122.4017811648091,123.0085862075869,2649300
2022-08-04,123.8658218383789,126.56273297875887,123.0374732975695,124.82900858767559,2255900
2022-08-05,123.28788757324219,125.0697887021488,121.60231098532677,121.99722102750457,1166000
2022-08-08,124.56892395019531,126.22560606743444,123.96211169299114,124.40518399288298,2125400
2022-08-09,125.58026123046875,126.30265110925045,124.08731920824131,124.1162136276278,2026000
2022-08-10,127.71853637695312,131.16673112968917,127.67037411231564,129.02847061097017,2099700
2022-08-11,128.63356018066406,129.91459999096688,127.87263461432721,129.44263331441542,1811600
2022-08-12,130.45401000976562,130.9837656382806,129.3367099018182,129.4522876036532,1745100
2022-08-15,131.2148895263672,131.74464502764388,128.89362128868805,128.89362128868805,1577500
2022-08-16,131.1378631591797,131.84100003116941,128.36389546071476,130.0302043344153,1418100
2022-08-17,128.7587890625,129.95314584345738,128.32535799343935,128.83584576098718,1384000
2022-08-18,129.29815673828125,129.64490445459808,127.776320355394,128.46981578802766,1437100
2022-08-19,127.92079162597656,129.0862537113316,127.23693746852727,128.45054711931976,1510500
2022-08-22,125.17573547363281,126.93835399668787,124.71339532939646,125.71511761151424,1192200
2022-08-23,124.00064849853516,126.25450162112216,123.90432395945933,124.55929849164036,1160100
2022-08-24,123.28788757324219,124.674878659971,122.8737170319846,124.2799686177932,1254700
2022-08-25,125.08904266357422,125.1757406298529,122.75813278768011,123.40346606473223,1214800
2022-08-26,120.5235366821289,125.59952683370673,120.38869114593348,125.32020918625234,1550600
2022-08-29,120.22496032714844,121.75643095969318,118.71275754325671,119.25213972904297,1676400
2022-08-30,120.10935974121094,121.49635072353529,119.27139214649847,120.94733468445361,1722700
2022-08-31,119.65669250488281,121.49637536567661,119.46405074686011,121.09183869662645,2018100
2022-09-01,120.25384521484375,120.30200748412564,116.97900931400052,119.11728473597847,1937400
2022-09-02,119.48329162597656,122.39211170446072,118.78016222784147,121.68898230632563,1632500
2022-09-06,121.67937469482422,121.76605796847763,118.64533519192551,120.5428141217823,2249600
2022-09-07,124.96383666992188,125.58990209059121,121.57341567133163,121.58304959506629,3262000
2022-09-08,126.88055419921875,127.29473203887487,123.62499380604363,124.19327031674743,2520300
2022-09-09,127.74745178222656,128.33499623438027,126.24488293988257,128.05566387183097,1803800
2022-09-12,131.43646240234375,131.6098289522416,128.2675699566271,128.72989545341727,2161600
2022-09-13,127.30438232421875,129.12480457000552,126.79389455720876,127.49701672170248,3822300
2022-09-14,127.58370971679688,130.59847392763234,126.62052306988392,127.06358069710923,3125400
2022-09-15,126.83097839355469,130.652416071055,126.18442488199169,127.05294080748578,3002400
2022-09-16,126.10722351074219,126.46428644156387,123.48240824450664,125.07467272934878,3743100
2022-09-19,122.52706146240234,125.489628233085,121.36904749669654,124.78517654752508,2781600
2022-09-20,119.81538391113281,121.9769995368705,118.88896985196212,121.21464241547697,2762600
2022-09-21,116.50541687011719,121.5620566327461,116.3896132618396,120.8479527877675,2653500
2022-09-22,112.02777862548828,116.6212189079946,111.11102394231298,115.92641194867451,3148400
2022-09-23,111.01451110839844,111.10135828653615,107.95543779355737,110.46445689291463,2741900
2022-09-26,107.89752197265625,112.08565973892502,107.39572114584233,110.6670970658731,3007600
2022-09-27,104.2112045288086,109.1906489925434,103.75764962272117,108.7467462272566,2427900
2022-09-28,106.85533905029297,107.27993756372685,103.41026078573066,104.00856103361417,1690000
2022-09-29,105.70697784423828,106.63338464636252,103.2848056880767,105.64907971986389,1640500
2022-09-30,104.26910400390625,107.28957600696808,104.19190160680175,105.39816145246274,1749200
2022-10-03,106.86498260498047,107.3185375376485,104.48141169495179,105.54292637244149,2003700
2022-10-04,112.08567810058594,112.2690246099287,108.60199871152773,109.19065416701467,1818700
2022-10-05,113.10858154296875,113.66828792395457,110.13635527403696,110.18460861676644,1191400
2022-10-06,109.33540344238281,112.7901263004316,109.23889675765142,112.68397483716815,3149800
2022-10-07,108.3125,108.4862017411388,106.51758446237476,107.85894504466941,1748100
2022-10-10,105.90962219238281,108.4668947246386,104.64546413768024,108.26424393924229,1376500
2022-10-11,104.03752136230469,105.53328686885011,102.2233087768045,105.41748324586722,1632300
2022-10-12,103.42955017089844,104.52000648068189,102.64789610403581,103.96995225540333,1639700
2022-10-13,106.14122772216797,106.70093412843137,100.5827869502558,100.92053827733655,1622300
2022-10-14,106.2087631225586,109.61523970342228,105.95786637894379,107.85892568599004,1960400
2022-10-17,108.93974304199219,110.04950361781371,108.50549242478756,108.78534560390264,1636200
2022-10-18,109.69244384765625,111.43911311523448,108.51513305719465,110.97590609381034,2032700
2022-10-19,108.72743225097656,110.25214641476686,107.89752491435276,108.08087876108436,1431800
2022-10-20,108.83360290527344,111.21717388363109,108.36075103874447,109.02660892599833,1653000
2022-10-21,110.25215911865234,110.58991043121326,106.95183367175468,108.52479399163919,1619900
2022-10-24,111.61282348632812,112.27867396809476,109.3836501062835,110.80221297655925,1397300
2022-10-25,114.04463958740234,114.37273875575269,111.83477050302479,111.91197290584594,1599100
2022-10-26,116.38961791992188,119.56449519026953,114.92280160607474,115.1158076275951,2020500
2022-10-27,117.60552215576172,117.63447121643074,114.98069933951646,116.42821127237879,2544300
2022-10-28,120.92514038085938,121.1953414211005,117.61516291305337,118.12662329628253,2654300
2022-10-31,110.26181030273438,119.81539046932454,109.66350272394321,119.66098566353597,5555200
2022-11-01,109.69244384765625,112.06636234669361,109.16169393161961,111.04345635084867,3145700
2022-11-02,103.8155517578125,109.72139540005098,103.73834935874933,109.28714478956616,3735800
2022-11-03,91.0388412475586,100.65032635723298,90.70108995691538,100.52487061897554,7878500
2022-11-04,94.04002380371094,94.4549775256265,90.74935045194694,92.15826120573718,4761000
2022-11-07,95.67089080810547,95.72878893108624,92.11000899625546,94.94713482113931,2922600
2022-11-08,96.44290161132812,98.40186666796426,95.56474079977305,96.52009665567196,1939200
2022-11-09,93.44171905517578,95.58403782461073,92.87236055150984,95.56473354317056,2481900
2022-11-10,99.28966522216797,100.48627299260467,97.57195228659928,98.40185969450289,2657200
2022-11-11,100.72754669189453,101.54780949830558,98.48872810850034,99.03878245210583,3411100
2022-11-14,99.6177749633789,101.07493168222365,98.50801433674756,98.50801433674756,2434800
2022-11-15,98.7010269165039,102.31015513536641,97.57196921075912,101.82765108719232,2406500
2022-11-16,95.84458923339844,98.34396365063633,95.60333724606483,98.29571030819905,3262100
2022-11-17,94.24266815185547,94.41636249321661,93.03640836512227,93.89526474428227,2631000
2022-11-18,94.58045196533203,98.31502883819505,93.6636897944964,96.50081614514049,2112900
2022-11-21,92.74691009521484,94.33917460677262,91.36694850018824,94.15582074932732,2176100
2022-11-22,95.70948791503906,96.07618828226882,92.30301106015256,93.15221539804446,2000500
2022-11-23,96.66484832763672,97.60090725337162,94.91818622647777,94.95678742946367,1362900
2022-11-25,98.14130401611328,98.8361109071003,96.72274853651207,96.78064665661891,967800
2022-11-28,96.27883911132812,98.00620421059482,95.9700368644575,96.80959642427437,1839700
2022-11-29,96.33674621582031,97.07979910402577,95.18838438980362,96.29814501400845,2907400
2022-11-30,100.14851379394531,100.87226968360565,95.22697521674013,95.71913128318833,3056100
2022-12-01,99.90727233886719,101.65393438031668,99.47302170436721,100.1099231257956,2057800
2022-12-02,99.47301483154297,99.7914692014676,97.86145342605899,98.32465308919855,2402200
2022-12-05,97.88074493408203,99.23175737467734,97.28243742630289,98.25709740049012,2470400
2022-12-06,94.23302459716797,97.8904054872392,93.44171839947617,97.76494974603705,2299600
2022-12-07,95.38139343261719,95.41999463863641,92.83377273476619,94.50323992356832,2677600
2022-12-08,95.46823120117188,97.5140505859235,94.85062673830835,96.25953737936737,1680200
2022-12-09,94.39707946777344,95.49718796617441,93.94352454322755,94.41637638773373,2090400
2022-12-12,96.15338134765625,96.45253142444162,94.17511231506926,94.62866718143778,2446200
2022-12-13,95.97004699707031,100.02308519790085,95.44894913242946,99.8107822503072,2469300
2022-12-14,94.31022644042969,96.63589167893139,92.90130841055434,95.86388240467853,3761500
2022-12-15,91.84314727783203,94.3392548032179,91.39810605243359,93.71038947423658,2964900
2022-12-16,91.6980209350586,92.37526334106704,89.73403198211962,91.04013231907483,5053300
2022-12-19,90.1016616821289,91.45613894573235,89.26962596511424,91.2045913756028,3001000
2022-12-20,90.9433822631836,91.20459936871727,89.31801088067438,89.34703418336613,3029900
2022-12-21,92.67518615722656,93.26535130578112,91.38843215258738,91.69802637959071,1805500
2022-12-22,91.47550201416016,92.06566711473987,89.5211826177561,91.57224881823873,1588400
2022-12-23,93.574951171875,93.87486852136529,91.00144300750978,91.19494402436565,1454200
2022-12-27,94.50373840332031,94.8230095603348,93.2169842599415,93.36210818415802,1569600
2022-12-28,93.23632049560547,95.53892691227084,92.9363958070218,94.68754470186781,1158500
2022-12-29,95.97430419921875,96.59349268711237,93.57495065395824,93.98129171514299,1352500
2022-12-30,96.09039306640625,96.11941636990007,94.54242203583487,94.89071644037695,1374800
2023-01-03,96.94178009033203,98.71227550424553,95.80982691014805,97.43519841809497,1845900
2023-01-04,100.11512756347656,100.5988689836336,97.715766871722,98.08340769377035,1735100
2023-01-05,98.66390991210938,99.59269261526936,97.71577341731403,99.19602108114115,1193700
2023-01-06,101.75017547607422,102.55318805975433,99.62171603490472,100.10545748801677,2002200
2023-01-09,102.99820709228516,104.11081367069528,101.5566599397455,101.78885372038442,1448300
2023-01-10,101.88562774658203,103.48197610043566,101.28579303782783,102.9595344183758,1115200
2023-01-11,102.16619110107422,102.84343354883795,101.23740841794638,102.40806182213798,1140800
2023-01-12,104.8267593383789,104.87513643064119,102.34032885104124,102.48545274652014,1541000
2023-01-13,104.15921020507812,104.89449187793292,102.87245620561937,103.7625386820069,1356500
2023-01-17,107.83563995361328,108.31938138928244,105.1653851619531,107.15840489619985,2491400
2023-01-18,105.65879821777344,109.75125380698235,105.62977491409173,108.8998641986753,1959600
2023-01-19,105.10733795166016,105.80392679605647,103.59806704300715,104.04310827552513,1383000
2023-01-20,108.3000259399414,108.47417313749877,104.92350568626311,105.66847156854487,1303500
2023-01-23,109.7415771484375,110.49621257102058,107.54539438319424,108.53222361703945,1438800
2023-01-24,108.63864135742188,110.9993016832026,108.33872406010991,109.76091753470092,1021000
2023-01-25,108.04847717285156,108.28067097330084,105.26212942353673,106.76172330385195,1229500
2023-01-26,108.86115264892578,109.49001789458697,107.40992856569568,109.13205401142694,1207500
2023-01-27,109.04498291015625,109.65449440239681,107.9033529380414,108.66766521763005,1267200
2023-01-30,106.70368957519531,108.3000378311975,106.52954235851674,107.8646660988467,1315800
2023-01-31,109.05467224121094,109.15141905368253,106.3844174054048,106.53921821040628,1259100
2023-02-01,111.72492218017578,112.46988072299544,108.43547903115554,108.97726706229712,1366000
2023-02-02,112.37313079833984,115.24655594910008,111.96678978625265,113.3406136164378,1686700
2023-02-03,109.38360595703125,110.74776028486247,108.62897053368128,109.91572446391042,1525800
2023-02-06,107.55506134033203,109.12238613703973,107.26482092848039,108.00977943833841,1397600
2023-02-07,110.55425262451172,110.91222390585484,107.05196972924632,107.21644002825218,1601800
2023-02-08,108.00010681152344,110.39946750337872,107.60344268525832,109.92540297837124,1078500
2023-02-09,108.0097885131836,111.21215449524588,107.94206500659737,109.62548315696118,2199300
2023-02-10,114.04688262939453,114.9079418277016,109.33524558768683,110.01248067130739,3204200
2023-02-13,111.04769134521484,113.19550466604149,109.89638427761824,113.06005764412532,3670600
2023-02-14,112.40216827392578,114.34681105025622,109.50939634984852,110.34143226882335,2504700
2023-02-15,114.12427520751953,115.03371144142426,111.03800257814285,111.03800257814285,2331200
2023-02-16,113.53411102294922,114.59834068217226,111.7636156351288,112.17963355607063,1475300
2023-02-17,112.52792358398438,113.18581219187776,111.02832965307269,112.76979428716123,1453800
2023-02-21,109.4416732788086,111.45403219246488,109.22882585012643,111.19281504536981,1414800
2023-02-22,110.23500061035156,110.6606880540183,109.41263426550238,109.74158227970375,1036100
2023-02-23,110.0511703491211,111.67654177568352,108.9869407275011,111.12507686566991,1322800
2023-02-24,108.56124114990234,108.75474213342484,107.34221078828784,108.08717665756083,1546700
2023-02-27,109.8479995727539,110.54458837975085,108.75474665034976,109.6544985811947,1690800
2023-02-28,108.55156707763672,110.20596915920888,108.44514337925936,109.79962077390086,1513000
2023-03-01,108.04847717285156,108.51287215505795,106.3747287155646,107.95173037110668,1337200
2023-03-02,107.11971282958984,108.15491928527662,106.42312392832228,107.651824020446,1372200
2023-03-03,109.13206481933594,109.29653512687658,107.40993920305372,107.76791050297288,996500
2023-03-06,108.94823455810547,110.71872978633462,108.87083416553303,109.28685204897526,935400
2023-03-07,105.2814712524414,109.12237890325711,105.2814712524414,108.65798394124828,1689300
2023-03-08,105.3685531616211,106.00708795843671,104.26561600110715,105.17505217674679,1551300
2023-03-09,101.78887176513672,105.88132754891932,101.58570124839696,105.88132754891932,1300000
2023-03-10,96.74827575683594,101.29544176488416,96.36128117754706,100.89877767256111,2390000
2023-03-13,92.85901641845703,95.5292640352656,90.99177403715117,95.04552256219475,3423300
2023-03-14,97.90926361083984,98.43170524703379,95.94527456335487,96.1677988715019,2935000
2023-03-15,96.24519348144531,96.29356319330867,92.53973253627883,94.0973804556557,3633700
2023-03-16,97.88435363769531,98.13653498441646,93.66520186708689,95.41106134453395,3090700
2023-03-17,95.58565521240234,97.8552653212364,95.00369707176321,97.8552653212364,5308400
2023-03-20,96.82714080810547,97.95224445567031,95.76023000785652,96.20639243705502,2362700
2023-03-21,99.36833190917969,100.30915578543448,97.767969331943,99.05795770875689,2477100
2023-03-22,95.94451141357422,99.57201855437359,95.91541498943431,98.96096404781792,1534100
2023-03-23,95.47895812988281,97.88435636595997,94.27625161193949,95.97361216235952,1629600
2023-03-24,95.4692611694336,95.66324228114368,92.8989707397969,94.08227476098168,1597500
2023-03-27,96.16759490966797,98.6602896728175,95.72143247967709,97.27330341005931,2170900
2023-03-28,96.58467102050781,96.87564268794938,95.33347287076539,95.79903049863393,1480400
2023-03-29,100.22186279296875,100.43524643532699,97.84555370295713,98.3499163848774,2137500
2023-03-30,100.0860824584961,102.63697029397875,99.9502942026091,101.82224075865682,2091100
2023-03-31,102.07440948486328,102.29749440803977,100.37704897341835,100.37704897341835,2111200
2023-04-03,102.08411407470703,102.44298725846033,101.3372786813775,101.9289232709527,1454600
2023-04-04,100.20246887207031,102.89884625789783,99.93089235837617,102.79216182743656,1914600
2023-04-05,100.8038101196289,101.41485720250157,99.15494868336063,99.31983334700664,1753600
2023-04-06,101.9386215209961,102.23930184437083,99.95998323127593,100.40614567897195,1567400
2023-04-10,101.64765167236328,102.0744115777702,99.95998500130614,101.22088436705162,1438800
2023-04-11,102.67576599121094,103.54869576194665,101.59915384062104,102.22960353059155,1849400
2023-04-12,102.0453109741211,105.26544598258461,101.8319273302023,104.93567664191333,1719400
2023-04-13,103.74267578125,104.56710656724562,102.03561395854874,102.0453152336512,1485200
2023-04-14,104.32461547851562,105.22664157032092,103.65537556517256,104.14033567044629,1172100
2023-04-17,106.4487533569336,106.50694620720023,103.94635719680258,104.23733624794514,1591200
2023-04-18,105.80859375,106.41964822743856,104.55740317217756,105.58551624228755,2559400
2023-04-19,106.68152618408203,107.28287940281393,105.28484605655952,107.13738988538961,1302300
2023-04-20,105.81830596923828,106.40995795943437,105.07147057500485,106.05108477524672,1299800
2023-04-21,105.61463165283203,106.65244618374336,105.40124798107179,106.15778470829056,998800
2023-04-24,104.98416137695312,105.90559001568042,104.3052201904416,105.80859207483253,1504000
2023-04-25,102.53995513916016,104.73197665815061,102.46235975443942,104.03363299547024,1528200
2023-04-26,101.4439697265625,103.839674266489,101.09480519514784,101.78344778194406,1473600
2023-04-27,106.35175323486328,106.46813892492186,102.80184168999672,103.02492659578233,2950000
2023-04-28,109.3197250366211,109.6979933924647,105.95410013727475,106.63304884256459,3257700
2023-05-01,99.90178680419922,106.14807564808164,99.47501952172645,105.21695308624462,6050700
2023-05-02,97.69036865234375,100.87170588472343,94.42173474961362,99.90178563583186,4577400
2023-05-03,100.677734375,103.26741990998767,97.97165573510432,97.97165573510432,3625600
2023-05-04,98.42750549316406,100.56132698059957,97.77765333298436,100.02786790878875,2697600
2023-05-05,101.62825012207031,101.71554679897237,99.72720717955815,99.90179313345746,1670000
2023-05-08,101.53125762939453,102.46238023242682,100.92990437747788,102.10350705629686,1065400
2023-05-09,103.5098876953125,103.97544525981297,100.46433877788232,100.46433877788232,1696600
2023-05-10,100.6389389038086,104.53801550583009,99.93089378309283,104.34403439325582,1432300
2023-05-11,100.41584777832031,100.75531840436476,98.33051764704066,99.85329222664402,1760200
2023-05-12,99.5138168334961,100.87170667253024,98.89306846134978,100.86200539799238,1049300
2023-05-15,99.95027923583984,100.53222987391368,99.3198296279666,99.47501301149782,1964000
2023-05-16,97.48668670654297,99.57201673059232,97.26360179238242,99.4071246636457,1573400
2023-05-17,100.6583251953125,101.38576540329548,97.6903715147114,97.71946793904601,2080600
2023-05-18,100.93961334228516,101.20148858812695,99.38774221900637,100.36736387178759,1248900
2023-05-19,98.89306640625,101.4536552381179,98.82517228570441,101.3954623919086,1471800
2023-05-22,100.54194641113281,101.40517492530161,98.02984887221878,98.87368223546572,3505800
2023-05-23,98.7378921508789,101.48276104964569,98.63120032302207,100.03758183581877,1806800
2023-05-24,96.01239776611328,97.97164069855255,95.80871541371384,97.7388545244642,1649800
2023-05-25,96.51677703857422,96.83684513325733,94.61573402208552,95.54685667914701,2495100
2023-05-26,96.96292877197266,97.55458071765783,96.20639215943207,96.99202519554663,1781800
2023-05-30,96.14820098876953,97.33150499184377,93.83009195975883,96.9435353744564,2430000
2023-05-31,94.75151824951172,95.76993014364214,92.89896688986221,95.76993014364214,5881000
2023-06-01,95.86691284179688,96.55556272319416,94.46053145563411,95.25586575537729,2073500
2023-06-02,97.37030029296875,98.17533593421652,95.74083386003926,97.22481076504732,3421300
2023-06-05,95.14917755126953,97.46728641783669,94.1695560009929,97.46728641783669,3100500
2023-06-06,97.78736114501953,98.42751207399279,94.58662129996205,94.8194074922638,1839000
2023-06-07,98.8445816040039,99.40712975566453,97.88435517636174,98.09773882694888,4473600
2023-06-08,97.83586120605469,99.05795542965546,97.11811487166817,98.49540729176655,4183100
2023-06-09,97.07931518554688,98.67968509311169,96.86593894445532,98.35961703152218,1864700
2023-06-12,97.67095947265625,98.59238808649111,96.55555718207765,96.8853264923591,1980400
2023-06-13,97.58367156982422,98.68938000193218,96.56525240345454,97.29269255088892,2398400
2023-06-14,98.36155700683594,99.97563162617249,97.97262095042794,98.3421061239295,6395700
2023-06-15,99.12968444824219,99.81032432044033,97.3600326498668,97.63229304974848,2700800
2023-06-16,97.89482116699219,99.66447297577986,97.29196997692746,99.66447297577986,3752800
2023-06-20,98.24486541748047,99.18803286125794,96.31963618583458,96.48493900280559,2657500
2023-06-21,96.90303802490234,97.77813474945087,96.0959971254446,97.75869128775881,2804500
2023-06-22,96.86415100097656,96.89331990488685,95.34730123260222,96.36825737948854,922000
2023-06-23,96.10572814941406,96.72803028280944,95.40565215872832,96.06684122076888,1627300
2023-06-26,93.84990692138672,96.62107162137575,93.67488607105413,95.40565111027111,2098500
2023-06-27,93.2470703125,95.1528489312098,93.07204944862163,94.41387112613012,2306500
2023-06-28,94.35552215576172,94.37496561907676,92.48863810733057,93.32484797829535,2313000
2023-06-29,94.28746032714844,95.7362394619239,94.1902281724328,95.1431136743192,1457400
2023-06-30,95.79457092285156,96.72802031760888,95.02643175866542,95.4445366727393,1477500
2023-07-03,99.3338851928711,99.65475055080942,97.02944537007687,98.00178172121302,1318400
2023-07-05,101.86196899414062,102.19255982768509,97.05862453770257,97.71008818145555,2917700
2023-07-06,102.34812927246094,102.51342467639584,99.421394696201,100.66598407367906,3737000
2023-07-07,102.92181396484375,104.11779108816326,101.91058314487032,102.4453711712202,2432100
2023-07-10,103.3010025024414,104.00108579872486,102.73705310784594,103.12598167837055,1803800
2023-07-11,105.33321380615234,105.39155162171943,103.2232454019706,103.65106841336043,1690900
2023-07-12,105.86797332763672,106.89865484673987,105.15817198522377,106.67501423440189,1434000
2023-07-13,109.22254180908203,109.4947947947469,106.35414518248433,107.13201721438752,1622300
2023-07-14,108.86278533935547,109.51424896422228,108.13353302002564,109.38784789947353,1355100
2023-07-17,109.19337463378906,109.48507108661497,108.31827043863616,108.50300929992461,1706800
2023-07-18,110.5157699584961,110.77829754897022,108.90168781050211,108.95030760275301,1075900
2023-07-19,109.74761962890625,111.51727170095195,109.42674681460547,110.76856846758346,1674500
2023-07-20,108.9794692993164,110.09765768204501,108.38634348113004,109.9323548503337,1967800
2023-07-21,107.43345642089844,109.23227743900789,106.74309840501162,109.23227743900789,5354500
2023-07-24,109.38783264160156,109.40727610333614,107.24869577061177,107.35565335599497,2014600
2023-07-25,108.47384643554688,110.2046040410183,108.3766142791917,109.66009803075889,1474700
2023-07-26,108.2502212524414,108.86279055945009,106.05273874768771,107.91962299429012,2318700
2023-07-27,104.93453979492188,109.31977892269312,104.82758220021981,108.75582204487091,1690500
2023-07-28,105.87771606445312,107.52096704840393,105.47906197516436,106.60696840620571,1319400
2023-07-31,107.20008850097656,107.51123585340687,105.99439343760136,106.48056163941985,1780200
2023-08-01,117.40962219238281,118.13887450413674,112.27568710456924,113.93838148516762,5100600
2023-08-02,118.58615112304688,121.29897067606282,115.2315933782987,116.38866869538789,5194000
2023-08-03,118.28472137451172,118.73199521632753,115.18296596774766,117.65270124777759,2351700
2023-08-04,119.25706481933594,120.92948466862106,117.17626544918025,118.45002380070724,1736900
2023-08-07,119.1987075805664,120.34606475099936,118.59586380144339,119.69460118785915,1557700
2023-08-08,120.92948913574219,121.73652276584436,117.45824824343858,117.65271256960665,2301400
2023-08-09,120.6086196899414,121.7948714003816,119.91826166892135,120.58916880577817,1444300
2023-08-10,124.18680572509766,125.99535201572242,123.35059583079425,123.67146862198142,2507300
2023-08-11,123.33113861083984,124.17707390277005,122.89359022231523,123.98260960083414,1317300
2023-08-14,122.30047607421875,123.52562206413018,122.16434956626618,122.5241167191913,1590600
2023-08-15,120.14189147949219,122.30047962300179,119.92797626983433,121.63929052875865,2324200
2023-08-16,120.21967315673828,120.75446114965271,119.24733674659427,119.37373780931128,1617100
2023-08-17,121.52259826660156,122.36852612930086,120.4724732456602,120.55997995490323,3694800
2023-08-18,120.6280517578125,121.61983904294037,119.46125104178469,119.9960390306613,1928700
2023-08-21,120.21967315673828,121.42536822818218,119.22789328246014,120.70584136181029,1703500
2023-08-22,120.03492736816406,121.45454506106329,119.83073761137837,120.54054645782799,957300
2023-08-23,119.85990142822266,120.30718268791225,119.21816327961804,120.21966855681201,1260100
2023-08-24,117.87635040283203,120.55027562457252,117.78883626531186,119.89880456897497,2166100
2023-08-25,118.34306335449219,118.83895699982003,116.27198947558115,118.0999792524367,2149300
2023-08-28,121.82404327392578,122.16435957167954,118.61532979604434,118.7903506660804,1868000
2023-08-29,121.39619445800781,122.15461564059325,120.52109024027932,121.23089905530848,1581600
2023-08-30,123.63257598876953,123.99233571265633,121.01698867255982,121.62955794012731,2069400
2023-08-31,123.18529510498047,124.20624382603303,122.99082338311023,123.5158859046534,1430100
2023-09-01,125.7425537109375,126.11203146381587,123.62285258753955,124.75076640231364,1996500
2023-09-05,123.00056457519531,125.0230262316156,122.91305785290088,125.0230262316156,1458000
2023-09-06,123.82704162597656,124.25487202472301,122.48522003673293,122.70885325910444,1046900
2023-09-07,123.13668823242188,123.90483492309984,122.51439349385667,122.5532878423093,1180500
2023-09-08,122.42687225341797,123.81730609941332,121.98931644897506,123.11723016531228,1072600
2023-09-11,121.64900207519531,122.86442252002115,120.65721483794833,122.41714868652576,1216800
2023-09-12,121.64900207519531,122.08655046799754,121.19200280100678,121.56148794563227,1088000
2023-09-13,122.32965087890625,122.46577739342253,120.8905970344945,121.78514482084111,1301900
2023-09-14,122.4465560913086,123.06034503020659,121.28716955139272,122.75832296341515,1027800
2023-09-15,121.14102935791016,123.42083069012344,120.53698521358776,122.22247234074963,2608200
2023-09-18,120.1278076171875,120.93644817933378,118.57871040741355,119.63092653860609,1280200
2023-09-19,119.77704620361328,120.38109030905223,118.39357380456063,119.94267072071052,1420200
2023-09-20,119.53347778320312,121.19948262064477,119.30939187066747,120.244692440822,974800
2023-09-21,116.64962768554688,118.66637108269352,116.17222889878613,118.39356859035543,1283100
2023-09-22,116.09429931640625,117.10753604128683,115.70458888131692,116.74706002114357,1345500
2023-09-25,116.4840087890625,116.69834991192366,114.93491920074378,114.93491920074378,979100
2023-09-26,114.37957763671875,116.01635551438518,114.31137886819549,115.59741809828282,1238600
2023-09-27,112.28489685058594,114.85697545494416,111.80750544416192,114.73032271576068,1379000
2023-09-28,113.11302185058594,114.18471998214625,112.11926729338488,112.11926729338488,1114500
2023-09-29,112.42129516601562,114.32112343233618,112.22644365315,113.45402156379923,1414200
2023-10-02,112.92790985107422,114.13600546449076,112.57717121603262,113.03507296940157,1224800
2023-10-03,108.98211669921875,112.33361630112596,108.83597434530138,111.85621744945527,1824200
2023-10-04,110.0343246459961,110.20969397119481,107.9980915126828,109.3620743272163,2294900
2023-10-05,111.18397521972656,111.29114578440524,109.14774192394071,109.73230391020961,1442500
2023-10-06,111.75878143310547,113.17148081382615,110.21942932160633,111.12550291299675,1283000
2023-10-09,110.87220764160156,111.47625180264019,109.44002595263379,110.16098548344226,1169800
2023-10-10,112.25566101074219,112.44077513526696,110.70656411379453,111.232672073148,1108900
2023-10-11,112.21669006347656,113.52221145032195,110.911161243523,112.62588266832886,901000
2023-10-12,111.09627532958984,112.82074155859038,109.84920790585394,112.78176977246012,1082700
2023-10-13,110.13175964355469,112.34335485464005,109.71282218891274,111.0768051179639,1774000
2023-10-16,112.24591827392578,112.82074283446262,110.53119683034333,111.33009987227807,1431100
2023-10-17,113.2007064819336,114.28214938275926,111.19370039073121,111.39829669181876,1299600
2023-10-18,112.09004211425781,113.14225065259902,111.40804697730702,112.15824088464204,1226800
2023-10-19,109.51797485351562,112.362848758156,109.09903738287198,111.81725110583058,1167400
2023-10-20,108.27088165283203,109.87843248834628,107.90066084233928,109.79075154629852,1111000
2023-10-23,105.98135375976562,107.67658570691373,105.95212677615926,107.54993296691654,1807400
2023-10-24,108.63137817382812,108.78726533371872,106.50746393552669,106.79000383799671,2114400
2023-10-25,102.89289855957031,106.3418234056747,101.090496284852,104.43225058293079,3619400
2023-10-26,101.68480682373047,103.9256287463507,100.7007896788472,102.92212942523076,2472800
2023-10-27,100.13570404052734,102.08424860619819,99.48294339497343,102.08424860619819,2302100
2023-10-30,101.12947845458984,101.54841588541109,99.34655817227323,101.48021711449175,2644900
2023-10-31,103.48721313476562,105.90340446859814,100.79821929140253,101.86991742010768,4260700
2023-11-01,106.21517181396484,106.85819515397016,103.61386633799798,103.61386633799798,2898700
2023-11-02,109.11851501464844,110.00510651703475,107.36482162152659,107.36482162152659,2545600
2023-11-03,110.83322143554688,111.66135142265186,109.45949389359099,109.51795528742626,1612900
2023-11-06,108.1734619140625,110.9014275702691,107.72529750812012,110.62863249127012,1457600
2023-11-07,106.97511291503906,108.34883313923912,106.81922576253233,108.23191777485906,1482200
2023-11-08,107.04330444335938,108.44625155545293,106.80947373042041,107.34532648952047,1907300
2023-11-09,104.4809799194336,107.28688945247231,104.09126943616607,107.28688945247231,1978300
2023-11-10,106.37105560302734,106.55616972835288,104.2763685612925,105.15321516400803,1090200
2023-11-13,105.9034194946289,106.63412388148176,105.2896304855919,105.68908578496396,904200
2023-11-14,108.97235870361328,110.24866051136058,108.11500172850484,108.11500172850484,2426000
2023-11-15,111.51521301269531,112.02183880052357,109.06978731705566,109.06978731705566,2462600
2023-11-16,108.93338775634766,111.42752999667145,108.52419515824658,111.01832996546233,1389200
2023-11-17,109.16722106933594,109.75178299956085,108.49497076136778,109.62512283538817,1170600
2023-11-20,110.45326232910156,110.86245494450579,108.94313716777995,108.94313716777995,1353400
2023-11-21,109.16722106933594,110.37531671621517,109.1087596731377,110.02457807145858,887500
2023-11-22,109.48873138427734,110.09278295784125,108.95288601558666,109.73229948816638,804800
2023-11-24,109.7322998046875,109.91741394277189,108.86519794699011,109.60564706621899,248900
2023-11-27,110.77476501464844,111.26190119753274,109.02107921612988,109.27439211250004,2315400
2023-11-28,112.52845764160156,113.23967973535852,110.77476441939825,110.78450922427389,1321900
2023-11-29,113.3663330078125,114.73031580569601,113.33710602615422,113.60015629418707,1082500
2023-11-30,113.44427490234375,114.08729078863622,112.74279762049149,113.61964422280681,1830100
2023-12-01,116.70808410644531,116.93216258134808,112.96687446826333,113.23967696635283,3658800
2023-12-04,116.72756958007812,117.96489964519378,115.61689967950196,115.9384113436446,1389500
2023-12-05,114.80825805664062,116.16250355479254,113.83398563959605,115.77279310135297,1247600
2023-12-06,116.37682342529297,117.30238657145826,115.63638182809007,115.63638182809007,1592900
2023-12-07,116.7860336303711,116.94191334697429,114.74005567250245,116.20146425206096,1727700
2023-12-08,117.0685806274414,117.6726247865044,116.06507376469408,116.81526771032304,1534200
2023-12-11,119.56270599365234,120.18623971349837,117.4485367425148,117.4485367425148,1666900
2023-12-12,120.24468994140625,120.43954886849738,118.8027710464721,119.74781640181696,1546600
2023-12-13,125.9344253540039,126.1390290671036,119.38732209492646,119.38732209492646,2106900
2023-12-14,122.693603515625,134.77847407898898,118.095888908223,127.09608157379301,11204200
2023-12-15,125.12422943115234,128.9507912000056,124.00165096048495,124.0602181996467,4237000
2023-12-18,124.34331512451172,125.34876664137259,123.15240563444343,125.30971188225686,3193700
2023-12-19,125.35851287841797,125.59279672933438,122.7814500984382,124.94852731058315,3172500
2023-12-20,121.492919921875,124.90948124964711,121.35625806456513,124.86067769918654,2029800
2023-12-21,123.35739135742188,123.65023500637007,122.09814355866021,122.85954747244337,1583700
2023-12-22,123.864990234375,124.19688863684958,122.71312068610325,124.01141578112812,910900
2023-12-26,123.29881286621094,124.1090277535824,123.13286739217463,123.28905662480588,746500
2023-12-27,124.36283874511719,124.46045329741649,123.02549629132656,123.48429287939754,722000
2023-12-28,124.88996887207031,125.4073327128201,123.94309205522043,125.01687449547067,804900
2023-12-29,123.97236633300781,125.3877958830017,123.55261707823178,124.45068282646945,1066200
2024-01-02,124.13831329345703,124.95828443491992,122.6057418002358,123.20120022570832,3553800
2024-01-03,122.51789093017578,124.4506843048866,122.09814167041331,123.51357123722185,2892800
2024-01-04,122.83025360107422,124.44091960216018,121.95170783252621,121.95170783252621,1313600
2024-01-05,124.35307312011719,125.33898976476152,122.64479241517286,122.64479241517286,1337100
2024-01-08,129.89767456054688,130.17099828722135,125.11447955369151,125.81731624943332,2253000
2024-01-09,128.2089080810547,129.88790522246705,127.85748972831661,128.5115154329907,1610800
2024-01-10,130.0928955078125,130.4931099356857,128.64816744881756,128.67746596307663,1875000
2024-01-11,128.84341430664062,131.50832798146348,127.6329700695842,129.9562365473928,2046000
2024-01-12,127.1644058227539,130.04407571450855,126.67632567516756,129.6926574124454,1494900
2024-01-16,125.82706451416016,127.05703610124255,125.15352637721627,126.26634859241817,1657900
2024-01-17,124.9875717163086,126.26635435882261,124.1968916188875,124.47997158255771,1462600
2024-01-18,124.38236236572266,126.0808869056628,123.13287818520108,125.53423943856289,1542700
2024-01-19,126.37372589111328,126.78371145209333,124.64591789517783,125.41707802046828,2228700
2024-01-22,129.5169677734375,129.95625191372338,128.01368715976753,128.22844366100998,4434800
2024-01-23,128.68719482421875,130.46379855818995,127.98435832209202,129.82930041641922,2155400
2024-01-24,126.91059875488281,129.08744700857602,125.92468218679194,128.85316316788013,2391500
2024-01-25,128.24794006347656,128.63839821049703,126.42251024384579,128.63839821049703,1800800
2024-01-26,130.7078857421875,131.42049363569708,127.79893160609916,127.79893160609916,2349100
2024-01-29,132.15260314941406,132.69925060440227,129.62433632755457,129.99528205559344,2043000
2024-01-30,132.69923400878906,132.94327408460484,131.66450647053404,131.84997931135788,1572100
2024-01-31,130.05384826660156,133.31423538161428,129.94647002486423,132.60162755234566,1325400
2024-02-01,132.0842742919922,132.25021978886048,128.59938906770373,130.35646604396905,1665000
2024-02-02,133.2458953857422,134.41728489364465,131.49857481324963,133.92920469076648,1455200
2024-02-05,132.84567260742188,133.16780734463867,130.86406807744325,131.91832315514554,1421700
2024-02-06,132.62115478515625,132.83591126839426,130.45407746886428,132.30877630225518,1273900
2024-02-07,133.74374389648438,134.39776963994257,132.06474665550658,133.23615116411588,1315400
2024-02-08,133.372802734375,134.40753039469018,132.96281714604405,133.4704098392009,991000
2024-02-09,132.7578125,133.83159488264252,131.69380125403404,133.21660907303587,1522900
2024-02-12,134.46609497070312,135.03226978956178,132.32830131355462,132.75781427234574,1470400
2024-02-13,132.82614135742188,133.85109777327716,130.83476597142297,132.46495191185895,2322400
2024-02-14,135.66676330566406,135.95961439405806,128.267465954366,128.853168131154,3680700
2024-02-15,134.53445434570312,138.400041788093,134.32945407609355,136.6624771981756,2690600
2024-02-16,130.99099731445312,134.2123303722511,130.44434974489306,134.0561410966542,1795800
2024-02-20,127.6817626953125,129.54623233325376,127.42795149945297,128.775057400482,3789300
2024-02-21,129.3022003173828,130.3076442380901,127.7793777325505,128.0234178083537,9088900
2024-02-22,129.29241943359375,131.5083073254278,129.26313581830712,130.21976867272406,4017600
2024-02-23,129.92694091796875,131.8402067504707,128.86291487869448,129.2924277906916,4092400
2024-02-26,130.15145874023438,131.32284815861487,128.92150208518854,129.1460147907472,1551100
2024-02-27,130.05384826660156,130.54192847540293,129.12649884888418,130.26860475007624,1934500
2024-02-28,126.95941162109375,129.46815084813946,126.84227714653198,129.39981247462862,2569700
2024-02-29,126.60798645019531,128.02341588963571,126.46156836491745,127.53533574534427,3064000
2024-03-01,126.98870849609375,127.82820707314605,126.52991189613341,126.59825027677812,2280100
2024-03-04,125.48541259765625,127.52558409949745,124.75329235484031,126.96918046037005,2412700
2024-03-05,125.75875854492188,126.8715809150726,124.54831416711542,125.19258366957823,1810200
2024-03-06,125.20232391357422,127.01798280075958,124.78258210335015,126.42252437821425,1692600
2024-03-07,125.9930419921875,127.22299885126579,125.52447423108688,125.97351461171822,1474100
2024-03-08,126.5396728515625,127.57440045501485,126.32491637971107,126.35419999905216,1757700
2024-03-11,127.1546401977539,127.35964042243528,126.39323632612258,126.47133094052383,2077200
2024-03-12,129.93670654296875,130.17099039234867,127.43773839634969,127.68177848715271,3127600
2024-03-13,130.80551147460938,137.03342044406307,129.93672919569104,129.93672919569104,4172200
2024-03-14,129.09402465820312,130.72725787639237,127.51946815447246,130.55122773301662,2874800
2024-03-15,127.02069091796875,129.01577366304875,126.62948798167236,127.71505188023733,1849500
2024-03-18,127.67594909667969,128.23339280583426,126.41434004677082,127.05981375031176,1997000
2024-03-19,128.419189453125,129.23091867687347,126.84463323315306,127.5585580018515,3440400
2024-03-20,130.16001892089844,130.69791365072922,128.1062593927264,128.48767294244885,1635900
2024-03-21,131.62698364257812,132.5462918329754,130.22847240351456,130.63922426931362,2280900
2024-03-22,129.22117614746094,131.92040965350816,128.99622882980572,131.7443794983363,2066900
2024-03-25,129.73948669433594,130.25781752259175,128.2822837505819,129.0451108156703,3931500
2024-03-26,131.23580932617188,133.3580349820079,130.18935821488216,130.5218844557251,4621400
2024-03-27,128.86907958984375,132.3507035850093,125.47547065769999,131.8812749926939,3161100
2024-03-28,130.71746826171875,130.9424006153862,129.17225029414737,129.4851977093109,2350100
2024-04-01,127.28473663330078,130.68813504012724,127.21628544595978,130.60989445254737,1389300
2024-04-02,125.53416442871094,126.37523218747783,124.96693129625254,125.91557800984546,1700400
2024-04-03,124.30189514160156,126.10139146691569,124.2040981314226,125.5928350756913,1695900
2024-04-04,123.22610473632812,125.84709726139488,122.58063108241186,125.71996936437466,1412500
2024-04-05,123.14787292480469,123.95960228872146,122.05253446885304,123.1185345677965,1719700
2024-04-08,125.24075317382812,126.1502869580212,123.35324187869995,124.08673060797618,1778200
2024-04-09,125.33856201171875,126.50236655708636,124.8495695084797,125.95468241825043,1180200
2024-04-10,122.2579116821289,123.91070132247323,121.97429512575414,122.80558091571673,1172600
2024-04-11,121.79824829101562,122.53173701388967,120.29215055134229,122.4926167199644,1595400
2024-04-12,121.015869140625,121.75913987484562,120.17480139276758,120.77137287581607,1183700
2024-04-15,120.45841217041016,123.7053221126854,120.02810383878663,123.40214914654076,1528000
2024-04-16,120.71269989013672,122.06231662747112,120.04766973084858,120.52688033548097,1583100
2024-04-17,120.24324798583984,121.75912766015803,119.8422780317235,121.75912766015803,1530600
2024-04-18,119.49020385742188,121.38749708567953,119.26526403143366,120.54642941509726,863400
2024-04-19,119.41197204589844,120.39973902677528,118.86430281045007,119.57822771216901,1065100
2024-04-22,121.49507904052734,122.30680091454315,119.16746998039278,120.29215421534323,1027100
2024-04-23,124.07696533203125,124.24322099891941,122.0623110657712,122.4926268731841,1219000
2024-04-24,124.66374969482422,124.84956923330421,122.77623833802437,123.34347143127547,1581300
2024-04-25,121.88626861572266,124.26277247883912,120.64423094109202,123.14787016887668,1196500
2024-04-26,121.82758331298828,123.63685395429064,121.37771113730568,121.89604196012623,1593700
2024-04-29,121.93516540527344,123.28478196721179,121.74934587476679,122.09163911930551,2745900
2024-04-30,120.06721496582031,121.90583153805746,119.85206453378481,121.50485410724117,2621600
2024-05-01,106.65904235839844,119.43153160953892,106.13092955982754,119.41196773101771,9060500
2024-05-02,108.10646057128906,110.41450572072014,105.77885900529103,108.74215230049761,3993500
2024-05-03,108.91818237304688,110.10154322160227,107.42185918956832,109.53431018170316,3191100
2024-05-06,108.64435577392578,109.58322798929167,107.930430864837,109.18225053674647,2163600
2024-05-07,108.40963745117188,109.31916381383685,107.87175016962962,109.27026903993311,2284900
2024-05-08,108.61500549316406,108.8986220222965,107.02089272055726,107.87174230795456,2810800
2024-05-09,109.11378479003906,109.83749159180742,108.63457423521993,108.73237124171295,1726700
2024-05-10,106.8252944946289,109.69079056576756,106.75683584971158,109.54409133767822,2167800
2024-05-13,106.97200012207031,108.66391751058808,106.73728580357412,107.71527083564752,1989900
2024-05-14,107.76417541503906,108.66391987336647,106.70794976668927,107.57835586724592,1453600
2024-05-15,106.42433166503906,108.31184308911254,105.82776019422496,107.9010911634013,3456500
2024-05-16,106.86441040039062,107.63701939322668,106.07224499191507,106.4145382263531,2564900
2024-05-17,106.7568359375,107.56855773892082,106.03312173471286,107.40230209561811,1614600
2024-05-20,105.01602935791016,106.72750315263028,104.79109698043547,106.70794673514997,1616100
2024-05-21,104.99647521972656,105.41700908830136,103.45125705506254,104.38034732636832,2348300
2024-05-22,103.93046569824219,105.09427026984481,103.54905213403242,104.73241312317474,1831100
2024-05-23,100.96717071533203,104.05760693981048,100.69333610535212,103.86200546022947,2751800
2024-05-24,100.49773406982422,102.1700874143011,100.37059125288121,100.73244836516318,2870600
2024-05-28,99.23613739013672,100.85958858150185,98.95252084977676,100.5368592078945,2205200
2024-05-29,98.27771759033203,98.73737176703916,97.22149938547305,98.05278520264595,3078300
2024-05-30,98.35594940185547,99.30459602880902,97.88651332717572,98.60044564750605,4606900
2024-05-31,99.60778045654297,99.65668269587795,97.02590040205945,98.72759237855219,3273400
2024-06-03,96.89875030517578,99.85226156103893,96.72271271632083,99.15789314428687,2198400
2024-06-04,95.39265441894531,96.77160934019179,95.30463189211551,96.51733862142376,2323500
2024-06-05,96.34131622314453,96.57603056265215,94.92323332283233,95.63716574318734,2552700
2024-06-06,95.60782623291016,97.48555584924368,95.47090891472547,96.35108954264578,2484200
2024-06-07,95.55890655517578,96.9378688871013,94.67871862643958,95.35353061537614,2705800
2024-06-10,95.18727111816406,95.3144064677266,93.73985019818129,95.01123353953687,3010900
2024-06-11,94.55160522460938,95.07971810446769,94.13107130887597,95.0601542229352,1488700
2024-06-12,93.33889770507812,95.6762814313888,93.27043904846194,95.45134158168763,2475900
2024-06-13,91.5785140991211,93.3975667820527,91.09930354200614,93.3975667820527,2309400
2024-06-14,92.3433837890625,92.37280068237968,90.65674541240993,90.88228739685373,2543200
2024-06-17,92.0688247680664,92.50029252755837,90.18606860531449,91.7648402001014,2845700
2024-06-18,90.4214096069336,92.42184079891783,89.82324112632718,92.17669002756791,2614200
2024-06-20,92.53951263427734,93.186706757732,90.22528883495208,90.31353951848371,3462200
2024-06-21,93.18669891357422,94.13788499018769,91.74521135263687,92.68658930476991,4126800
2024-06-24,95.15772247314453,95.69704967088748,93.1867082146395,93.1867082146395,2867400
2024-06-25,93.794677734375,95.11849027804575,93.34360125556755,95.11849027804575,1303900
2024-06-26,93.31419372558594,93.78487901965207,92.59835017737522,93.1867105356618,2203500
2024-06-27,92.98078155517578,93.26515733944316,91.96095347823993,93.09845661530947,1210400
2024-06-28,94.82431030273438,95.14791109917648,92.70621164169248,93.38283012854279,3439000
2024-07-01,93.8240966796875,95.15771737725304,93.22592824262911,95.11849235892379,1959600
2024-07-02,95.20674133300781,95.21654945776618,93.87312814074785,94.01041196173648,1294700
2024-07-03,94.71644592285156,96.71687706193336,94.32421068419082,96.56979258813939,1283300
2024-07-05,94.35362243652344,94.74586513521393,93.57894516399669,94.4810981339998,1345500
2024-07-08,93.66719818115234,94.81450941270221,92.96117028357749,94.28498287846551,1609700
2024-07-09,93.93196105957031,94.64779705077487,92.98077496477978,93.52991024366625,2507300
2024-07-10,92.98078155517578,93.79468388793337,91.91192781423993,93.23574044476165,1955900
2024-07-11,94.96159362792969,96.10890485640809,93.02000382233369,93.76526421830955,2617300
2024-07-12,95.55976867675781,96.61882181557807,95.04005023309821,95.73627753322785,3246200
2024-07-15,97.56999969482422,98.06030120082836,95.75588561889035,96.09909517681179,2182300
2024-07-16,101.10997772216797,101.23745342112277,97.82495911017433,97.85437600367104,2790100
2024-07-17,101.51202392578125,103.13002044630001,100.31569449527298,100.32549513910949,2493300
2024-07-18,99.19780731201172,102.32592592838917,99.14877416735257,101.03153021230703,1746200
2024-07-19,98.6878890991211,99.87441787677088,97.4719434273704,99.50179141581384,1921800
2024-07-22,98.40351104736328,99.57043102912598,97.01105656176524,99.38411406224763,2353200
2024-07-23,97.97203826904297,99.21740064673693,97.32483677097704,99.09972560670505,1843800
2024-07-24,96.47171783447266,98.57020759913806,96.29520899999581,97.55038709039063,1868100
2024-07-25,96.82473754882812,99.23702001669943,96.77571188796426,97.08950454684003,1335400
2024-07-26,99.22721099853516,99.68809556391781,97.11891324274558,97.48173901326962,1778700
2024-07-29,99.599853515625,100.23724700737442,98.39370844776639,99.33509397855774,1136900
2024-07-30,99.84500122070312,100.96288808764676,99.24683276786745,100.17841014459214,998800
2024-07-31,99.6684799194336,100.65889096073595,98.15835052896865,99.74692994835797,1712300
2024-08-01,96.21678161621094,100.39414555503095,95.88337266234643,99.93326836923681,1879400
2024-08-02,93.7652587890625,94.90275434519687,92.16687115808314,94.6281867103164,1957700
2024-08-05,90.86267852783203,92.83368519197298,90.32334387959013,91.19607996026721,2537600
2024-08-06,91.2156982421875,93.14748757103384,90.22529448507576,90.82346298227412,2961200
2024-08-07,97.53076934814453,99.90382671201881,94.94197813638952,95.67743035521553,3812000
2024-08-08,102.04154968261719,102.50243430724217,98.04069497570573,98.47215522482506,3671800
2024-08-09,100.08033752441406,102.40436927520403,99.97247059833899,101.9729015709037,2125400
2024-08-12,98.48197174072266,100.84522137198692,98.24662908647828,100.09016026064081,2054700
2024-08-13,101.74737548828125,102.2867026818424,98.60944121089429,99.08994209637832,2528900
2024-08-14,103.0417709350586,103.3555636137681,101.83562588418319,102.13961791894472,2174200
2024-08-15,106.66999053955078,107.16029202758432,104.64995080290285,104.64995080290285,2986300
2024-08-16,106.71902465820312,107.56234382385612,105.87570549255014,106.01298931194415,2093200
2024-08-19,107.76828002929688,108.18013152751575,107.06224461440293,107.25836223791445,1255000
2024-08-20,106.54251861572266,107.81729804087071,106.26795096973407,107.75846425427522,1251700
2024-08-21,107.22894287109375,107.41525984612088,105.90513023938298,107.26816789117355,1503900
2024-08-22,107.11126708984375,108.90576486227692,106.99359203861573,107.42505974504473,1110000
2024-08-23,108.3468246459961,108.4154665575449,107.09165398829946,107.68982242382789,1036600
2024-08-26,108.25857543945312,109.94521383921612,107.90555775199542,108.99402770808881,980000
2024-08-27,107.84672546386719,108.5037277041111,107.37603271357743,107.88594300176783,897800
2024-08-28,106.29737854003906,108.06245964786183,105.55211808220741,107.64080001162381,1574700
2024-08-29,108.72926330566406,109.67064133429317,106.53271457219614,107.12107490491339,1465500
2024-08-30,108.85674285888672,109.28820309840302,108.11148247222067,109.00383480751132,2013500
2024-09-03,107.46427154541016,109.0626591099724,106.88571940758192,107.94477236789187,1262700
2024-09-04,107.90555572509766,109.19014326946792,107.07204466591536,107.34661231069003,1435900
2024-09-05,106.84650421142578,108.50372571005155,106.16988573325884,108.50372571005155,1299000
2024-09-06,105.85609436035156,108.13109309637791,105.59133483340948,106.63077165375549,2122900
2024-09-09,107.86634063720703,108.94500254729752,106.2679602828898,106.64058676632968,1857100
2024-09-10,107.2387466430664,108.01342392502691,105.57172450509036,108.00361580005323,1869600
2024-09-11,107.2093276977539,107.48389534050395,103.92430914672514,106.18949968082009,1345600
2024-09-12,107.22894287109375,107.86633635492711,105.11084415663805,107.46428551016491,1206600
2024-09-13,108.54595947265625,109.32241189446498,107.66139294790258,107.66139294790258,1192200
2024-09-16,109.14550018310547,109.61726400416171,107.85796152883992,108.93909507552378,984400
2024-09-17,110.14801025390625,110.94411643426295,109.09636094831053,110.24629376405936,1255300
2024-09-18,109.35189819335938,111.25862218316298,109.26343778999255,110.0497208260389,1058200
2024-09-19,111.03257751464844,112.0940574272517,109.55830235777209,111.5436562696697,2046500
2024-09-20,108.79167175292969,110.37406089431671,107.9759044318816,110.37406089431671,2684900
2024-09-23,109.07669830322266,110.94410733868871,108.69337989751429,109.33223390896083,2112300
2024-09-24,102.0296630859375,115.93699303781467,100.74213189732265,109.30275508360074,9982800
2024-09-25,95.39541625976562,99.2678475642847,94.36342828421756,99.03196566966659,8009300
2024-09-26,95.99495697021484,96.66329526507351,94.76639447955922,96.12273226831526,4561100
2024-09-27,99.28751373291016,99.77893878256504,96.17188071775047,96.95816379661876,2796700
2024-09-30,100.66349792480469,100.81092692850494,98.5012308657031,98.5012308657031,2831800
2024-10-01,98.69779968261719,100.13275984795852,98.17689035872864,99.41528351456323,2609500
2024-10-02,95.98513793945312,98.30465712150277,94.91382750292681,98.30465712150277,3378000
2024-10-03,96.50605010986328,96.93849903867782,95.58216865087381,95.65096785535914,1502800
2024-10-04,96.95816040039062,97.78375085558768,95.85736562824366,97.63632184614508,1963600
2024-10-07,95.89668273925781,97.29232806388211,94.61897462606306,97.02696183961454,2217100
2024-10-08,97.12525177001953,97.90170429032001,96.01463379717411,96.07360240678754,2195100
2024-10-09,98.69779968261719,99.2678545081578,96.60433178702243,97.04661130768798,2247400
2024-10-10,97.18421173095703,97.8623806753659,96.41758987999965,97.37095564284954,2125800
2024-10-11,98.8845443725586,98.97299727797085,97.01712777327502,97.20387168276862,1833400
2024-10-14,100.86990356445312,101.00750197925235,98.18672697731682,98.83540414729161,1194800
2024-10-15,101.08612060546875,102.20656900120848,100.64384110661638,101.23354960460301,1698100
2024-10-16,99.99515533447266,102.0001702029,99.82807263674128,100.75195402180935,1553900
2024-10-17,99.87722778320312,100.80110175896408,98.35380716048245,100.43745202860376,1981300
2024-10-18,100.55538177490234,101.16475147846761,98.63882726146791,100.0541336704967,2207500
2024-10-21,98.26535034179688,100.65367623998972,97.88203192736157,99.34648388656241,1931000
2024-10-22,97.60684204101562,98.5896921511813,97.25301540147188,97.31199150709668,1709200
2024-10-23,98.16706848144531,98.24569829165506,97.08593483599124,97.60684420616585,1946400
2024-10-24,97.82307434082031,98.86489310146692,97.55770809938166,98.33416061858958,1784000
2024-10-25,97.429931640625,99.23837979676465,97.03679758361992,98.98283666087015,1336200
2024-10-28,100.01483154296875,100.16226056249533,97.36113168714459,98.04913127875149,2142000
2024-10-29,97.35130310058594,99.46442476673762,97.20387408936463,99.46442476673762,2360300
2024-10-30,101.55789947509766,102.63903305177371,94.94331520839035,96.31930680531939,4764100
2024-10-31,101.93138885498047,104.02485698934375,100.89940068954151,101.23356614352605,2906600
2024-11-01,102.64885711669922,103.58256162380245,101.24338130693776,101.84292041101051,2469200
2024-11-04,103.34669494628906,105.28291094481871,102.96338398702753,103.1304667131566,4156300
2024-11-05,105.52861022949219,105.63672433248047,103.32702076732225,103.44496547018692,2893800
2024-11-06,113.06707000732422,113.31278251842362,107.98573707744089,109.93177596615969,3846400
2024-11-07,110.00057983398438,113.04741360111005,109.8629814218178,112.43805134681556,2139700
2024-11-08,108.9784164428711,110.61978180958856,108.70321961450203,109.74504582003641,3813800
2024-11-11,113.43072509765625,113.95163441165755,110.08903350961413,110.32491541625515,2500700
2024-11-12,114.36444091796875,116.02546002545948,112.44788617744202,112.78205161997433,2747000
2024-11-13,114.07940673828125,115.71094144539519,114.0106075336771,114.50203256614984,2034600
2024-11-14,114.21700286865234,115.48488032696167,113.83369195085542,114.56099888480975,1486700
2024-11-15,114.01061248779297,115.47505704860217,113.21450630013013,113.902498376067,1780700
2024-11-18,114.06957244873047,114.158032850961,112.71324210245128,113.36191922508893,1428400
2024-11-19,112.7525634765625,113.53883904909708,112.04491021229562,112.64444936682445,2797600
2024-11-20,112.86067199707031,113.41106562044233,112.16284936785202,113.41106562044233,2087600
2024-11-21,114.33495330810547,115.0720908790789,112.93930797338136,113.79438275663782,1573300
2024-11-22,115.07209777832031,115.6912906755838,113.97130290685585,114.16787743669857,1041600
2024-11-25,116.54637145996094,116.97882042276525,115.38660799423069,116.40877304017528,2202300
2024-11-26,115.44557189941406,116.39893769662191,115.24900487874388,115.81905223810787,1937000
2024-11-27,117.33263397216797,117.72577548418047,115.07208340055965,115.62247701824678,2782200
2024-11-29,116.91985321044922,117.94201826860329,116.6348257664739,117.55870730911447,868700
2024-12-02,116.10408020019531,117.31298912866644,115.86819827459773,117.31298912866644,2602600
2024-12-03,116.2220230102539,116.57584964213538,115.47505484310956,116.17287750638938,1326700
2024-12-04,114.84603881835938,116.2416842352381,114.44307415508666,116.14340071969974,1589300
2024-12-05,113.8631820678711,115.12122899038607,113.2734735102611,113.99095737936321,2566900
2024-12-06,115.8092269897461,116.33013633356403,114.24649145974126,115.15071923429893,3143400
2024-12-09,114.78706359863281,116.82156299717977,114.55118167521393,115.97631131483165,1748000
2024-12-10,113.77472686767578,115.43573839666783,113.43073084087571,115.43573839666783,1438900
2024-12-11,115.062255859375,115.2588228713313,113.55849647211183,114.23666541089752,1626400
2024-12-12,113.7845458984375,115.54384837089952,113.77472279698824,115.23916725785635,2090800
2024-12-13,112.49423217773438,114.18839396933595,112.34648411176376,114.0701940136037,1156000
2024-12-16,112.24798583984375,113.08521484522755,111.4994011635433,112.11994152624155,1767100
2024-12-17,112.97687530517578,113.40041577729065,111.5388095780549,111.87370571438673,1386000
2024-12-18,109.30290985107422,114.41494339833571,109.21425800450135,113.27236635668743,1783100
2024-12-19,108.91876983642578,111.35166448282378,108.27853321661911,110.48487982285945,2637000
2024-12-20,110.34698486328125,111.15466579605464,107.76634963442872,108.04214202394466,3300500
2024-12-23,110.13028717041016,110.38638332060438,107.94363680556624,109.26351002754058,1053900
2024-12-24,111.28271484375,111.50925536598871,109.7855454598975,109.7855454598975,439200
2024-12-26,112.05099487304688,112.36618723847235,110.05149260036855,110.50458115599399,821200
2024-12-27,110.66217041015625,112.46468022083256,110.20908186751461,111.12511082746663,1038600
2024-12-30,109.16502380371094,110.13029724192143,107.98304666649169,109.67720863616024,1043900
2024-12-31,110.37653350830078,110.7409777475122,109.57870444694446,109.95299304670121,938400
2025-01-02,110.21893310546875,111.7850430037191,110.03178506173626,110.80006595633292,959800
2025-01-03,110.88871765136719,111.489554250659,109.5392963929157,110.6326215152481,896600
2025-01-06,111.33195495605469,113.4595089949115,111.22360687918076,111.46985114211631,1173200
2025-01-07,110.59322357177734,112.6321257941865,109.94314261705634,111.73580057340266,942000
2025-01-08,109.71660614013672,109.87420609410768,108.03229608466404,109.87420609410768,1490500
2025-01-10,104.12193298339844,107.97319722327103,103.46200010051025,107.29356058922781,2161700
2025-01-13,105.21524810791016,105.47134424487167,103.57033823909042,103.75747876841208,2294500
2025-01-14,106.47602844238281,106.70257649345024,105.36300696788621,105.97368799160148,2154200
2025-01-15,107.3822021484375,109.50975633141357,107.04731353525369,109.22411206528554,1700100
2025-01-16,107.46099853515625,108.39673127533614,106.93896188215697,107.10640618316074,1199000
2025-01-17,106.79121398925781,108.46567954634284,106.55482159247101,108.09138344375339,2575000
2025-01-21,106.93896484375,108.0421419154853,106.4858762736031,107.46100151120669,2198200
2025-01-22,106.88970947265625,107.55949418800807,106.35782846217514,106.56467274731307,1242400
2025-01-23,106.2396240234375,107.41174910452932,105.70773552062553,106.93895681932588,1547300
2025-01-24,107.41175079345703,107.66783941697292,106.27902567788621,106.30857378715508,1146300
2025-01-27,109.13546752929688,109.16501564043135,107.17535765654824,107.41175757518204,1233400
2025-01-28,108.72177124023438,109.46050407642903,108.0519865014934,109.05666736699438,1222800
2025-01-29,108.66267395019531,109.38171054352793,108.14063728677932,108.74147392216197,1130500
2025-01-30,111.21376037597656,112.28738173459087,109.52944303695273,109.68704296928789,1395600
2025-01-31,111.1546630859375,112.4548325439404,110.67202641605202,111.67669974119019,1621600
2025-02-03,109.00741577148438,109.88404480472671,107.56935008195447,108.97786766032908,1631300
2025-02-04,108.39673614501953,108.87937283450393,107.38220338886784,108.16033622321649,1251100
2025-02-05,110.12044525146484,110.44548199051033,108.86952009818094,108.95817194685085,1455700
2025-02-06,109.4802017211914,110.8099192492264,109.22410558145519,110.51442312531702,1137500
2025-02-07,107.95348358154297,110.11058573385469,107.1064027141867,109.89388957967817,1771100
2025-02-10,107.97319793701172,108.82027888757607,107.62844992253284,108.36718278536597,1426400
2025-02-11,105.47135162353516,108.36717924107941,105.27435169102189,106.89956543905596,3073500
2025-02-12,107.19506072998047,107.35265315996175,104.82126228678709,104.82126228678709,2961700
2025-02-13,102.56565856933594,107.14580340204438,101.75797768059434,106.91926288648317,3987000
2025-02-14,104.04312896728516,105.39255030738234,103.13695183360974,103.69838848325418,1975800
2025-02-18,105.45165252685547,105.48120063934176,103.8756905710916,104.05298676078874,2708300
2025-02-19,104.95915222167969,105.65848502659499,104.41741935212598,104.9099078779631,1655600
2025-02-20,103.99388122558594,105.29405066203866,102.68385991426,105.11675448821426,1806400
2025-02-21,101.62994384765625,104.66367530932465,101.17685525503502,103.70824626008407,2189200
2025-02-24,102.28001403808594,102.48686583315472,100.96014838820219,101.62008121314406,3019800
2025-02-25,101.87618255615234,103.97418109035958,101.62008640399678,103.45214442561169,2185900
2025-02-26,99.994873046875,101.99438289551233,99.90622871393933,101.66933864519021,1909400
2025-02-27,101.69888305664062,102.72326011704754,100.36916550752407,100.41840985243729,1661600
2025-02-28,103.69837951660156,103.97417187997897,101.65947738474341,101.86632165727647,1997800
2025-03-03,101.50189208984375,104.47651959395218,100.6646555518553,103.81658674746285,2744200
2025-03-04,98.04461669921875,100.13277075566002,96.40955118511522,99.95547458563408,2551700
2025-03-05,98.77350616455078,99.45314279428183,97.56198849347625,97.97567708775638,1884800
2025-03-06,98.6356201171875,99.37435304647427,97.47334667451845,97.70973910775183,2119000
2025-03-07,99.25614929199219,99.79788975874729,97.5619948177701,98.01508342870179,2108700
2025-03-10,95.61172485351562,98.80304848852774,95.38517681861651,97.49303468338005,2728600
2025-03-11,91.84912109375,95.71022979623511,91.44527684699435,95.45414114270069,2568100
2025-03-12,91.50436401367188,93.34626617832629,89.62305435280588,92.90302953806074,2159700
2025-03-13,90.79518127441406,93.90770472491208,90.28299653463326,91.7801582864972,3096900
2025-03-14,93.07666778564453,93.22481764247871,91.04209952644699,91.61494162075796,3081600
2025-03-17,94.49889373779297,94.76555745018128,92.91864619071576,92.99766045187329,2347100
2025-03-18,94.67668151855469,95.18038806474952,93.31371928585652,94.607545916937,3878900
2025-03-19,96.90876770019531,97.05691000822596,94.84456363080459,95.09147752447439,2745500
2025-03-20,96.17790985107422,97.19520155691963,95.7532175964677,95.90136745927742,2560200
2025-03-21,95.85198974609375,96.592731529185,94.90383363274768,95.50630421914578,4603600
2025-03-24,97.78779602050781,98.18285981988758,96.84951855507894,96.88902568853845,2341400
2025-03-25,97.68903350830078,99.05199572586416,97.12606249895975,98.66681058752636,2107900
2025-03-26,98.6865463256836,99.3186453105951,97.9359334906101,98.25198298306586,1964000
2025-03-27,98.24211120605469,98.74581771020672,97.47174098512498,98.55816072067238,1984100
2025-03-28,96.3161849975586,98.52853929310683,95.77297885859572,97.96557581951093,1830100
2025-03-31,96.71124267578125,97.43223463990212,94.55815298532417,95.7532154575886,2259500
2025-04-01,97.2248306274414,97.58038728631125,95.71371859485208,96.72112410483994,1816700
2025-04-02,98.3705062866211,98.75569140709233,95.83223143712893,96.01988843153825,1748800
2025-04-03,91.83222961425781,95.05198174680764,91.64457262139337,93.97544065876725,3775000
2025-04-04,83.83220672607422,89.11617034728675,83.45690030130177,88.80999197963203,6327900
2025-04-07,81.51122283935547,86.08407350374813,77.35319329126807,80.76060240556227,5696800
2025-04-08,78.48899841308594,85.30382413972644,77.08652915025802,85.30382413972644,5624000
2025-04-09,89.14581298828125,89.837169021557,76.86925131728731,77.43221481158774,4636500
2025-04-10,82.21245574951172,87.12110562839305,79.7630739109518,86.46925680538823,3732200
2025-04-11,83.91122436523438,84.47418779268163,79.93097324229147,82.27171988021148,2832800
2025-04-14,84.00999450683594,85.55074257919807,83.30875983838537,85.4717283118533,2198800
2025-04-15,84.36554718017578,85.19518187758432,84.22727598647684,84.22727598647684,1521900
2025-04-16,83.08159637451172,84.65196524836377,82.34085463358952,84.1581374210823,3398400
2025-04-17,68.6025619506836,75.7729442264902,67.62478494700558,74.33096785216476,17560900
2025-04-21,66.63712310791016,68.80009123677144,65.11613261231786,67.70379294147578,7951300
2025-04-22,70.50873565673828,70.92354921779251,67.3482406174472,67.53589006542056,8123000
2025-04-23,70.8741683959961,73.62972844094533,70.59762603195203,72.11860903419436,4298800
2025-04-24,71.17047119140625,71.80257027087757,69.39269535609898,70.44948671101652,6357200
2025-04-25,71.58528137207031,71.960587788277,70.01490504606083,70.25194028075904,3427400
2025-04-28,73.3927001953125,73.98529970436184,71.71368834691476,72.19763757977034,5080300
2025-04-29,75.6840591430664,75.83220901600227,73.1161556413018,73.89640460589617,3008300
2025-04-30,75.36800384521484,75.644546234808,73.02726466529055,73.95565589675118,2969300
2025-05-01,75.63467407226562,76.26677310706714,74.63713972178843,75.20010316013399,2726500
2025-05-02,77.87664794921875,78.21245479479902,76.0988722671609,76.7704784231067,2735200
2025-05-05,78.27171325683594,79.4766544015661,77.06677211210578,77.78776407968223,3532400
2025-05-06,78.30134582519531,78.69640962805487,76.05937061193143,77.46183995362831,3946200
2025-05-07,77.9161605834961,79.358137057037,76.80998344403864,78.40010978535204,3119200
2025-05-08,78.58776092529297,80.01985862477648,77.73837645097946,79.68405931573913,5358200
2025-05-09,79.50628662109375,79.92110022109996,78.62727362027404,78.94332315388095,2434100
2025-05-12,82.11369323730469,83.95073341845513,81.33344434013091,82.50875701925804,3225200
2025-05-13,81.73838806152344,82.47912983851411,81.55073106675033,82.18283011363184,2493500
2025-05-14,82.13345336914062,82.1532031680645,81.18529724606196,81.68900377359466,2552800
2025-05-15,81.95567321777344,82.52850779642486,81.11615984545904,81.38283110390702,8022300
2025-05-16,81.35321044921875,81.8371596783277,80.22728344708692,81.8371596783277,3611000
2025-05-19,79.85196685791016,80.88900842219054,79.66431738705963,80.1285092656608,2686800
2025-05-20,78.74579620361328,79.99023702231979,78.66678193522117,79.4865380155547,2300400
2025-05-21,74.78529357910156,77.97541738851861,74.7359077781867,77.81739638897852,4451900
2025-05-22,74.78529357910156,75.41739264769241,73.94578771005577,74.65689351080903,2272200
2025-05-23,73.17539978027344,73.81737742725642,73.0766357273255,73.40256388374651,2199900
2025-05-27,74.81492614746094,74.96307602311292,73.58035640905399,74.08406297218443,2088600
2025-05-28,74.06430053710938,75.74331978686695,73.9359080058329,74.97294952877772,4762800
2025-05-29,74.91368103027344,74.99269529229103,73.75812570532142,74.73590270834121,2838500
2025-05-30,74.67664337158203,74.83466435530728,73.59022367712194,74.46923659188448,4674100
2025-06-02,73.98528289794922,74.10379674466499,72.78034188824506,73.6593547490527,1800500
2025-06-03,74.84455108642578,75.05195788847247,72.90874673210796,74.05443101223103,1776000
2025-06-04,75.74331665039062,76.18775869312572,74.98281755566543,75.10133895016172,2271900
2025-06-05,75.08158111572266,76.09887279079314,74.46923941961563,75.45689509484869,1606900
2025-06-06,75.92108917236328,76.77047359663652,75.16059013575817,76.77047359663652,3057900
2025-06-09,77.97541809082031,78.01492522486498,76.29640633760638,76.94826274652036,2369200
2025-06-10,79.73344421386719,79.81245093937545,77.88652542934604,78.07418241475928,1960700
2025-06-11,78.64702606201172,79.86184597166537,78.37048365271573,79.74332456687473,4869000
2025-06-12,77.31368255615234,78.35072399576035,77.0272615153538,77.99516736133558,2702400
2025-06-13,73.93499755859375,76.39222713929519,73.63774850897079,76.04544162097329,1990100
2025-06-16,76.12471008300781,76.36250479034325,74.39077490833212,75.02489916746492,6748300
2025-06-17,75.30232238769531,76.4814006440758,75.18342126255678,75.38158980445434,2110100
2025-06-18,75.46086120605469,76.06525450252674,74.63847872230555,75.25278233623504,4089000
2025-06-20,75.9265365600586,76.75882932031739,75.59957169362256,76.1940622027463,3271600
2025-06-23,75.64911651611328,76.5012224450802,74.17279661751805,75.79774104965082,3423500
2025-06-24,78.25497436523438,78.52249246454838,76.58048598705909,77.224520560154,4397100
2025-06-25,77.00653839111328,78.18561671394349,76.67956594807269,77.71001974594289,3312000
2025-06-26,77.52175903320312,77.84873146579548,77.06598271475187,77.20469691778672,2125100
2025-06-27,77.99735260009766,79.08725310206853,77.2146038830336,78.28469131086979,2872800
2025-06-30,79.30523681640625,79.60247829244604,78.02707805917127,78.56212178727128,2779600
2025-07-01,81.21751403808594,82.17861061715392,78.98816910866877,79.0476158877925,2209400
2025-07-02,81.23733520507812,81.59403103407126,79.90963994332596,81.25715583966507,1639000
2025-07-03,81.09862518310547,81.76247284821987,80.71220594165932,81.4652313483,1007600
2025-07-07,79.3448715209961,81.29678823152092,78.58193584826815,80.77164725448094,1470100
2025-07-08,79.9195556640625,81.24725101558151,79.60248596409146,79.76102081407697,1528200
2025-07-09,79.90963745117188,80.75183297027885,78.7107461141961,80.43477086099068,1315900
2025-07-10,80.47440338134766,81.24724178886662,79.10706691325396,79.37459255238397,2895000
2025-07-11,78.07662200927734,79.7411999753026,78.06671169227852,79.0278083385265,2334700
2025-07-14,78.76028442382812,79.7511044834639,78.2747847112266,79.11698025004557,1527700
2025-07-15,76.89754486083984,79.09716658635969,76.88763454369723,79.08725626921708,2407500
2025-07-16,81.90118408203125,82.4164071512185,78.97826057305721,81.49494425724258,3997400
2025-07-17,82.27769470214844,83.0604434187374,81.10852678563484,81.59402647488635,2697800
2025-07-18,81.1778793334961,82.4956716898067,80.58338887150342,82.12906558455565,2303700
2025-07-21,80.40504455566406,81.84173053270388,80.30596406748144,81.34632053243405,2022900
2025-07-22,83.33787536621094,83.48649988621717,80.87073554779298,80.87073554779298,2380200
2025-07-23,83.12979888916016,83.89272695732825,82.33713987135515,83.23878969309226,2489000
2025-07-24,82.28761291503906,83.34779012721849,82.1984351745378,83.3180591741464,1243600
2025-07-25,84.97273254394531,85.41859855812561,82.54521880185997,84.47732250180839,3422400
2025-07-28,83.93236541748047,85.3096046804122,83.55585652034648,84.57639996100094,1602300
2025-07-29,82.46595764160156,84.14043841729259,82.2578787749463,83.76392951256621,1651700
2025-07-30,80.69239807128906,82.882109767206,80.31588156399891,82.73348522797875,2186800
2025-07-31,79.216064453125,81.61385485482232,79.13680458975453,80.35550908692768,1762000
2025-08-01,77.32360076904297,78.48285846067171,75.89681741974152,78.19551972730642,2099800
2025-08-04,78.16578674316406,78.64138365436136,77.4424923990938,77.81900126591418,1983800
2025-08-05,77.6902084350586,78.50268062269048,76.67956768985947,78.15588753678718,4048200
2025-08-06,84.75474548339844,87.05344762919998,80.77164476668155,86.89491279738623,5181700
2025-08-07,81.26705932617188,85.27988365864157,80.86082702578383,84.9529112192403,3434400
2025-08-08,80.25642395019531,82.0002693526467,80.06816572193516,81.39586851814974,2585700
2025-08-11,80.0879898071289,81.98045225095572,79.85018754244068,80.88064134468416,3986900
2025-08-12,81.6336669921875,82.82264808200593,80.34559784541969,81.01935581214545,2695200
2025-08-13,85.66629791259766,85.73565501153475,81.96063315915333,82.03990057489767,2839700
2025-08-14,86.38960266113281,86.90482576150855,83.6549372038969,84.20979401343341,3256000
2025-08-15,85.99327850341797,88.2127134396346,85.90410076239343,86.81566101134882,2167900
2025-08-18,85.57713317871094,86.42923905373061,85.28979444789199,85.63657996461923,2051000
2025-08-19,85.82483673095703,87.28133587629551,85.408686558646,85.69602528454952,2644000
2025-08-20,84.98262786865234,86.14189301096383,84.82410059990066,85.54739496491418,2186900
2025-08-21,84.93309783935547,85.24024964289097,83.47659112302335,84.48722427103654,1973200
2025-08-22,89.1837158203125,89.80792973746549,85.03217734511922,85.53749769292334,2329700
2025-08-25,88.00463104248047,88.83692376336704,87.4200508779806,88.42077362324545,1808200
2025-08-26,87.42005157470703,88.0838991577929,87.00390143126877,87.73711367105824,2078400
2025-08-27,87.03363037109375,88.38114625634591,87.03363037109375,87.07326408058437,1641300
2025-08-28,87.41014862060547,87.65785364047372,86.4490519340195,87.3209708825871,1416900
2025-08-29,88.00463104248047,88.40096054959996,87.55876507156893,87.69747926515726,1818300
2025-09-02,86.19143676757812,87.40023847642834,85.38887492060856,87.11289974568876,2477900
2025-09-03,85.96355438232422,86.82556303524325,84.85383314392476,85.8347429307515,2404100
2025-09-04,86.47877502441406,86.69675665063282,84.86374102189089,85.9635519110075,2482100
2025-09-05,86.97418212890625,88.23252781623336,85.67621029210979,86.58776291704537,1398800
2025-09-08,86.61748504638672,86.7958329538275,85.12135224662134,86.40941374759862,1782500
2025-09-09,86.11217498779297,87.02372762816188,85.78520255395722,86.32024629313649,2932800
2025-09-10,84.29896545410156,86.4688560632841,84.04135014347183,85.45822301290056,2213200
2025-09-11,85.88427734375,86.27069653648805,84.26924347562321,84.56648493807582,1998100
2025-09-12,84.81110382080078,85.83459925100553,84.51300255112669,85.83459925100553,1344700
2025-09-15,83.62861633300781,85.33774986299528,83.42987458680757,84.9104645851928,1871800
2025-09-16,83.7577896118164,83.94659236825467,82.00890021756344,83.17151095924488,5512000
2025-09-17,84.81110382080078,86.3711906338865,83.76773800510695,83.76773800510695,1785100
2025-09-18,85.52655792236328,85.73523108287769,84.31425972975512,85.33775514708803,2013100
2025-09-19,86.00352478027344,86.61960523717183,85.32781800921988,86.29168704359678,4807400
2025-09-22,86.40099334716797,86.75872090819914,85.06945776650274,85.41724634494348,3095900
2025-09-23,85.5663070678711,87.77229132980706,85.45700099498433,86.33144199685552,3168700
2025-09-24,86.55998992919922,87.28537647932433,85.68554895962205,85.74516769491379,2123600
2025-09-25,84.36394500732422,86.54011224603228,84.24469995512845,85.84453506128042,2184700
2025-09-26,83.78759765625,84.87071926660516,83.49942782562746,84.37387629957777,2205400
2025-09-29,85.79484558105469,86.33143693067656,83.6385487810497,85.29800258117027,3199200
2025-09-30,82.55543518066406,85.72528838390808,81.46238209053776,85.49674484806064,3422100
2025-10-01,84.58255004882812,84.98001836035228,82.57530020200954,82.57530020200954,1796200
2025-10-02,85.87434387207031,86.17245271001494,84.2148900411945,84.29438674214275,2059900
2025-10-03,87.40461730957031,88.00082737735939,85.46693269395024,86.04326479678703,1990800
2025-10-06,86.62954711914062,88.42811638088469,85.93396994090332,88.34862726138803,1453200
2025-10-07,87.54373168945312,88.13001034895727,86.51029737977541,87.1065150216365,1642200
2025-10-08,87.97102355957031,88.23932303479182,86.67923626142344,88.17969671739658,1363600
2025-10-09,86.62954711914062,89.01439507216125,86.01345906039998,88.30887891102837,1720900
2025-10-10,82.3268814086914,86.87796498794586,82.28713305999484,86.56992476207544,2601400
2025-10-13,83.688232421875,84.21488476552521,82.82372291097121,83.14170211362165,1218000
2025-10-14,85.92402648925781,86.37118214040854,82.5653630801602,82.6547987591237,1993700
2025-10-15,85.55636596679688,86.73885477263508,84.72167333765658,86.0929573346254,1267000
2025-10-16,83.13177490234375,85.79484612049482,83.12183591954125,85.45699651743598,1855900
2025-10-17,84.88065338134766,85.0595171584452,83.12183255757377,83.15164192355299,2372300
2025-10-20,86.47055053710938,86.66929228159744,84.98002156894951,85.29800077890805,1262700
2025-10-21,87.10652160644531,87.66298336094427,85.95384216501424,86.44074620020083,1282400
2025-10-22,85.12907409667969,86.82827617300349,85.07939434757469,85.95383526028908,1787000
2025-10-23,86.92765808105469,87.64310566134863,85.98365179468895,86.28176063906189,1184700
2025-10-24,86.80840301513672,88.44798630764318,86.78852505115228,88.13000711488972,1286700
2025-10-27,86.24201202392578,88.20950613085574,86.1823932877227,87.63317399137269,1435000
2025-10-28,85.08932495117188,86.66928954985787,85.0495766035271,86.24200428920413,1472500
2025-10-29,78.70986938476562,82.01884567819832,78.17327801978551,80.98541129911321,4705500
2025-10-30,78.19315338134766,80.7071777359852,78.12359566493872,78.84898219588581,2065400
2025-10-31,77.26902770996094,78.56081499846216,76.5635115393717,77.5075102340927,2876800
2025-11-03,76.61318969726562,77.01066561669307,74.23828074474541,76.80199246476874,4338500
2025-11-04,79.45513153076172,80.4786268962269,76.61318896853788,80.19045704691356,4159800
2025-11-05,78.6999282836914,80.33951170235633,77.69631088069005,80.01159350237884,2808400
2025-11-06,75.88780212402344,79.48494057188543,75.81824440766208,78.6899963250732,3778400
2025-11-07,75.5499496459961,76.37471089220226,74.40720916502914,75.41083420461469,1958400
2025-11-10,75.21209716796875,76.57344216136224,74.43702328651673,76.26540192161147,2550600
2025-11-11,76.74237060546875,77.30877130369268,75.84805171847772,76.18590130843972,1734100
2025-11-12,76.90135955810547,77.98448124913844,76.60325072319517,76.60325072319517,1612700
2025-11-13,74.96367645263672,77.5870069626599,74.69537697932597,77.04047661422892,1587400
2025-11-14,73.6420669555664,74.92392275116246,72.80736680859172,74.6357529135892,2218300
2025-11-17,72.12173461914062,73.78118848682558,71.80375538951702,73.45327027405732,1627600
2025-11-18,71.5751953125,72.86699003571684,71.31683485161226,71.95280081254099,2053100
2025-11-19,71.5751953125,72.10184763495518,70.46227193862397,71.88323552045185,1661400
2025-11-20,71.01874542236328,72.99617860081908,70.92930973283687,72.6881383416992,1690300
2025-11-21,73.0259780883789,74.18859640755787,71.67456459458865,71.78387065520566,2099400
2025-11-24,72.34033966064453,72.99616844058737,71.81367974278992,72.42976775650042,3175900
2025-11-25,73.5526351928711,74.26809033373213,72.58876613050161,72.7278815655332,2017400
2025-11-26,74.49663543701172,74.9040427263602,73.30420777144752,73.35389510047095,2215700
2025-11-28,75.28165435791016,75.97723153350739,74.53638984924626,74.76493338641852,1144800
2025-12-01,75.75862121582031,77.04047711122742,74.248221777757,74.32771848008211,2423100
2025-12-02,78.19315338134766,78.73967612992571,75.22202679748284,76.2952094916971,3831200
2025-12-03,79.45513153076172,80.26995374628743,78.61049994827646,78.61049994827646,2230800
2025-12-04,79.23651885986328,80.18052510076475,78.68999611313109,79.81285855457503,3017600
2025-12-05,78.35213470458984,80.55811870021381,78.25276762702217,78.72974021305791,2180800
2025-12-08,77.41808319091797,78.07391203656907,76.67281865922823,77.95466698225847,2858700
2025-12-09,77.01065826416016,78.23289527299347,76.7324274214916,77.49756223883014,2524100
2025-12-10,79.83272552490234,80.0712156112057,76.94110335477892,77.04047043346091,1728300
2025-12-11,81.40275573730469,81.54187117155337,79.26632930959636,79.39551334227197,2608800
2025-12-12,81.7815170288086,83.14702921453001,81.23331371046314,82.83804603751499,2559000
2025-12-15,81.36288452148438,82.25994102868864,80.84458943089376,81.93101904197552,2868000
2025-12-16,81.17351531982422,82.16027372297023,80.72498324244533,81.53233793995544,2242700
2025-12-17,81.95095825195312,83.09719670534363,81.19344301949245,81.19344301949245,2064600
2025-12-18,81.85128784179688,83.01745751663537,81.37285516255496,82.41942237090507,3126300
2025-12-19,80.58544158935547,82.6586372507736,79.91763578443886,81.87122137154951,6702500
2025-12-22,81.02400207519531,81.47252653401645,79.65848228024002,80.36615809086621,2569500
2025-12-23,79.92760467529297,81.72171015173453,79.47907260286036,81.06387375836817,2222200
2025-12-24,80.92433166503906,80.92433166503906,79.73822316208557,80.49573841136566,980100
2025-12-26,80.08707427978516,80.83462010244233,79.34949786400364,80.04720425671192,1612400
2025-12-29,79.77809143066406,80.23658529122525,79.16011747716192,79.9475333260918,2361200
2025-12-30,79.05047607421875,79.82792250895321,78.91093479641664,79.54883995334897,2576200
2025-12-31,77.146728515625,78.7315219704297,77.09688908690583,78.591980695331,2248700
2026-01-02,75.28284454345703,77.92417455983392,74.75458006106749,77.34607064896534,2922200
2026-01-05,76.7679672241211,78.13348696614297,74.60506985239039,74.8243511719998,3698800
2026-01-06,76.77793884277344,77.27630272736049,75.87092052712828,75.87092052712828,7361900
2026-01-07,77.24639892578125,77.87433465687377,75.99051985916711,76.94737756558723,2475100
2026-01-08,78.43251037597656,79.54884060757443,76.00049219240229,76.60849673829586,2439500
2026-01-09,79.2597885131836,79.62858052376457,77.8643757259677,78.55211271268715,2533300
2026-01-12,79.41926574707031,79.5189369990797,77.74476285825384,78.43250742464801,3006200
2026-01-13,77.21649932861328,79.08037533785014,76.59852539146564,78.74149155596314,2971500
2026-01-14,77.22647094726562,77.7347966346561,76.56862696909526,77.28627218003406,3467000
2026-01-15,74.74461364746094,77.24640248958983,74.54527113442087,77.24640248958983,2772700
2026-01-16,73.55850982666016,75.0934638454499,73.51863980476016,74.45555870390818,2831500
2026-01-20,71.43547821044922,74.31602088802525,71.325837546229,72.43220599104797,8126000
2026-01-21,73.10997772216797,74.35588738888667,72.01357873634133,72.1232193953669,3921700
2026-01-22,75.6915054321289,76.21976990661486,73.5086692935868,73.6781111807938,3680100
2026-01-23,74.96389770507812,75.64167292030405,74.39576315734682,75.00376773002432,2015100
2026-01-26,75.19314575195312,75.49215952168625,73.87746539361085,75.16324513542276,2940700
2026-01-27,73.51863861083984,74.88415071770095,72.76112341589995,74.57516755853015,2034700
2026-01-28,71.77436828613281,73.89739568205,71.6547582170728,73.55851189302398,1814800
2026-01-29,71.11652374267578,72.33253281953226,70.35900852022876,71.66472704926822,2766700
2026-01-30,71.5052490234375,71.87404104074345,69.99022613922102,70.62813131198897,2846500
2026-02-02,71.75443267822266,72.40230727349186,70.53842353728687,71.176336329678,3061400
2026-02-03,66.99007415771484,70.37895017999695,66.57145030907606,70.11979882417931,6000500
2026-02-04,70.56832885742188,71.0965933565648,66.92030158462234,66.92030158462234,3394900
2026-02-05,71.02682495117188,72.1531246243095,70.56833107703365,71.67469954017814,3559200
2026-02-06,72.62158203125,73.11994588949112,70.83743850621532,71.67469374236347,2239700
2026-02-09,71.52518463134766,72.82092612851095,71.42551337840112,71.76439715930518,4783900
2026-02-10,73.04020690917969,73.9372633879435,71.45541346705453,71.78432783891034,2767300
2026-02-11,71.98368072509766,73.4488717628716,71.29593613077208,72.76112716854603,5008500
2026-02-12,68.74431610107422,72.47207586349015,67.67781768223746,72.11325325486942,3911100
2026-02-13,68.25592041015625,69.25264817102376,67.86718958734293,68.78418490670734,3709100
2026-02-17,69.54169464111328,70.11979858503113,67.89709986929427,68.64464571264094,5743600
2026-02-18,80.99410247802734,81.40275691829699,75.75131216475286,79.28969886685195,8577100
2026-02-19,79.9874038696289,80.56550780365627,78.35277092849802,80.55553839667526,5074800
2026-02-20,82.20014190673828,82.42938503953586,79.83789431119081,80.07710685111033,5273800
2026-02-23,79.22988891601562,81.3329851352077,79.0604470188785,80.79475122274613,5818800
2026-02-24,78.08364868164062,79.8478610665855,77.95407681107676,79.34949718905315,4711300
2026-02-25,77.68496704101562,78.56208476601638,75.48219951907461,78.37270405090216,5003900
2026-02-26,77.59525299072266,79.11028341307768,76.88757720828637,78.71159079643535,4262600
2026-02-27,76.20980072021484,77.78463234621607,75.58186499287822,77.41584035143987,4923500
2026-03-02,77.63512420654297,77.97401559744993,74.2562177264071,74.2562177264071,4097500
2026-03-03,77.44574737548828,79.06044915653162,75.00376729599519,75.64167248258349,4042500
2026-03-04,77.31616973876953,77.85440362568792,76.14003071278398,77.58528288001418,2836600
2026-03-05,78.03382110595703,78.70162691315339,76.5985306270863,76.61846944175379,2771400
2026-03-06,76.1500015258789,76.97728738240978,74.34591912961784,76.97728738240978,5213600
2026-03-09,74.80000305175781,75.25,71.87000274658203,74.37999725341797,4014500
2026-03-10,73.54000091552734,74.88999938964844,72.37999725341797,73.68000030517578,3765800
2026-03-11,72.8499984741211,74.98999786376953,71.4000015258789,73.9000015258789,3813400
2026-03-12,70.3499984741211,73.52999877929688,70.23999786376953,72.0,2893979
