date,close,high,low,open,volume
2021-03-12,16.600000381469727,16.670000076293945,16.274999618530273,16.459999084472656,19400
2021-03-15,16.600000381469727,16.600000381469727,16.15999984741211,16.549999237060547,26800
2021-03-16,16.40999984741211,16.600000381469727,16.31999969482422,16.540000915527344,18200
2021-03-17,16.719999313354492,17.177000045776367,16.450000762939453,16.450000762939453,93500
2021-03-18,16.350000381469727,17.309999465942383,16.350000381469727,16.56999969482422,74000
2021-03-19,18.09000015258789,18.09000015258789,16.149999618530273,16.299999237060547,154700
2021-03-22,17.790000915527344,18.399999618530273,17.15999984741211,17.950000762939453,55000
2021-03-23,17.579999923706055,18.700000762939453,17.30500030517578,18.030000686645508,72800
2021-03-24,17.149999618530273,18.062000274658203,17.09000015258789,17.68000030517578,41500
2021-03-25,17.649999618530273,17.889999389648438,16.84000015258789,17.110000610351562,32500
2021-03-26,18.200000762939453,18.43000030517578,17.700000762939453,17.700000762939453,30300
2021-03-29,17.920000076293945,18.459999084472656,17.700000762939453,18.200000762939453,46000
2021-03-30,17.700000762939453,18.038000106811523,17.6299991607666,17.860000610351562,40200
2021-03-31,17.729999542236328,18.0,17.360000610351562,17.799999237060547,23400
2021-04-01,18.68000030517578,18.799999237060547,17.459999084472656,17.68000030517578,45000
2021-04-05,19.209999084472656,19.209999084472656,18.809999465942383,18.91900062561035,76600
2021-04-06,19.010000228881836,19.510000228881836,18.899999618530273,19.219999313354492,27400
2021-04-07,18.440000534057617,19.09000015258789,18.34000015258789,19.09000015258789,55200
2021-04-08,18.56999969482422,18.799999237060547,18.25,18.510000228881836,18800
2021-04-09,18.780000686645508,19.010000228881836,18.700000762939453,18.875,26200
2021-04-12,18.8700008392334,19.1299991607666,18.450000762939453,18.690000534057617,13700
2021-04-13,18.479999542236328,18.850000381469727,18.34000015258789,18.850000381469727,14800
2021-04-14,18.649999618530273,18.989999771118164,18.354000091552734,18.68000030517578,17300
2021-04-15,18.8799991607666,19.100000381469727,18.450000762939453,18.899999618530273,30900
2021-04-16,18.709999084472656,19.100000381469727,18.670000076293945,18.989999771118164,18200
2021-04-19,18.25,18.899999618530273,18.229999542236328,18.709999084472656,42400
2021-04-20,17.799999237060547,18.389999389648438,17.600000381469727,18.299999237060547,46500
2021-04-21,17.860000610351562,18.239999771118164,17.670000076293945,17.670000076293945,30000
2021-04-22,17.81999969482422,18.100000381469727,17.739999771118164,18.0,18900
2021-04-23,18.1299991607666,18.389999389648438,17.81999969482422,17.81999969482422,19300
2021-04-26,17.81999969482422,18.673999786376953,17.75,18.1299991607666,26700
2021-04-27,17.670000076293945,18.0,17.670000076293945,17.709999084472656,23800
2021-04-28,17.549999237060547,17.91900062561035,17.469999313354492,17.719999313354492,20300
2021-04-29,17.780000686645508,17.850000381469727,17.540000915527344,17.670000076293945,8800
2021-04-30,17.860000610351562,17.93000030517578,17.625,17.75,33100
2021-05-03,18.399999618530273,18.610000610351562,17.690000534057617,17.860000610351562,57400
2021-05-04,18.110000610351562,18.299999237060547,18.049999237060547,18.200000762939453,25900
2021-05-05,18.239999771118164,18.350000381469727,17.920000076293945,18.270000457763672,31400
2021-05-06,18.469999313354492,18.579999923706055,18.0049991607666,18.18000030517578,49100
2021-05-07,19.690000534057617,20.18000030517578,18.329999923706055,18.40999984741211,42500
2021-05-10,18.940000534057617,20.1200008392334,18.899999618530273,19.700000762939453,74700
2021-05-11,18.350000381469727,18.8799991607666,17.84000015258789,18.8799991607666,71300
2021-05-12,18.280000686645508,18.790000915527344,18.25,18.25,42400
2021-05-13,19.360000610351562,19.469999313354492,18.700000762939453,18.729999542236328,85600
2021-05-14,19.600000381469727,19.600000381469727,19.200000762939453,19.389999389648438,46600
2021-05-17,19.06999969482422,19.600000381469727,18.93000030517578,19.600000381469727,32200
2021-05-18,18.670000076293945,19.299999237060547,18.270000457763672,19.030000686645508,41200
2021-05-19,19.06999969482422,19.329999923706055,18.510000228881836,18.510000228881836,45500
2021-05-20,19.290000915527344,19.329999923706055,18.860000610351562,19.100000381469727,44400
2021-05-21,19.25,19.354999542236328,19.049999237060547,19.350000381469727,55700
2021-05-24,18.8700008392334,19.149999618530273,18.700000762939453,19.149999618530273,56900
2021-05-25,18.809999465942383,18.950000762939453,18.479999542236328,18.799999237060547,40700
2021-05-26,18.969999313354492,19.200000762939453,18.514999389648438,18.850000381469727,64300
2021-05-27,18.850000381469727,19.334999084472656,18.670000076293945,18.899999618530273,84400
2021-05-28,19.040000915527344,19.04400062561035,18.510000228881836,19.010000228881836,29600
2021-06-01,19.3799991607666,19.450000762939453,18.65999984741211,19.079999923706055,159500
2021-06-02,19.420000076293945,19.479999542236328,19.030000686645508,19.479999542236328,55600
2021-06-03,19.5,19.530000686645508,19.059999465942383,19.290000915527344,37200
2021-06-04,19.440000534057617,19.600000381469727,19.239999771118164,19.489999771118164,26800
2021-06-07,19.540000915527344,19.65999984741211,19.25,19.399999618530273,72600
2021-06-08,19.549999237060547,19.799999237060547,19.475000381469727,19.520000457763672,20600
2021-06-09,19.149999618530273,19.8700008392334,19.09000015258789,19.8700008392334,17800
2021-06-10,18.75,19.190000534057617,18.670000076293945,19.139999389648438,24800
2021-06-11,18.989999771118164,19.049999237060547,18.5,18.75,25100
2021-06-14,18.459999084472656,19.329999923706055,18.399999618530273,19.010000228881836,53500
2021-06-15,18.6299991607666,18.690000534057617,18.18000030517578,18.579999923706055,28100
2021-06-16,18.3700008392334,18.670000076293945,18.299999237060547,18.639999389648438,11200
2021-06-17,18.209999084472656,18.424999237060547,18.15999984741211,18.3700008392334,26600
2021-06-18,18.0,18.309999465942383,17.5,18.030000686645508,60000
2021-06-21,17.780000686645508,18.100000381469727,17.649999618530273,18.0,68300
2021-06-22,17.229999542236328,17.700000762939453,17.010000228881836,17.700000762939453,42400
2021-06-23,17.3700008392334,17.520000457763672,17.059999465942383,17.299999237060547,62200
2021-06-24,17.299999237060547,17.360000610351562,17.139999389648438,17.360000610351562,39700
2021-06-25,17.190000534057617,17.34000015258789,17.110000610351562,17.25,176600
2021-06-28,16.889999389648438,17.200000762939453,16.6299991607666,17.200000762939453,31200
2021-06-29,16.90999984741211,17.139999389648438,16.774999618530273,16.8700008392334,56300
2021-06-30,16.90999984741211,17.020000457763672,16.75,16.81999969482422,43300
2021-07-01,17.34000015258789,17.44499969482422,16.829999923706055,16.90999984741211,42300
2021-07-02,17.8799991607666,18.030000686645508,17.43000030517578,17.450000762939453,57700
2021-07-06,17.260000228881836,17.899999618530273,17.190000534057617,17.899999618530273,38300
2021-07-07,17.540000915527344,17.700000762939453,17.219999313354492,17.290000915527344,21000
2021-07-08,17.040000915527344,17.615999221801758,16.829999923706055,17.280000686645508,42400
2021-07-09,17.18000030517578,17.25,17.06999969482422,17.204999923706055,12900
2021-07-12,16.940000534057617,17.510000228881836,16.770000457763672,17.229999542236328,47900
2021-07-13,16.260000228881836,16.600000381469727,16.18000030517578,16.540000915527344,31500
2021-07-14,16.299999237060547,16.530000686645508,16.170000076293945,16.290000915527344,32100
2021-07-15,16.110000610351562,16.5,15.920000076293945,16.309999465942383,13600
2021-07-16,15.90999984741211,16.469999313354492,15.90999984741211,16.260000228881836,13600
2021-07-19,15.970000267028809,16.187999725341797,15.279999732971191,15.8100004196167,40700
2021-07-20,16.459999084472656,16.969999313354492,15.949999809265137,15.949999809265137,33300
2021-07-21,17.010000228881836,17.190000534057617,16.639999389648438,16.639999389648438,23800
2021-07-22,16.540000915527344,17.0,16.520000457763672,17.0,31500
2021-07-23,16.950000762939453,17.09000015258789,16.350000381469727,16.56999969482422,25600
2021-07-26,16.860000610351562,17.190000534057617,16.649999618530273,16.940000534057617,24500
2021-07-27,17.040000915527344,17.23900032043457,16.760000228881836,17.22100067138672,17400
2021-07-28,17.3799991607666,17.420000076293945,16.81999969482422,17.139999389648438,31500
2021-07-29,17.309999465942383,17.600000381469727,17.059999465942383,17.280000686645508,21400
2021-07-30,17.639999389648438,17.899999618530273,17.309999465942383,17.309999465942383,25800
2021-08-02,17.479999542236328,17.850000381469727,17.25,17.850000381469727,56300
2021-08-03,18.110000610351562,18.200000762939453,17.170000076293945,17.59000015258789,38100
2021-08-04,17.760000228881836,18.18000030517578,17.709999084472656,17.920000076293945,23800
2021-08-05,18.09000015258789,18.09000015258789,17.84000015258789,17.889999389648438,41000
2021-08-06,18.100000381469727,18.200000762939453,17.764999389648438,18.079999923706055,55600
2021-08-09,17.5,18.450000762939453,17.5,18.0,130200
2021-08-10,18.899999618530273,18.93000030517578,18.010000228881836,18.010000228881836,61900
2021-08-11,18.68000030517578,19.100000381469727,18.360000610351562,18.739999771118164,24300
2021-08-12,18.700000762939453,18.913000106811523,18.576000213623047,18.80699920654297,13900
2021-08-13,18.610000610351562,18.950000762939453,18.549999237060547,18.790000915527344,15400
2021-08-16,18.34000015258789,18.549999237060547,18.219999313354492,18.549999237060547,35800
2021-08-17,17.899999618530273,18.299999237060547,17.673999786376953,18.1299991607666,15200
2021-08-18,18.0,18.18000030517578,17.860000610351562,17.860000610351562,22000
2021-08-19,18.260000228881836,18.329999923706055,17.860000610351562,17.860000610351562,27800
2021-08-20,18.329999923706055,18.469999313354492,17.979999542236328,18.15999984741211,37900
2021-08-23,17.950000762939453,18.670000076293945,17.90999984741211,18.350000381469727,21200
2021-08-24,17.90999984741211,18.18000030517578,17.81999969482422,18.18000030517578,14200
2021-08-25,18.040000915527344,18.280000686645508,17.809999465942383,17.809999465942383,43200
2021-08-26,18.520000457763672,18.75,17.940000534057617,17.940000534057617,67800
2021-08-27,19.399999618530273,19.790000915527344,18.639999389648438,18.639999389648438,59900
2021-08-30,19.030000686645508,19.257999420166016,19.0,19.165000915527344,69300
2021-08-31,19.600000381469727,19.760000228881836,19.0,19.0,43400
2021-09-01,19.75,19.850000381469727,19.131999969482422,19.600000381469727,22400
2021-09-02,20.079999923706055,20.100000381469727,19.459999084472656,19.899999618530273,61900
2021-09-03,19.75,20.100000381469727,19.674999237060547,20.100000381469727,11100
2021-09-07,19.459999084472656,20.290000915527344,19.299999237060547,19.799999237060547,92100
2021-09-08,19.0,19.735000610351562,18.84000015258789,19.719999313354492,20500
2021-09-09,19.270000457763672,19.450000762939453,19.030000686645508,19.18000030517578,22200
2021-09-10,18.93000030517578,19.475000381469727,18.899999618530273,19.34000015258789,23100
2021-09-13,18.600000381469727,19.079999923706055,18.510000228881836,19.079999923706055,28500
2021-09-14,18.239999771118164,18.729999542236328,18.18000030517578,18.729999542236328,17200
2021-09-15,18.219999313354492,18.59000015258789,18.110000610351562,18.239999771118164,27900
2021-09-16,18.06999969482422,18.739999771118164,18.049999237060547,18.34000015258789,28100
2021-09-17,17.479999542236328,18.6299991607666,17.299999237060547,18.149999618530273,187300
2021-09-20,17.1200008392334,17.405000686645508,17.020000457763672,17.389999389648438,66000
2021-09-21,17.440000534057617,17.59000015258789,17.15999984741211,17.309999465942383,42200
2021-09-22,17.56999969482422,18.1200008392334,17.3700008392334,17.829999923706055,57700
2021-09-23,18.020000457763672,18.020000457763672,17.534000396728516,17.600000381469727,29900
2021-09-24,17.8700008392334,18.0,17.75,17.84000015258789,16400
2021-09-27,18.170000076293945,18.280000686645508,17.510000228881836,17.920000076293945,14300
2021-09-28,17.940000534057617,18.15999984741211,17.920000076293945,18.15999984741211,20400
2021-09-29,18.1299991607666,18.149999618530273,17.90999984741211,18.040000915527344,7400
2021-09-30,17.969999313354492,18.209999084472656,17.950000762939453,18.209999084472656,16100
2021-10-01,18.170000076293945,18.225000381469727,17.959999084472656,18.0,19300
2021-10-04,17.6299991607666,18.100000381469727,17.559999465942383,18.049999237060547,91200
2021-10-05,17.530000686645508,17.93000030517578,17.402000427246094,17.56999969482422,27200
2021-10-06,17.43000030517578,17.631000518798828,17.219999313354492,17.290000915527344,17300
2021-10-07,17.079999923706055,17.770000457763672,17.079999923706055,17.549999237060547,40800
2021-10-08,17.360000610351562,17.530000686645508,17.110000610351562,17.110000610351562,32900
2021-10-11,17.020000457763672,17.299999237060547,17.020000457763672,17.209999084472656,19900
2021-10-12,17.059999465942383,17.200000762939453,17.010000228881836,17.200000762939453,9900
2021-10-13,16.799999237060547,17.329999923706055,16.739999771118164,17.0,78900
2021-10-14,16.969999313354492,17.31999969482422,16.770000457763672,16.770000457763672,25200
2021-10-15,16.889999389648438,17.299999237060547,16.809999465942383,17.170000076293945,30400
2021-10-18,17.239999771118164,17.290000915527344,16.790000915527344,16.899999618530273,34800
2021-10-19,17.200000762939453,17.319000244140625,17.139999389648438,17.299999237060547,55400
2021-10-20,17.459999084472656,17.479999542236328,17.100000381469727,17.280000686645508,47000
2021-10-21,17.389999389648438,17.81800079345703,17.309999465942383,17.420000076293945,21100
2021-10-22,17.59000015258789,17.8799991607666,17.420000076293945,17.420000076293945,17900
2021-10-25,17.940000534057617,18.049999237060547,17.540000915527344,17.549999237060547,20200
2021-10-26,17.959999084472656,18.110000610351562,17.850000381469727,17.850000381469727,18600
2021-10-27,17.639999389648438,18.052000045776367,17.6299991607666,17.8700008392334,19400
2021-10-28,17.770000457763672,17.899999618530273,17.600000381469727,17.600000381469727,18500
2021-10-29,17.75,18.239999771118164,17.600000381469727,17.68000030517578,28300
2021-11-01,18.1299991607666,18.25,17.579999923706055,17.75,21900
2021-11-02,18.09000015258789,18.239999771118164,17.829999923706055,18.200000762939453,15300
2021-11-03,18.950000762939453,19.200000762939453,18.110000610351562,18.200000762939453,60000
2021-11-04,18.84000015258789,19.139999389648438,18.520000457763672,19.049999237060547,15000
2021-11-05,20.18000030517578,20.184999465942383,18.969999313354492,18.969999313354492,48200
2021-11-08,20.799999237060547,21.110000610351562,20.0,20.209999084472656,49600
2021-11-09,24.049999237060547,24.920000076293945,20.430999755859375,20.739999771118164,99900
2021-11-10,24.6299991607666,24.8700008392334,23.420000076293945,24.020000457763672,99700
2021-11-11,26.3700008392334,26.799999237060547,24.6299991607666,24.6299991607666,78700
2021-11-12,26.790000915527344,27.93000030517578,26.530000686645508,26.600000381469727,81900
2021-11-15,26.09000015258789,27.350000381469727,25.190000534057617,27.040000915527344,69900
2021-11-16,25.709999084472656,26.485000610351562,25.41699981689453,25.969999313354492,36700
2021-11-17,25.040000915527344,25.549999237060547,24.709999084472656,25.549999237060547,47500
2021-11-18,26.31999969482422,26.3700008392334,24.829999923706055,25.239999771118164,41900
2021-11-19,26.360000610351562,27.1299991607666,25.777999877929688,26.139999389648438,51300
2021-11-22,26.190000534057617,27.360000610351562,25.229999542236328,26.6200008392334,31700
2021-11-23,26.829999923706055,26.979999542236328,25.36199951171875,25.36199951171875,36700
2021-11-24,26.8700008392334,27.190000534057617,26.299999237060547,26.510000228881836,30700
2021-11-26,25.56999969482422,27.290000915527344,24.639999389648438,26.270000457763672,29400
2021-11-29,25.139999389648438,26.3700008392334,24.899999618530273,26.030000686645508,38800
2021-11-30,24.969999313354492,25.450000762939453,24.700000762939453,24.979999542236328,27500
2021-12-01,25.170000076293945,25.93000030517578,24.540000915527344,25.549999237060547,73000
2021-12-02,25.540000915527344,25.729999542236328,24.989999771118164,25.09000015258789,40500
2021-12-03,25.450000762939453,26.510000228881836,25.270000457763672,25.889999389648438,49000
2021-12-06,25.149999618530273,25.81999969482422,25.0,25.81999969482422,67200
2021-12-07,25.040000915527344,25.450000762939453,24.799999237060547,25.25,51800
2021-12-08,25.15999984741211,25.40999984741211,24.899999618530273,25.280000686645508,40200
2021-12-09,25.399999618530273,25.690000534057617,24.969999313354492,25.625,52800
2021-12-10,26.93000030517578,27.200000762939453,25.149999618530273,25.59000015258789,95700
2021-12-13,26.239999771118164,28.84000015258789,25.979999542236328,27.15999984741211,110300
2021-12-14,24.75,26.125,24.6200008392334,25.959999084472656,78900
2021-12-15,24.950000762939453,25.079999923706055,23.40999984741211,24.829999923706055,48100
2021-12-16,24.43000030517578,25.3700008392334,24.139999389648438,25.3700008392334,47700
2021-12-17,24.81999969482422,25.309999465942383,23.75,24.5,98300
2021-12-20,24.239999771118164,24.43000030517578,23.354999542236328,24.43000030517578,42300
2021-12-21,25.149999618530273,25.520000457763672,24.530000686645508,24.530000686645508,20500
2021-12-22,25.8700008392334,25.8700008392334,24.632999420166016,25.06999969482422,22500
2021-12-23,25.780000686645508,26.139999389648438,25.549999237060547,26.139999389648438,26300
2021-12-27,26.139999389648438,27.540000915527344,25.350000381469727,25.850000381469727,36100
2021-12-28,26.25,26.59000015258789,26.1200008392334,26.389999389648438,15900
2021-12-29,26.329999923706055,26.6200008392334,26.1299991607666,26.18000030517578,21900
2021-12-30,26.170000076293945,26.545000076293945,26.079999923706055,26.229999542236328,6900
2021-12-31,26.469999313354492,26.75,25.790000915527344,26.059999465942383,14400
2022-01-03,25.690000534057617,26.985000610351562,25.59000015258789,26.510000228881836,17200
2022-01-04,25.950000762939453,26.200000762939453,25.417999267578125,25.65999984741211,22500
2022-01-05,25.610000610351562,26.84000015258789,25.469999313354492,26.399999618530273,33300
2022-01-06,24.940000534057617,25.850000381469727,24.510000228881836,25.3799991607666,29200
2022-01-07,25.010000228881836,25.190000534057617,24.81999969482422,24.81999969482422,28700
2022-01-10,24.690000534057617,24.950000762939453,24.086999893188477,24.81999969482422,18800
2022-01-11,24.889999389648438,25.5049991607666,24.469999313354492,24.829999923706055,13500
2022-01-12,24.770000457763672,25.559999465942383,24.652000427246094,25.15999984741211,22800
2022-01-13,25.360000610351562,26.149999618530273,25.010000228881836,25.010000228881836,18100
2022-01-14,24.969999313354492,25.770000457763672,24.809999465942383,25.010000228881836,15700
2022-01-18,24.40999984741211,24.969999313354492,24.18000030517578,24.829999923706055,29700
2022-01-19,23.8700008392334,24.649999618530273,23.040000915527344,24.56999969482422,78700
2022-01-20,23.350000381469727,24.219999313354492,23.18000030517578,23.940000534057617,24900
2022-01-21,23.1299991607666,23.940000534057617,22.5,23.0,52500
2022-01-24,23.979999542236328,24.1299991607666,21.770000457763672,22.950000762939453,41700
2022-01-25,24.149999618530273,24.475000381469727,23.030000686645508,23.030000686645508,26700
2022-01-26,24.200000762939453,25.426000595092773,24.0,25.426000595092773,65300
2022-01-27,24.350000381469727,24.540000915527344,24.0,24.40999984741211,43600
2022-01-28,23.899999618530273,24.209999084472656,23.110000610351562,24.209999084472656,32700
2022-01-31,24.760000228881836,25.149999618530273,23.899999618530273,23.899999618530273,44200
2022-02-01,24.81999969482422,25.1200008392334,24.246999740600586,24.979999542236328,24600
2022-02-02,25.110000610351562,25.663000106811523,24.799999237060547,24.875,60100
2022-02-03,25.690000534057617,26.091999053955078,24.915000915527344,25.020000457763672,56700
2022-02-04,26.15999984741211,26.510000228881836,25.139999389648438,25.860000610351562,63200
2022-02-07,26.75,27.229999542236328,26.56999969482422,26.56999969482422,42000
2022-02-08,26.510000228881836,26.966999053955078,26.100000381469727,26.75,57300
2022-02-09,26.670000076293945,27.0,26.649999618530273,26.790000915527344,14500
2022-02-10,25.68000030517578,26.601999282836914,25.549999237060547,26.309999465942383,51600
2022-02-11,25.829999923706055,26.299999237060547,25.530000686645508,26.299999237060547,40100
2022-02-14,25.56999969482422,26.110000610351562,25.389999389648438,25.93000030517578,18800
2022-02-15,26.56999969482422,26.719999313354492,25.700000762939453,25.829999923706055,22100
2022-02-16,26.940000534057617,26.979999542236328,26.190000534057617,26.649999618530273,14200
2022-02-17,26.81999969482422,27.040000915527344,26.610000610351562,26.920000076293945,23000
2022-02-18,27.170000076293945,27.78700065612793,26.799999237060547,26.799999237060547,20400
2022-02-22,25.709999084472656,27.09000015258789,25.579999923706055,27.09000015258789,28500
2022-02-23,24.260000228881836,25.75,24.190000534057617,25.75,34400
2022-02-24,24.760000228881836,24.959999084472656,23.6299991607666,23.950000762939453,29200
2022-02-25,26.06999969482422,26.510000228881836,24.920000076293945,24.920000076293945,26800
2022-02-28,25.469999313354492,26.149999618530273,25.40999984741211,25.93000030517578,24400
2022-03-01,24.829999923706055,25.690000534057617,24.639999389648438,25.520000457763672,24600
2022-03-02,25.950000762939453,26.34000015258789,25.0,25.0,22400
2022-03-03,25.360000610351562,26.195999145507812,25.200000762939453,26.195999145507812,13700
2022-03-04,24.09000015258789,25.639999389648438,23.459999084472656,25.360000610351562,41900
2022-03-07,23.670000076293945,24.239999771118164,23.649999618530273,24.0,27700
2022-03-08,23.540000915527344,23.989999771118164,22.989999771118164,23.760000228881836,30000
2022-03-09,24.31999969482422,24.860000610351562,23.85300064086914,24.049999237060547,13800
2022-03-10,24.399999618530273,24.850000381469727,23.600000381469727,24.190000534057617,20300
2022-03-11,24.350000381469727,24.850000381469727,23.799999237060547,24.850000381469727,12000
2022-03-14,23.110000610351562,24.200000762939453,22.649999618530273,24.200000762939453,32300
2022-03-15,24.149999618530273,24.25,22.56999969482422,23.110000610351562,35500
2022-03-16,23.899999618530273,24.760000228881836,23.649999618530273,24.760000228881836,41500
2022-03-17,24.479999542236328,24.649999618530273,23.299999237060547,23.979999542236328,37500
2022-03-18,25.0,25.15999984741211,23.700000762939453,24.459999084472656,64000
2022-03-21,24.540000915527344,25.299999237060547,24.329999923706055,25.209999084472656,31900
2022-03-22,25.25,25.610000610351562,24.760000228881836,24.799999237060547,24000
2022-03-23,23.799999237060547,24.969999313354492,23.540000915527344,24.969999313354492,32500
2022-03-24,22.700000762939453,23.889999389648438,22.469999313354492,23.809999465942383,43200
2022-03-25,22.950000762939453,23.239999771118164,22.25,22.68000030517578,42600
2022-03-28,22.149999618530273,23.0,21.90999984741211,22.950000762939453,31700
2022-03-29,23.010000228881836,23.209999084472656,22.34000015258789,22.459999084472656,38400
2022-03-30,22.1299991607666,22.982999801635742,21.90999984741211,22.780000686645508,32900
2022-03-31,21.459999084472656,22.15999984741211,21.229999542236328,21.920000076293945,31700
2022-04-01,19.59000015258789,21.0,19.43000030517578,21.0,120800
2022-04-04,20.459999084472656,20.93000030517578,19.149999618530273,19.329999923706055,109900
2022-04-05,19.8700008392334,20.479999542236328,19.65999984741211,20.479999542236328,35200
2022-04-06,19.209999084472656,20.229999542236328,19.145000457763672,20.0,40000
2022-04-07,18.899999618530273,19.139999389648438,18.610000610351562,19.06999969482422,38200
2022-04-08,19.040000915527344,19.559999465942383,18.81999969482422,18.829999923706055,19000
2022-04-11,18.790000915527344,19.510000228881836,18.56999969482422,19.139999389648438,62000
2022-04-12,19.079999923706055,19.649999618530273,18.940000534057617,19.1299991607666,15500
2022-04-13,19.209999084472656,19.450000762939453,19.049999237060547,19.079999923706055,16900
2022-04-14,18.479999542236328,19.34000015258789,18.1200008392334,19.34000015258789,43600
2022-04-18,18.540000915527344,18.84000015258789,17.958999633789062,18.290000915527344,26500
2022-04-19,18.940000534057617,19.1299991607666,18.389999389648438,18.389999389648438,16800
2022-04-20,19.610000610351562,19.816999435424805,19.110000610351562,19.18000030517578,27900
2022-04-21,18.940000534057617,19.959999084472656,18.760000228881836,19.959999084472656,32500
2022-04-22,18.610000610351562,18.90999984741211,18.489999771118164,18.656999588012695,14600
2022-04-25,18.969999313354492,19.05500030517578,18.360000610351562,18.65999984741211,20200
2022-04-26,18.149999618530273,18.979999542236328,17.860000610351562,18.65999984741211,18800
2022-04-27,17.81999969482422,18.139999389648438,17.540000915527344,17.989999771118164,18200
2022-04-28,18.360000610351562,18.360000610351562,17.290000915527344,17.950000762939453,17500
2022-04-29,17.520000457763672,18.552000045776367,17.43000030517578,18.270000457763672,35600
2022-05-02,18.1299991607666,18.1299991607666,17.163000106811523,17.399999618530273,20400
2022-05-03,18.3700008392334,18.579999923706055,17.90999984741211,18.3700008392334,18700
2022-05-04,19.40999984741211,19.434999465942383,18.280000686645508,18.3700008392334,37500
2022-05-05,18.489999771118164,19.100000381469727,18.040000915527344,19.100000381469727,34300
2022-05-06,17.950000762939453,19.079999923706055,17.90999984741211,18.725000381469727,29500
2022-05-09,17.93000030517578,18.25,17.469999313354492,17.90999984741211,57100
2022-05-10,17.6200008392334,18.110000610351562,17.450000762939453,18.110000610351562,11800
2022-05-11,16.899999618530273,17.920000076293945,16.690000534057617,17.739999771118164,24300
2022-05-12,17.579999923706055,17.65999984741211,16.850000381469727,16.899999618530273,18400
2022-05-13,17.479999542236328,18.351999282836914,17.479999542236328,17.600000381469727,33000
2022-05-16,17.59000015258789,17.920000076293945,17.049999237060547,17.399999618530273,48800
2022-05-17,18.309999465942383,18.3799991607666,17.760000228881836,18.020000457763672,21300
2022-05-18,17.6299991607666,18.073999404907227,17.579999923706055,18.049999237060547,16900
2022-05-19,17.389999389648438,18.0,17.329999923706055,17.469999313354492,30300
2022-05-20,17.0,17.64699935913086,16.850000381469727,17.6299991607666,41900
2022-05-23,17.280000686645508,17.3799991607666,16.850000381469727,17.31999969482422,34000
2022-05-24,16.049999237060547,17.0,15.710000038146973,17.0,77100
2022-05-25,16.649999618530273,16.93000030517578,15.90999984741211,15.949999809265137,62800
2022-05-26,16.639999389648438,17.780000686645508,16.530000686645508,16.81999969482422,31500
2022-05-27,16.100000381469727,16.799999237060547,16.059999465942383,16.700000762939453,48800
2022-05-31,15.65999984741211,16.0049991607666,15.210000038146973,15.979999542236328,65600
2022-06-01,15.979999542236328,16.290000915527344,15.512999534606934,15.989999771118164,37100
2022-06-02,16.200000762939453,16.3799991607666,15.819999694824219,15.819999694824219,26500
2022-06-03,16.229999542236328,16.299999237060547,16.06999969482422,16.06999969482422,21600
2022-06-06,15.9399995803833,16.40999984741211,15.869999885559082,16.270000457763672,29700
2022-06-07,16.010000228881836,16.084999084472656,15.670000076293945,15.75,24400
2022-06-08,15.579999923706055,16.020000457763672,15.510000228881836,16.020000457763672,19600
2022-06-09,16.010000228881836,16.15999984741211,15.579999923706055,15.609999656677246,52800
2022-06-10,14.729999542236328,15.949999809265137,14.569999694824219,15.84000015258789,70300
2022-06-13,14.59000015258789,15.270999908447266,14.069999694824219,14.510000228881836,48300
2022-06-14,13.289999961853027,14.470000267028809,12.170000076293945,12.170000076293945,171100
2022-06-15,13.210000038146973,13.920000076293945,13.029999732971191,13.5600004196167,84300
2022-06-16,12.819999694824219,13.5,12.65999984741211,13.0,152100
2022-06-17,13.220000267028809,13.479999542236328,12.800000190734863,12.930000305175781,103200
2022-06-21,12.960000038146973,13.555000305175781,12.75,13.270000457763672,68800
2022-06-22,13.520000457763672,13.600000381469727,12.8100004196167,12.8100004196167,41800
2022-06-23,13.869999885559082,14.170000076293945,13.609999656677246,13.609999656677246,22200
2022-06-24,13.390000343322754,14.14799976348877,13.305000305175781,13.930000305175781,109700
2022-06-27,13.640000343322754,14.0649995803833,13.449999809265137,13.449999809265137,21500
2022-06-28,13.350000381469727,13.979999542236328,13.270000457763672,13.640000343322754,32600
2022-06-29,13.270000457763672,13.270000457763672,12.850000381469727,13.130000114440918,21800
2022-06-30,13.050000190734863,13.210000038146973,12.930000305175781,13.0,29400
2022-07-01,13.380000114440918,13.4399995803833,12.960000038146973,13.039999961853027,35800
2022-07-05,13.529999732971191,13.529999732971191,13.079999923706055,13.359999656677246,20100
2022-07-06,13.180000305175781,14.050000190734863,13.119999885559082,13.640000343322754,22300
2022-07-07,13.279999732971191,13.449999809265137,12.920000076293945,13.25,46800
2022-07-08,13.25,13.4399995803833,13.050000190734863,13.140000343322754,18600
2022-07-11,12.430000305175781,13.0600004196167,12.1899995803833,13.0600004196167,41200
2022-07-12,12.390000343322754,12.585000038146973,11.960000038146973,12.399999618530273,46800
2022-07-13,12.5600004196167,12.59000015258789,12.260000228881836,12.260000228881836,33700
2022-07-14,12.539999961853027,12.65999984741211,12.399999618530273,12.399999618530273,19400
2022-07-15,12.630000114440918,12.770000457763672,12.5,12.6899995803833,27400
2022-07-18,12.920000076293945,13.0,12.640000343322754,12.640000343322754,34400
2022-07-19,13.199999809265137,13.399999618530273,12.989999771118164,13.029999732971191,33300
2022-07-20,13.729999542236328,13.949999809265137,13.239999771118164,13.289999961853027,40200
2022-07-21,13.989999771118164,14.5,13.550000190734863,13.75,33500
2022-07-22,13.489999771118164,13.949999809265137,13.350000381469727,13.8100004196167,20700
2022-07-25,13.140000343322754,13.369999885559082,13.0649995803833,13.369999885559082,14300
2022-07-26,12.930000305175781,13.0,12.739999771118164,12.949999809265137,23500
2022-07-27,13.069999694824219,13.09000015258789,12.6850004196167,12.930000305175781,20400
2022-07-28,13.119999885559082,13.369999885559082,12.899999618530273,13.010000228881836,23400
2022-07-29,13.579999923706055,13.680000305175781,12.850000381469727,13.07800006866455,52100
2022-08-01,13.979999542236328,14.260000228881836,13.609999656677246,13.609999656677246,32400
2022-08-02,13.260000228881836,14.149999618530273,13.260000228881836,14.128000259399414,21100
2022-08-03,13.510000228881836,13.53499984741211,13.260000228881836,13.270000457763672,19100
2022-08-04,17.6200008392334,17.799999237060547,16.299999237060547,16.649999618530273,93600
2022-08-05,17.040000915527344,17.5,15.819999694824219,17.5,66600
2022-08-08,17.3799991607666,17.81999969482422,17.149999618530273,17.3700008392334,37400
2022-08-09,16.889999389648438,17.299999237060547,16.84000015258789,17.200000762939453,24700
2022-08-10,17.610000610351562,17.719999313354492,16.84000015258789,17.290000915527344,23000
2022-08-11,17.780000686645508,18.131999969482422,17.040000915527344,17.350000381469727,22400
2022-08-12,18.40999984741211,18.40999984741211,17.75,17.8700008392334,25900
2022-08-15,18.100000381469727,18.420000076293945,17.8700008392334,18.420000076293945,36800
2022-08-16,17.979999542236328,18.25,17.850000381469727,18.219999313354492,31200
2022-08-17,19.969999313354492,20.350000381469727,18.100000381469727,18.100000381469727,102500
2022-08-18,18.700000762939453,20.520000457763672,18.56999969482422,19.989999771118164,48000
2022-08-19,17.860000610351562,18.71500015258789,17.760000228881836,18.540000915527344,37000
2022-08-22,17.469999313354492,18.389999389648438,17.09000015258789,17.950000762939453,50000
2022-08-23,17.75,19.187000274658203,17.530000686645508,17.670000076293945,37300
2022-08-24,17.59000015258789,18.200000762939453,17.479999542236328,17.93000030517578,16700
2022-08-25,17.510000228881836,18.100000381469727,17.469999313354492,17.68000030517578,19400
2022-08-26,17.239999771118164,17.600000381469727,16.790000915527344,17.600000381469727,31100
2022-08-29,16.8799991607666,17.44499969482422,16.84000015258789,16.969999313354492,16100
2022-08-30,17.010000228881836,17.350000381469727,16.850000381469727,17.0,37700
2022-08-31,17.09000015258789,17.700000762939453,16.895000457763672,17.170000076293945,17600
2022-09-01,17.0,17.479999542236328,16.889999389648438,17.059999465942383,31700
2022-09-02,16.799999237060547,17.40999984741211,16.729999542236328,17.309999465942383,14600
2022-09-06,16.329999923706055,16.729999542236328,16.270000457763672,16.729999542236328,40100
2022-09-07,16.790000915527344,16.860000610351562,15.920000076293945,16.190000534057617,33100
2022-09-08,16.420000076293945,17.0,16.309999465942383,16.790000915527344,19600
2022-09-09,16.81999969482422,16.93000030517578,16.424999237060547,16.530000686645508,20500
2022-09-12,17.350000381469727,17.399999618530273,16.709999084472656,16.709999084472656,33200
2022-09-13,17.1299991607666,17.440000534057617,16.950000762939453,16.959999084472656,49600
2022-09-14,16.90999984741211,17.780000686645508,16.6200008392334,17.0,80100
2022-09-15,17.010000228881836,17.399999618530273,16.700000762939453,16.920000076293945,50500
2022-09-16,17.68000030517578,17.75,16.854999542236328,17.18000030517578,150300
2022-09-19,17.389999389648438,17.68000030517578,16.700000762939453,17.389999389648438,52300
2022-09-20,17.43000030517578,17.65999984741211,17.079999923706055,17.65999984741211,35000
2022-09-21,17.190000534057617,17.799999237060547,17.15999984741211,17.670000076293945,24800
2022-09-22,17.329999923706055,17.81999969482422,17.010000228881836,17.219999313354492,54300
2022-09-23,17.170000076293945,17.290000915527344,16.75,17.18000030517578,64200
2022-09-26,17.219999313354492,18.969999313354492,17.049999237060547,17.15999984741211,187400
2022-09-27,17.260000228881836,17.75,17.059999465942383,17.549999237060547,71000
2022-09-28,17.329999923706055,18.079999923706055,17.209999084472656,17.420000076293945,76100
2022-09-29,17.209999084472656,17.545000076293945,16.889999389648438,17.34000015258789,77500
2022-09-30,17.149999618530273,17.665000915527344,16.844999313354492,17.100000381469727,67000
2022-10-03,17.760000228881836,17.8799991607666,17.010000228881836,17.139999389648438,73300
2022-10-04,18.219999313354492,18.6299991607666,17.93000030517578,17.959999084472656,72900
2022-10-05,17.649999618530273,18.05500030517578,17.459999084472656,17.90999984741211,40900
2022-10-06,17.280000686645508,17.594999313354492,17.190000534057617,17.469999313354492,48300
2022-10-07,16.700000762939453,17.280000686645508,16.510000228881836,17.18000030517578,36700
2022-10-10,16.8799991607666,17.030000686645508,16.549999237060547,16.979999542236328,33500
2022-10-11,16.68000030517578,17.0,16.549999237060547,16.8799991607666,36800
2022-10-12,16.40999984741211,16.7450008392334,16.3700008392334,16.56999969482422,44500
2022-10-13,17.100000381469727,17.15999984741211,16.100000381469727,16.110000610351562,42700
2022-10-14,16.6299991607666,17.350000381469727,16.565000534057617,17.06999969482422,22000
2022-10-17,16.729999542236328,17.19499969482422,16.459999084472656,17.110000610351562,26000
2022-10-18,16.809999465942383,17.139999389648438,16.718000411987305,16.950000762939453,22100
2022-10-19,16.549999237060547,16.770000457763672,16.399999618530273,16.690000534057617,30100
2022-10-20,16.489999771118164,16.719999313354492,16.299999237060547,16.565000534057617,40900
2022-10-21,16.68000030517578,16.829999923706055,16.350000381469727,16.579999923706055,33300
2022-10-24,16.719999313354492,16.81999969482422,16.559999465942383,16.649999618530273,25200
2022-10-25,17.260000228881836,17.670000076293945,17.049999237060547,17.100000381469727,36900
2022-10-26,17.6200008392334,17.8700008392334,17.264999389648438,17.270000457763672,31800
2022-10-27,18.270000457763672,18.600000381469727,17.6200008392334,17.6299991607666,41800
2022-10-28,18.459999084472656,18.6299991607666,18.260000228881836,18.260000228881836,28600
2022-10-31,18.559999465942383,18.8700008392334,18.093000411987305,18.469999313354492,72000
2022-11-01,18.8700008392334,18.8799991607666,18.170000076293945,18.809999465942383,45700
2022-11-02,17.459999084472656,18.690000534057617,17.450000762939453,18.68000030517578,54900
2022-11-03,16.75,18.020000457763672,16.739999771118164,17.34000015258789,53400
2022-11-04,17.510000228881836,17.520000457763672,17.049999237060547,17.049999237060547,46100
2022-11-07,16.579999923706055,17.59000015258789,16.56999969482422,17.59000015258789,39000
2022-11-08,16.31999969482422,17.235000610351562,16.1299991607666,16.760000228881836,32500
2022-11-09,17.020000457763672,18.0,16.739999771118164,17.0,70300
2022-11-10,17.299999237060547,18.18000030517578,17.020000457763672,17.43000030517578,98900
2022-11-11,17.299999237060547,17.5,17.1200008392334,17.360000610351562,35900
2022-11-14,16.809999465942383,17.170000076293945,16.799999237060547,17.1200008392334,51400
2022-11-15,17.06999969482422,17.270000457763672,16.875,17.020000457763672,48700
2022-11-16,16.889999389648438,17.110000610351562,16.809999465942383,17.110000610351562,23600
2022-11-17,16.700000762939453,16.889999389648438,16.3799991607666,16.889999389648438,33100
2022-11-18,17.170000076293945,17.350000381469727,16.84000015258789,16.920000076293945,34700
2022-11-21,16.940000534057617,17.05500030517578,16.739999771118164,17.049999237060547,41600
2022-11-22,17.709999084472656,17.770000457763672,16.90999984741211,16.90999984741211,28600
2022-11-23,17.760000228881836,17.8700008392334,17.549999237060547,17.59000015258789,14700
2022-11-25,17.950000762939453,18.084999084472656,17.68000030517578,17.68000030517578,6400
2022-11-28,17.389999389648438,17.860000610351562,17.309999465942383,17.760000228881836,22700
2022-11-29,17.299999237060547,17.469999313354492,17.09000015258789,17.389999389648438,18500
2022-11-30,17.520000457763672,17.520000457763672,16.780000686645508,17.25,28300
2022-12-01,17.549999237060547,17.70599937438965,17.43000030517578,17.450000762939453,27900
2022-12-02,17.799999237060547,17.889999389648438,17.329999923706055,17.420000076293945,32600
2022-12-05,17.700000762939453,17.829999923706055,17.440000534057617,17.639999389648438,19700
2022-12-06,17.84000015258789,17.920000076293945,17.604999542236328,17.68000030517578,22600
2022-12-07,18.09000015258789,18.167999267578125,17.719999313354492,17.719999313354492,24400
2022-12-08,18.610000610351562,18.690000534057617,17.860000610351562,17.860000610351562,28200
2022-12-09,18.399999618530273,18.860000610351562,18.040000915527344,18.579999923706055,46400
2022-12-12,18.020000457763672,18.530000686645508,17.920000076293945,18.530000686645508,21400
2022-12-13,18.729999542236328,18.7450008392334,18.25,18.520000457763672,27200
2022-12-14,18.6200008392334,18.947999954223633,18.55500030517578,18.75,26100
2022-12-15,18.719999313354492,18.979999542236328,18.18000030517578,18.649999618530273,30500
2022-12-16,18.700000762939453,18.75,18.209999084472656,18.479999542236328,101000
2022-12-19,18.299999237060547,18.579999923706055,17.989999771118164,18.579999923706055,42200
2022-12-20,17.989999771118164,18.5,17.950000762939453,18.3700008392334,25800
2022-12-21,17.989999771118164,18.3700008392334,17.829999923706055,18.3700008392334,32600
2022-12-22,17.780000686645508,17.975000381469727,17.5,17.81999969482422,25200
2022-12-23,17.84000015258789,18.1299991607666,17.709999084472656,17.8799991607666,21700
2022-12-27,18.190000534057617,18.40999984741211,17.889999389648438,18.020000457763672,14900
2022-12-28,18.389999389648438,18.690000534057617,17.58300018310547,18.549999237060547,39800
2022-12-29,19.25,19.389999389648438,18.459999084472656,18.459999084472656,40300
2022-12-30,18.959999084472656,19.260000228881836,18.8700008392334,19.040000915527344,23700
2023-01-03,18.610000610351562,18.959999084472656,18.1299991607666,18.959999084472656,40300
2023-01-04,18.889999389648438,19.049999237060547,18.56999969482422,18.864999771118164,36500
2023-01-05,18.639999389648438,19.065000534057617,18.5,19.065000534057617,13000
2023-01-06,19.110000610351562,19.18000030517578,18.559999465942383,18.690000534057617,19200
2023-01-09,18.709999084472656,19.260000228881836,18.584999084472656,19.260000228881836,44300
2023-01-10,18.81999969482422,18.899999618530273,18.65999984741211,18.809999465942383,27900
2023-01-11,19.899999618530273,19.989999771118164,18.93000030517578,18.979999542236328,26300
2023-01-12,20.450000762939453,20.489999771118164,19.899999618530273,19.899999618530273,26700
2023-01-13,20.559999465942383,20.75,20.329999923706055,20.389999389648438,35500
2023-01-17,19.969999313354492,20.677000045776367,19.899999618530273,20.5,22500
2023-01-18,19.520000457763672,20.149999618530273,19.229999542236328,20.1299991607666,52000
2023-01-19,19.09000015258789,19.520000457763672,19.049999237060547,19.520000457763672,37500
2023-01-20,19.440000534057617,19.719999313354492,19.079999923706055,19.260000228881836,27500
2023-01-23,19.1200008392334,19.510000228881836,18.764999389648438,19.479999542236328,24900
2023-01-24,19.139999389648438,19.506999969482422,18.948999404907227,19.1200008392334,44800
2023-01-25,19.31999969482422,19.31999969482422,18.889999389648438,19.1299991607666,32800
2023-01-26,19.899999618530273,20.049999237060547,19.450000762939453,19.450000762939453,13800
2023-01-27,19.510000228881836,20.107999801635742,19.469999313354492,19.899999618530273,26000
2023-01-30,19.299999237060547,19.65999984741211,19.18000030517578,19.65999984741211,55700
2023-01-31,20.020000457763672,20.139999389648438,19.329999923706055,19.469999313354492,62300
2023-02-01,20.209999084472656,20.5,19.950000762939453,19.950000762939453,33700
2023-02-02,20.799999237060547,21.040000915527344,20.31999969482422,20.31999969482422,11400
2023-02-03,20.889999389648438,21.225000381469727,20.639999389648438,20.639999389648438,18000
2023-02-06,20.549999237060547,20.719999313354492,20.420000076293945,20.6299991607666,60300
2023-02-07,22.010000228881836,22.030000686645508,20.299999237060547,20.530000686645508,145700
2023-02-08,21.389999389648438,22.158000946044922,21.100000381469727,21.770000457763672,66200
2023-02-09,20.5,22.030000686645508,20.3700008392334,21.788000106811523,51500
2023-02-10,20.0,20.764999389648438,19.899999618530273,20.600000381469727,40800
2023-02-13,20.520000457763672,20.8799991607666,19.579999923706055,20.18000030517578,86200
2023-02-14,20.81999969482422,21.040000915527344,20.329999923706055,20.6200008392334,31200
2023-02-15,21.1299991607666,21.1299991607666,20.459999084472656,20.81999969482422,48500
2023-02-16,20.670000076293945,21.219999313354492,20.600000381469727,20.889999389648438,44300
2023-02-17,20.350000381469727,21.135000228881836,20.235000610351562,20.790000915527344,29400
2023-02-21,19.530000686645508,20.520000457763672,19.5,20.040000915527344,27600
2023-02-22,19.299999237060547,19.530000686645508,18.950000762939453,19.5,43400
2023-02-23,19.610000610351562,19.610000610351562,19.219999313354492,19.450000762939453,50600
2023-02-24,19.530000686645508,19.825000762939453,18.639999389648438,19.260000228881836,84700
2023-02-27,20.260000228881836,20.260000228881836,19.100000381469727,19.600000381469727,86000
2023-02-28,19.959999084472656,20.510000228881836,19.959999084472656,20.139999389648438,65000
2023-03-01,20.049999237060547,20.06999969482422,19.65999984741211,19.989999771118164,31500
2023-03-02,20.100000381469727,20.424999237060547,19.959999084472656,20.049999237060547,25900
2023-03-03,20.260000228881836,20.59000015258789,19.889999389648438,20.1299991607666,40700
2023-03-06,19.920000076293945,20.28499984741211,19.735000610351562,20.139999389648438,62500
2023-03-07,19.84000015258789,19.979999542236328,19.709999084472656,19.815000534057617,30300
2023-03-08,20.15999984741211,20.15999984741211,19.700000762939453,19.91900062561035,52400
2023-03-09,19.90999984741211,20.579999923706055,19.889999389648438,20.209999084472656,14500
2023-03-10,19.059999465942383,19.850000381469727,18.81999969482422,19.75,44300
2023-03-13,18.950000762939453,19.325000762939453,18.6200008392334,18.6299991607666,61000
2023-03-14,19.719999313354492,19.94499969482422,19.299999237060547,19.399999618530273,37500
2023-03-15,19.729999542236328,20.889999389648438,18.979999542236328,19.520000457763672,51700
2023-03-16,22.329999923706055,23.18000030517578,20.0,20.690000534057617,87900
2023-03-17,21.459999084472656,22.70599937438965,21.18000030517578,22.329999923706055,64200
2023-03-20,21.100000381469727,22.510000228881836,20.82200050354004,21.579999923706055,43500
2023-03-21,21.5,21.899999618530273,21.00200080871582,21.420000076293945,30500
2023-03-22,21.0,21.889999389648438,20.920000076293945,21.540000915527344,31900
2023-03-23,21.34000015258789,21.851999282836914,21.065000534057617,21.110000610351562,32500
2023-03-24,21.530000686645508,21.709999084472656,21.020000457763672,21.43000030517578,24500
2023-03-27,21.549999237060547,21.899999618530273,21.260000228881836,21.889999389648438,35600
2023-03-28,22.149999618530273,22.399999618530273,21.40999984741211,21.40999984741211,39700
2023-03-29,22.049999237060547,22.3700008392334,21.649999618530273,22.3700008392334,22500
2023-03-30,22.270000457763672,22.399999618530273,21.8700008392334,22.06999969482422,15400
2023-03-31,22.760000228881836,23.139999389648438,22.280000686645508,22.540000915527344,25500
2023-04-03,23.0,23.149999618530273,22.700000762939453,22.989999771118164,32300
2023-04-04,22.450000762939453,23.329999923706055,22.34000015258789,23.239999771118164,35100
2023-04-05,21.860000610351562,23.155000686645508,21.84000015258789,22.469999313354492,37500
2023-04-06,21.43000030517578,22.15399932861328,21.190000534057617,21.860000610351562,22900
2023-04-10,21.635000228881836,22.209999084472656,21.549999237060547,21.549999237060547,25400
2023-04-11,22.219999313354492,22.37299919128418,21.579999923706055,21.75,50600
2023-04-12,21.950000762939453,22.68000030517578,21.940000534057617,22.3799991607666,17900
2023-04-13,21.559999465942383,22.290000915527344,21.450000762939453,22.040000915527344,26100
2023-04-14,21.739999771118164,21.81999969482422,21.31999969482422,21.665000915527344,30400
2023-04-17,21.600000381469727,21.920000076293945,21.540000915527344,21.920000076293945,19600
2023-04-18,21.219999313354492,21.6299991607666,21.15999984741211,21.6299991607666,32300
2023-04-19,21.559999465942383,21.649999618530273,21.075000762939453,21.299999237060547,28800
2023-04-20,21.299999237060547,21.934999465942383,21.1200008392334,21.600000381469727,27800
2023-04-21,21.770000457763672,21.829999923706055,21.149999618530273,21.299999237060547,29400
2023-04-24,22.309999465942383,22.489999771118164,21.860000610351562,21.860000610351562,28400
2023-04-25,22.360000610351562,22.65999984741211,22.200000762939453,22.270000457763672,27100
2023-04-26,22.190000534057617,22.719999313354492,21.809999465942383,22.260000228881836,28900
2023-04-27,21.899999618530273,22.469999313354492,21.829999923706055,22.40999984741211,27500
2023-04-28,21.600000381469727,21.950000762939453,21.516000747680664,21.950000762939453,35200
2023-05-01,22.25,22.3700008392334,21.1299991607666,21.399999618530273,30200
2023-05-02,22.290000915527344,22.469999313354492,21.700000762939453,22.059999465942383,25000
2023-05-03,22.3799991607666,23.100000381469727,22.350000381469727,22.350000381469727,19200
2023-05-04,21.780000686645508,22.183000564575195,21.520000457763672,22.100000381469727,30400
2023-05-05,22.489999771118164,22.64699935913086,21.90999984741211,22.06999969482422,46500
2023-05-08,22.809999465942383,22.899999618530273,22.1200008392334,22.739999771118164,19800
2023-05-09,22.739999771118164,23.149999618530273,22.459999084472656,22.8700008392334,25100
2023-05-10,23.0,23.229999542236328,21.809999465942383,23.18000030517578,65800
2023-05-11,22.75,23.010000228881836,22.020000457763672,23.010000228881836,38400
2023-05-12,22.5,23.200000762939453,22.420000076293945,22.860000610351562,41400
2023-05-15,22.25,22.75,22.15999984741211,22.559999465942383,40000
2023-05-16,21.3700008392334,22.09000015258789,21.329999923706055,22.09000015258789,43300
2023-05-17,21.239999771118164,21.459999084472656,21.100000381469727,21.360000610351562,57900
2023-05-18,21.700000762939453,21.739999771118164,21.110000610351562,21.15999984741211,15800
2023-05-19,21.100000381469727,21.950000762939453,21.059999465942383,21.950000762939453,32100
2023-05-22,21.049999237060547,21.530000686645508,20.989999771118164,21.290000915527344,38200
2023-05-23,20.850000381469727,21.100000381469727,20.510000228881836,20.920000076293945,72600
2023-05-24,20.290000915527344,20.934999465942383,20.290000915527344,20.729999542236328,23500
2023-05-25,20.299999237060547,20.729999542236328,20.06999969482422,20.290000915527344,59300
2023-05-26,20.020000457763672,20.30699920654297,19.829999923706055,20.280000686645508,43600
2023-05-30,19.40999984741211,20.260000228881836,19.31399917602539,20.149999618530273,31200
2023-05-31,19.040000915527344,19.510000228881836,18.920000076293945,19.299999237060547,195800
2023-06-01,19.100000381469727,19.399999618530273,18.854999542236328,19.030000686645508,41900
2023-06-02,20.09000015258789,20.43000030517578,19.170000076293945,19.309999465942383,50300
2023-06-05,19.889999389648438,20.3700008392334,19.604999542236328,20.040000915527344,22600
2023-06-06,20.610000610351562,20.780000686645508,19.84000015258789,19.899999618530273,42900
2023-06-07,21.350000381469727,21.56999969482422,20.709999084472656,20.709999084472656,46400
2023-06-08,21.09000015258789,21.639999389648438,20.799999237060547,21.450000762939453,23800
2023-06-09,20.950000762939453,21.09000015258789,20.84000015258789,21.079999923706055,21900
2023-06-12,21.260000228881836,21.485000610351562,20.219999313354492,21.010000228881836,26600
2023-06-13,21.5,21.780000686645508,21.420000076293945,21.420000076293945,18200
2023-06-14,21.25,22.270000457763672,21.09000015258789,21.690000534057617,35200
2023-06-15,21.510000228881836,21.709999084472656,21.360000610351562,21.690000534057617,21000
2023-06-16,21.030000686645508,21.739999771118164,20.75,21.739999771118164,55800
2023-06-20,21.579999923706055,21.579999923706055,20.934999465942383,21.149999618530273,29500
2023-06-21,22.239999771118164,22.239999771118164,21.31999969482422,21.31999969482422,50200
2023-06-22,22.6200008392334,22.700000762939453,22.1299991607666,22.219999313354492,36200
2023-06-23,22.270000457763672,22.575000762939453,22.0049991607666,22.3799991607666,147300
2023-06-26,22.315000534057617,22.559999465942383,22.139999389648438,22.139999389648438,43500
2023-06-27,22.649999618530273,22.812999725341797,22.43000030517578,22.43000030517578,31700
2023-06-28,23.06999969482422,23.170000076293945,22.490999221801758,22.760000228881836,38700
2023-06-29,23.600000381469727,24.0,22.979999542236328,22.979999542236328,43700
2023-06-30,23.190000534057617,23.549999237060547,22.899999618530273,23.549999237060547,60200
2023-07-03,23.1200008392334,23.25,22.750999450683594,22.989999771118164,34800
2023-07-05,22.799999237060547,23.149999618530273,22.75,23.149999618530273,57900
2023-07-06,22.3799991607666,22.954999923706055,21.93000030517578,22.729999542236328,64100
2023-07-07,22.670000076293945,22.899999618530273,22.350000381469727,22.350000381469727,55500
2023-07-10,22.799999237060547,22.881000518798828,22.350000381469727,22.549999237060547,42700
2023-07-11,22.670000076293945,22.888999938964844,22.243999481201172,22.243999481201172,34800
2023-07-12,22.760000228881836,22.889999389648438,22.530000686645508,22.75,60600
2023-07-13,23.299999237060547,23.434999465942383,22.625,22.799999237060547,70600
2023-07-14,23.8700008392334,24.959999084472656,23.43000030517578,23.43000030517578,142900
2023-07-17,24.540000915527344,24.905000686645508,23.719999313354492,23.8700008392334,101800
2023-07-18,24.969999313354492,25.06999969482422,24.0,24.309999465942383,108700
2023-07-19,24.940000534057617,25.1299991607666,24.15999984741211,24.3700008392334,45000
2023-07-20,24.049999237060547,25.299999237060547,24.0,24.8799991607666,67300
2023-07-21,23.8700008392334,24.399999618530273,23.59000015258789,24.25,44200
2023-07-24,23.469999313354492,23.950000762939453,23.354999542236328,23.75,39200
2023-07-25,23.799999237060547,23.829999923706055,23.329999923706055,23.469999313354492,38500
2023-07-26,23.950000762939453,24.139999389648438,23.639999389648438,23.719999313354492,19800
2023-07-27,23.75,24.15999984741211,23.610000610351562,24.15999984741211,25500
2023-07-28,23.69499969482422,24.1200008392334,23.69499969482422,23.959999084472656,40900
2023-07-31,23.719999313354492,23.950000762939453,23.079999923706055,23.829999923706055,72900
2023-08-01,23.600000381469727,23.790000915527344,23.25,23.790000915527344,52200
2023-08-02,23.469999313354492,23.579999923706055,23.3700008392334,23.5,39500
2023-08-03,22.479999542236328,23.479999542236328,22.25,23.479999542236328,39400
2023-08-04,22.979999542236328,23.1200008392334,22.25,22.489999771118164,80100
2023-08-07,22.450000762939453,23.229999542236328,22.34000015258789,23.030000686645508,69900
2023-08-08,22.479999542236328,22.53499984741211,22.229999542236328,22.389999389648438,44700
2023-08-09,22.299999237060547,22.469999313354492,21.860000610351562,22.469999313354492,63900
2023-08-10,21.90999984741211,22.579999923706055,21.299999237060547,22.360000610351562,76900
2023-08-11,21.920000076293945,22.084999084472656,21.739999771118164,21.790000915527344,34100
2023-08-14,21.260000228881836,21.860000610351562,21.25,21.729999542236328,36900
2023-08-15,21.420000076293945,21.6200008392334,21.100000381469727,21.260000228881836,24100
2023-08-16,21.020000457763672,21.6299991607666,21.010000228881836,21.489999771118164,42700
2023-08-17,21.010000228881836,21.145000457763672,20.905000686645508,21.0,52800
2023-08-18,21.219999313354492,21.420000076293945,20.979999542236328,20.979999542236328,58500
2023-08-21,20.475000381469727,21.235000610351562,20.43000030517578,21.15999984741211,50700
2023-08-22,20.389999389648438,20.81999969482422,20.290000915527344,20.639999389648438,32700
2023-08-23,21.1299991607666,21.299999237060547,20.489999771118164,20.489999771118164,73800
2023-08-24,21.229999542236328,21.469999313354492,21.100000381469727,21.1200008392334,30100
2023-08-25,21.149999618530273,21.577999114990234,20.67799949645996,21.290000915527344,34600
2023-08-28,21.260000228881836,21.350000381469727,20.850000381469727,21.239999771118164,93300
2023-08-29,22.149999618530273,22.209999084472656,21.079999923706055,21.200000762939453,50300
2023-08-30,22.610000610351562,22.6200008392334,21.760000228881836,22.010000228881836,45700
2023-08-31,22.670000076293945,22.815000534057617,22.469999313354492,22.559999465942383,66600
2023-09-01,23.020000457763672,23.290000915527344,22.790000915527344,22.790000915527344,45300
2023-09-05,21.579999923706055,22.889999389648438,21.5,22.889999389648438,52200
2023-09-06,21.260000228881836,21.56999969482422,21.010000228881836,21.40999984741211,35600
2023-09-07,21.270000457763672,21.43000030517578,21.040000915527344,21.290000915527344,42600
2023-09-08,20.969999313354492,21.562999725341797,20.774999618530273,21.3700008392334,23200
2023-09-11,20.59000015258789,21.510000228881836,20.4950008392334,21.209999084472656,61400
2023-09-12,20.790000915527344,21.447999954223633,20.479999542236328,20.479999542236328,42200
2023-09-13,21.059999465942383,21.200000762939453,20.540000915527344,20.719999313354492,47000
2023-09-14,21.649999618530273,21.739999771118164,21.299999237060547,21.299999237060547,43600
2023-09-15,21.110000610351562,21.790000915527344,21.020000457763672,21.780000686645508,223700
2023-09-18,20.700000762939453,21.415000915527344,20.610000610351562,21.239999771118164,74200
2023-09-19,20.610000610351562,20.815000534057617,20.469999313354492,20.700000762939453,32000
2023-09-20,20.34000015258789,20.979999542236328,20.31100082397461,20.63800048828125,22100
2023-09-21,20.25,20.30900001525879,19.75,20.200000762939453,37200
2023-09-22,20.299999237060547,20.5,20.030000686645508,20.219999313354492,29700
2023-09-25,19.84000015258789,21.045000076293945,19.53499984741211,20.260000228881836,36000
2023-09-26,19.579999923706055,19.899999618530273,19.549999237060547,19.760000228881836,41600
2023-09-27,19.649999618530273,20.25,19.5,19.719999313354492,22700
2023-09-28,19.84000015258789,19.989999771118164,19.65999984741211,19.700000762939453,37100
2023-09-29,19.40999984741211,19.81999969482422,19.360000610351562,19.75,52400
2023-10-02,19.020000457763672,19.360000610351562,18.829999923706055,19.350000381469727,27500
2023-10-03,18.829999923706055,18.899999618530273,18.420000076293945,18.899999618530273,47500
2023-10-04,18.8700008392334,19.045000076293945,18.739999771118164,18.739999771118164,30300
2023-10-05,18.709999084472656,19.040000915527344,18.670000076293945,18.770999908447266,60100
2023-10-06,18.809999465942383,19.0,18.549999237060547,18.729999542236328,67900
2023-10-09,19.219999313354492,19.270000457763672,18.3700008392334,18.719999313354492,82200
2023-10-10,19.399999618530273,19.575000762939453,19.149999618530273,19.149999618530273,21000
2023-10-11,19.225000381469727,19.604999542236328,18.950000762939453,19.604999542236328,23200
2023-10-12,19.049999237060547,19.350000381469727,18.43000030517578,18.690000534057617,42800
2023-10-13,18.780000686645508,19.100000381469727,18.75,18.9950008392334,11500
2023-10-16,18.969999313354492,19.104999542236328,18.610000610351562,18.8700008392334,61700
2023-10-17,19.239999771118164,19.649999618530273,18.959999084472656,18.959999084472656,20100
2023-10-18,19.149999618530273,19.170000076293945,18.875,19.100000381469727,22000
2023-10-19,19.100000381469727,19.329999923706055,18.989999771118164,19.0,27200
2023-10-20,18.6299991607666,19.18000030517578,18.530000686645508,19.100000381469727,25500
2023-10-23,18.170000076293945,18.479999542236328,18.149999618530273,18.479999542236328,24000
2023-10-24,18.15999984741211,18.239999771118164,18.09000015258789,18.170000076293945,25000
2023-10-25,18.200000762939453,18.2450008392334,17.940000534057617,18.059999465942383,33800
2023-10-26,18.31999969482422,18.639999389648438,18.200000762939453,18.200000762939453,23600
2023-10-27,18.229999542236328,18.6299991607666,18.0,18.239999771118164,26900
2023-10-30,18.030000686645508,18.3700008392334,17.670000076293945,18.329999923706055,41300
2023-10-31,18.510000228881836,19.049999237060547,18.239999771118164,18.614999771118164,33300
2023-11-01,18.34000015258789,18.420000076293945,18.1200008392334,18.34000015258789,14800
2023-11-02,18.670000076293945,19.770000457763672,18.559999465942383,18.889999389648438,32000
2023-11-03,19.510000228881836,19.75,19.059999465942383,19.18000030517578,30500
2023-11-06,18.6200008392334,19.31999969482422,18.329999923706055,19.31999969482422,29700
2023-11-07,18.809999465942383,18.899999618530273,18.540000915527344,18.540000915527344,11300
2023-11-08,18.690000534057617,18.979999542236328,18.18000030517578,18.950000762939453,21600
2023-11-09,18.450000762939453,18.59000015258789,18.135000228881836,18.56999969482422,19200
2023-11-10,22.25,22.860000610351562,18.0,19.100000381469727,131900
2023-11-13,21.18000030517578,22.25,21.18000030517578,22.09000015258789,37700
2023-11-14,23.290000915527344,23.389999389648438,21.459999084472656,21.459999084472656,57300
2023-11-15,23.110000610351562,23.767000198364258,22.639999389648438,23.440000534057617,49500
2023-11-16,22.670000076293945,23.309999465942383,22.420000076293945,22.889999389648438,38200
2023-11-17,22.239999771118164,22.770000457763672,21.56999969482422,22.770000457763672,36900
2023-11-20,22.079999923706055,22.34000015258789,21.709999084472656,22.34000015258789,41900
2023-11-21,22.3799991607666,22.729999542236328,22.030000686645508,22.030000686645508,13400
2023-11-22,22.84000015258789,22.969999313354492,22.670000076293945,22.690000534057617,24000
2023-11-24,22.989999771118164,23.110000610351562,22.809999465942383,23.0,14600
2023-11-27,22.520000457763672,23.06999969482422,22.399999618530273,23.06999969482422,21100
2023-11-28,22.299999237060547,22.59000015258789,22.190000534057617,22.40999984741211,15600
2023-11-29,22.5,22.59000015258789,22.079999923706055,22.270000457763672,28700
2023-11-30,22.399999618530273,22.635000228881836,22.3700008392334,22.59000015258789,34100
2023-12-01,23.260000228881836,23.6299991607666,22.25,22.25,61300
2023-12-04,22.790000915527344,23.399999618530273,22.524999618530273,23.399999618530273,30800
2023-12-05,22.540000915527344,22.915000915527344,22.309999465942383,22.610000610351562,23800
2023-12-06,22.670000076293945,23.208999633789062,22.384000778198242,22.850000381469727,24700
2023-12-07,22.729999542236328,22.860000610351562,22.350000381469727,22.399999618530273,31400
2023-12-08,22.809999465942383,22.8799991607666,22.510000228881836,22.864999771118164,19100
2023-12-11,22.760000228881836,22.989999771118164,22.40999984741211,22.68000030517578,54900
2023-12-12,22.520000457763672,22.885000228881836,22.299999237060547,22.770000457763672,29000
2023-12-13,22.979999542236328,23.170000076293945,22.270000457763672,22.591999053955078,68100
2023-12-14,24.299999237060547,24.299999237060547,23.170000076293945,23.18000030517578,79500
2023-12-15,24.639999389648438,24.670000076293945,24.242000579833984,24.549999237060547,108600
2023-12-18,24.270000457763672,24.989999771118164,23.940000534057617,24.989999771118164,72400
2023-12-19,24.440000534057617,24.760000228881836,24.170000076293945,24.489999771118164,222500
2023-12-20,24.739999771118164,25.729999542236328,24.25,24.25,117300
2023-12-21,24.219999313354492,24.850000381469727,24.075000762939453,24.850000381469727,33800
2023-12-22,24.479999542236328,24.989999771118164,24.0,24.479999542236328,97700
2023-12-26,24.68000030517578,25.270000457763672,23.790000915527344,24.405000686645508,103900
2023-12-27,24.399999618530273,24.719999313354492,24.200000762939453,24.489999771118164,39700
2023-12-28,24.18000030517578,24.599000930786133,23.940000534057617,24.398000717163086,25400
2023-12-29,25.219999313354492,25.459999084472656,23.790000915527344,24.0,136500
2024-01-02,24.75,25.0,23.82900047302246,24.899999618530273,85100
2024-01-03,23.889999389648438,24.969999313354492,23.844999313354492,24.709999084472656,66100
2024-01-04,24.270000457763672,24.40999984741211,23.777999877929688,23.889999389648438,42000
2024-01-05,24.1299991607666,24.440000534057617,24.020000457763672,24.270000457763672,42200
2024-01-08,23.610000610351562,24.06599998474121,23.25,23.889999389648438,53900
2024-01-09,23.860000610351562,24.010000228881836,23.209999084472656,23.350000381469727,72900
2024-01-10,23.6200008392334,23.996999740600586,23.37299919128418,23.790000915527344,37800
2024-01-11,23.68000030517578,24.4689998626709,23.540000915527344,23.709999084472656,23000
2024-01-12,23.850000381469727,24.100000381469727,23.649999618530273,24.100000381469727,32100
2024-01-16,23.200000762939453,23.700000762939453,23.1299991607666,23.549999237060547,57700
2024-01-17,22.889999389648438,23.100000381469727,22.385000228881836,22.8799991607666,33200
2024-01-18,23.020000457763672,23.280000686645508,22.440000534057617,22.920000076293945,21500
2024-01-19,23.239999771118164,23.270000457763672,22.93000030517578,23.239999771118164,19600
2024-01-22,23.790000915527344,23.790000915527344,23.139999389648438,23.200000762939453,67000
2024-01-23,23.559999465942383,24.15999984741211,23.270000457763672,23.979999542236328,36900
2024-01-24,23.219999313354492,23.899999618530273,23.09000015258789,23.899999618530273,25600
2024-01-25,23.989999771118164,23.989999771118164,23.420000076293945,23.68000030517578,30100
2024-01-26,24.34000015258789,24.34000015258789,24.0,24.0,20700
2024-01-29,23.899999618530273,24.2549991607666,23.84000015258789,24.149999618530273,78300
2024-01-30,24.18000030517578,24.299999237060547,23.68000030517578,23.68000030517578,18700
2024-01-31,23.6299991607666,24.540000915527344,23.6299991607666,24.200000762939453,31800
2024-02-01,24.190000534057617,24.229999542236328,23.649999618530273,23.78499984741211,24600
2024-02-02,24.59000015258789,24.6299991607666,23.729999542236328,23.756000518798828,37600
2024-02-05,24.489999771118164,24.600000381469727,24.094999313354492,24.25,77100
2024-02-06,24.989999771118164,25.0,24.56999969482422,24.700000762939453,32400
2024-02-07,24.790000915527344,25.219999313354492,24.530000686645508,25.219999313354492,30200
2024-02-08,25.260000228881836,25.34000015258789,24.649999618530273,24.690000534057617,87500
2024-02-09,25.43000030517578,25.56999969482422,24.8700008392334,25.030000686645508,49300
2024-02-12,26.09000015258789,26.299999237060547,25.25,25.25,78900
2024-02-13,24.920000076293945,25.639999389648438,24.739999771118164,25.40999984741211,75000
2024-02-14,25.200000762939453,25.389999389648438,24.649999618530273,25.25,87400
2024-02-15,25.329999923706055,25.641000747680664,25.211000442504883,25.389999389648438,64700
2024-02-16,25.059999465942383,25.280000686645508,24.84000015258789,25.25,262900
2024-02-20,25.219999313354492,25.280000686645508,24.479999542236328,24.75,78100
2024-02-21,25.110000610351562,25.3700008392334,24.8799991607666,25.049999237060547,32200
2024-02-22,25.079999923706055,25.450000762939453,24.989999771118164,25.020000457763672,30900
2024-02-23,25.489999771118164,25.770000457763672,25.110000610351562,25.110000610351562,29400
2024-02-26,25.170000076293945,25.829999923706055,25.0,25.450000762939453,63800
2024-02-27,25.34000015258789,25.459999084472656,25.1299991607666,25.459999084472656,23500
2024-02-28,25.34000015258789,25.3799991607666,24.972000122070312,25.100000381469727,19300
2024-02-29,25.719999313354492,26.023000717163086,25.551000595092773,25.68000030517578,22100
2024-03-01,25.600000381469727,26.031999588012695,25.389999389648438,25.6299991607666,19100
2024-03-04,25.540000915527344,25.67799949645996,25.25,25.299999237060547,61800
2024-03-05,24.8700008392334,25.600000381469727,24.790000915527344,25.56999969482422,28800
2024-03-06,25.149999618530273,25.25,24.889999389648438,24.889999389648438,15100
2024-03-07,25.25,25.70599937438965,25.200000762939453,25.389999389648438,17800
2024-03-08,25.3799991607666,25.78499984741211,25.209999084472656,25.540000915527344,22400
2024-03-11,25.0,25.579999923706055,24.834999084472656,25.399999618530273,32200
2024-03-12,25.030000686645508,25.25,24.799999237060547,25.25,41300
2024-03-13,25.260000228881836,25.67300033569336,25.155000686645508,25.280000686645508,31200
2024-03-14,25.010000228881836,25.190000534057617,24.420000076293945,25.059999465942383,40100
2024-03-15,25.190000534057617,26.5,24.729999542236328,24.729999542236328,153100
2024-03-18,21.260000228881836,23.697999954223633,20.010000228881836,22.100000381469727,323800
2024-03-19,21.229999542236328,22.920000076293945,20.395000457763672,22.920000076293945,205900
2024-03-20,21.06999969482422,21.360000610351562,20.65999984741211,21.200000762939453,112400
2024-03-21,20.860000610351562,21.43000030517578,20.709999084472656,21.40999984741211,185700
2024-03-22,19.780000686645508,21.049999237060547,19.780000686645508,20.56999969482422,107000
2024-03-25,19.69499969482422,20.520000457763672,19.65999984741211,19.969999313354492,197000
2024-03-26,19.799999237060547,20.100000381469727,19.549999237060547,19.729999542236328,173600
2024-03-27,20.850000381469727,20.899999618530273,19.799999237060547,19.799999237060547,118400
2024-03-28,21.520000457763672,21.700000762939453,20.899999618530273,20.899999618530273,119700
2024-04-01,21.219999313354492,21.700000762939453,21.09000015258789,21.700000762939453,64600
2024-04-02,20.989999771118164,21.229999542236328,20.850000381469727,20.950000762939453,95700
2024-04-03,20.979999542236328,21.290000915527344,20.81999969482422,21.049999237060547,98400
2024-04-04,20.860000610351562,21.459999084472656,20.770000457763672,21.209999084472656,74400
2024-04-05,21.139999389648438,21.290000915527344,21.049999237060547,21.06999969482422,65100
2024-04-08,21.260000228881836,21.389999389648438,21.104999542236328,21.1299991607666,45500
2024-04-09,21.25,21.389999389648438,21.190000534057617,21.3799991607666,57900
2024-04-10,20.40999984741211,20.899999618530273,20.309999465942383,20.899999618530273,95800
2024-04-11,20.290000915527344,20.489999771118164,20.040000915527344,20.360000610351562,83700
2024-04-12,20.329999923706055,20.440000534057617,20.020000457763672,20.309999465942383,63300
2024-04-15,20.1200008392334,20.5,19.969999313354492,20.18000030517578,83000
2024-04-16,19.920000076293945,20.15999984741211,19.719999313354492,19.8700008392334,84700
2024-04-17,19.780000686645508,20.65999984741211,19.780000686645508,20.1200008392334,111700
2024-04-18,19.59000015258789,20.040000915527344,19.5,19.829999923706055,107700
2024-04-19,19.989999771118164,20.040000915527344,19.420000076293945,19.450000762939453,107400
2024-04-22,19.75,20.040000915527344,19.709999084472656,20.0,92300
2024-04-23,20.049999237060547,20.34000015258789,19.920000076293945,19.920000076293945,54500
2024-04-24,20.209999084472656,20.25,19.700000762939453,19.84000015258789,78000
2024-04-25,20.079999923706055,20.200000762939453,19.700000762939453,19.959999084472656,59500
2024-04-26,20.299999237060547,20.389999389648438,20.059999465942383,20.260000228881836,38300
2024-04-29,20.649999618530273,20.81999969482422,20.43000030517578,20.479999542236328,44900
2024-04-30,20.3700008392334,20.709999084472656,20.360000610351562,20.5049991607666,32500
2024-05-01,20.59000015258789,20.8700008392334,20.389999389648438,20.489999771118164,54400
2024-05-02,20.979999542236328,21.170000076293945,20.51799964904785,20.729999542236328,68500
2024-05-03,21.270000457763672,21.530000686645508,21.145000457763672,21.209999084472656,60400
2024-05-06,21.34000015258789,21.559999465942383,21.280000686645508,21.459999084472656,78500
2024-05-07,21.190000534057617,21.469999313354492,21.149999618530273,21.34000015258789,68100
2024-05-08,21.020000457763672,21.110000610351562,20.868000030517578,21.110000610351562,46500
2024-05-09,21.139999389648438,21.15999984741211,20.850000381469727,20.850000381469727,43300
2024-05-10,23.40999984741211,23.790000915527344,20.549999237060547,21.670000076293945,343200
2024-05-13,23.030000686645508,23.649999618530273,23.0,23.389999389648438,102500
2024-05-14,23.899999618530273,24.100000381469727,23.200000762939453,23.239999771118164,170400
2024-05-15,24.149999618530273,24.290000915527344,23.790000915527344,24.170000076293945,120900
2024-05-16,23.81999969482422,24.184999465942383,23.700000762939453,24.049999237060547,82200
2024-05-17,23.770000457763672,24.09000015258789,23.59000015258789,23.8700008392334,50100
2024-05-20,24.239999771118164,24.454999923706055,23.729999542236328,23.81999969482422,76300
2024-05-21,23.75,24.139999389648438,23.649999618530273,24.09000015258789,37900
2024-05-22,23.559999465942383,23.799999237060547,23.360000610351562,23.6200008392334,76500
2024-05-23,23.31999969482422,23.690000534057617,23.110000610351562,23.59000015258789,72200
2024-05-24,23.610000610351562,23.790000915527344,23.3700008392334,23.469999313354492,42600
2024-05-28,23.329999923706055,23.760000228881836,23.239999771118164,23.729999542236328,45200
2024-05-29,22.899999618530273,23.420000076293945,22.8700008392334,23.110000610351562,51400
2024-05-30,23.18000030517578,23.295000076293945,22.940000534057617,23.110000610351562,83700
2024-05-31,23.229999542236328,23.520000457763672,22.940000534057617,23.18000030517578,122200
2024-06-03,23.725000381469727,23.8799991607666,23.270000457763672,23.399999618530273,77600
2024-06-04,23.299999237060547,23.635000228881836,23.040000915527344,23.549999237060547,60500
2024-06-05,23.350000381469727,23.59000015258789,23.239999771118164,23.469999313354492,56100
2024-06-06,23.0,23.440000534057617,22.280000686645508,23.360000610351562,55400
2024-06-07,22.719999313354492,23.0,22.56999969482422,22.920000076293945,69000
2024-06-10,23.09000015258789,23.15999984741211,22.6200008392334,22.84000015258789,73500
2024-06-11,22.969999313354492,23.020000457763672,22.670000076293945,22.899999618530273,67800
2024-06-12,23.6299991607666,24.100000381469727,23.489999771118164,23.6200008392334,65000
2024-06-13,23.420000076293945,23.65999984741211,23.299999237060547,23.65999984741211,32700
2024-06-14,22.950000762939453,23.309999465942383,22.770000457763672,23.09000015258789,59900
2024-06-17,23.170000076293945,23.21500015258789,22.719999313354492,22.760000228881836,39500
2024-06-18,22.84000015258789,23.200000762939453,22.670000076293945,23.049999237060547,46100
2024-06-20,22.739999771118164,22.905000686645508,22.514999389648438,22.8799991607666,39400
2024-06-21,22.829999923706055,22.84000015258789,22.511999130249023,22.719999313354492,63200
2024-06-24,22.790000915527344,23.059999465942383,22.628999710083008,22.760000228881836,51300
2024-06-25,22.40999984741211,22.850000381469727,22.3700008392334,22.850000381469727,87800
2024-06-26,22.360000610351562,22.635000228881836,21.670000076293945,22.209999084472656,44300
2024-06-27,22.469999313354492,22.559999465942383,22.25,22.469999313354492,55500
2024-06-28,22.940000534057617,23.0,22.3799991607666,22.579999923706055,216500
2024-07-01,22.270000457763672,22.950000762939453,22.149999618530273,22.93000030517578,65500
2024-07-02,22.350000381469727,22.350000381469727,22.010000228881836,22.280000686645508,38800
2024-07-03,22.34000015258789,22.469999313354492,22.18000030517578,22.309999465942383,24800
2024-07-05,22.34000015258789,22.350000381469727,21.950000762939453,22.190000534057617,44600
2024-07-08,22.860000610351562,22.90999984741211,22.5,22.520000457763672,55400
2024-07-09,22.549999237060547,22.8700008392334,22.520000457763672,22.8700008392334,43700
2024-07-10,22.969999313354492,23.1299991607666,22.559999465942383,22.709999084472656,68800
2024-07-11,23.979999542236328,24.280000686645508,23.06999969482422,23.510000228881836,151300
2024-07-12,24.6200008392334,24.6200008392334,24.200000762939453,24.31999969482422,83400
2024-07-15,25.100000381469727,25.510000228881836,24.780000686645508,24.8799991607666,81100
2024-07-16,26.549999237060547,26.670000076293945,25.389999389648438,25.389999389648438,88800
2024-07-17,26.40999984741211,26.770000457763672,25.59000015258789,26.200000762939453,56800
2024-07-18,26.010000228881836,27.15999984741211,25.940000534057617,26.200000762939453,54000
2024-07-19,26.200000762939453,26.3700008392334,25.93000030517578,26.030000686645508,48800
2024-07-22,26.709999084472656,26.8700008392334,26.079999923706055,26.299999237060547,44800
2024-07-23,27.049999237060547,27.290000915527344,26.739999771118164,26.739999771118164,43300
2024-07-24,26.34000015258789,27.489999771118164,26.280000686645508,26.860000610351562,110800
2024-07-25,26.950000762939453,27.56999969482422,26.34000015258789,26.559999465942383,51400
2024-07-26,27.690000534057617,27.799999237060547,27.299999237060547,27.34000015258789,36200
2024-07-29,27.489999771118164,27.950000762939453,27.280000686645508,27.6299991607666,41500
2024-07-30,28.25,28.440000534057617,27.18000030517578,27.739999771118164,101500
2024-07-31,28.479999542236328,29.30500030517578,27.530000686645508,28.260000228881836,148000
2024-08-01,27.600000381469727,28.969999313354492,27.520000457763672,28.360000610351562,65300
2024-08-02,26.5,27.06999969482422,26.010000228881836,26.59000015258789,58600
2024-08-05,25.75,25.780000686645508,25.0,25.280000686645508,68600
2024-08-06,25.829999923706055,26.239999771118164,25.309999465942383,25.729999542236328,43100
2024-08-07,26.389999389648438,26.799999237060547,24.84000015258789,25.514999389648438,105000
2024-08-08,26.360000610351562,26.81999969482422,26.049999237060547,26.799999237060547,51000
2024-08-09,26.040000915527344,26.190000534057617,24.860000610351562,26.190000534057617,66100
2024-08-12,25.010000228881836,26.59000015258789,24.889999389648438,26.309999465942383,56900
2024-08-13,25.790000915527344,25.93000030517578,25.079999923706055,25.360000610351562,45400
2024-08-14,25.459999084472656,25.850000381469727,25.204999923706055,25.75,27600
2024-08-15,26.309999465942383,26.81999969482422,25.65999984741211,26.1200008392334,40600
2024-08-16,26.219999313354492,26.56999969482422,26.059999465942383,26.31999969482422,37300
2024-08-19,26.0,26.280000686645508,25.860000610351562,26.149999618530273,69300
2024-08-20,25.739999771118164,26.049999237060547,25.559999465942383,26.049999237060547,26900
2024-08-21,26.65999984741211,27.09000015258789,25.850000381469727,26.079999923706055,61600
2024-08-22,26.65999984741211,26.93000030517578,26.395000457763672,26.93000030517578,68600
2024-08-23,27.889999389648438,28.110000610351562,27.030000686645508,27.030000686645508,43700
2024-08-26,27.049999237060547,28.049999237060547,26.979999542236328,27.790000915527344,73900
2024-08-27,26.56999969482422,26.920000076293945,26.549999237060547,26.84000015258789,17800
2024-08-28,26.700000762939453,27.010000228881836,26.457000732421875,26.770000457763672,31300
2024-08-29,26.510000228881836,26.850000381469727,26.34000015258789,26.739999771118164,26400
2024-08-30,26.959999084472656,26.959999084472656,26.239999771118164,26.530000686645508,25800
2024-09-03,26.1200008392334,26.709999084472656,26.06999969482422,26.600000381469727,41500
2024-09-04,25.799999237060547,26.25,25.729999542236328,26.25,26000
2024-09-05,25.68000030517578,26.1200008392334,25.440000534057617,26.010000228881836,43300
2024-09-06,25.549999237060547,26.100000381469727,25.510000228881836,25.81999969482422,25700
2024-09-09,26.479999542236328,26.950000762939453,25.309999465942383,25.399999618530273,114300
2024-09-10,26.84000015258789,27.014999389648438,26.329999923706055,26.770000457763672,68100
2024-09-11,26.530000686645508,26.8799991607666,26.155000686645508,26.8799991607666,29300
2024-09-12,27.1299991607666,27.1299991607666,26.549999237060547,26.829999923706055,49600
2024-09-13,28.229999542236328,28.690000534057617,27.579999923706055,27.579999923706055,42300
2024-09-16,27.84000015258789,28.190000534057617,27.389999389648438,28.09000015258789,61400
2024-09-17,28.170000076293945,28.670000076293945,27.643999099731445,28.229999542236328,45100
2024-09-18,27.969999313354492,28.860000610351562,27.700000762939453,28.170000076293945,49800
2024-09-19,28.860000610351562,28.979999542236328,28.25,28.649999618530273,37300
2024-09-20,28.010000228881836,29.25,27.940000534057617,28.600000381469727,405800
2024-09-23,27.639999389648438,28.290000915527344,27.55500030517578,28.280000686645508,61800
2024-09-24,27.459999084472656,27.709999084472656,27.34000015258789,27.709999084472656,38100
2024-09-25,27.09000015258789,27.510000228881836,27.079999923706055,27.450000762939453,29800
2024-09-26,27.510000228881836,27.75,27.100000381469727,27.399999618530273,28300
2024-09-27,27.40999984741211,28.170000076293945,27.34000015258789,27.520000457763672,37000
2024-09-30,27.350000381469727,27.600000381469727,27.0,27.40999984741211,90700
2024-10-01,27.260000228881836,27.510000228881836,26.860000610351562,27.360000610351562,32700
2024-10-02,26.899999618530273,27.020000457763672,26.8700008392334,27.020000457763672,23400
2024-10-03,26.56999969482422,26.927000045776367,26.459999084472656,26.739999771118164,24800
2024-10-04,26.56999969482422,27.15999984741211,26.34000015258789,26.950000762939453,30500
2024-10-07,26.209999084472656,26.329999923706055,26.09000015258789,26.329999923706055,20800
2024-10-08,26.149999618530273,26.360000610351562,26.049999237060547,26.280000686645508,38400
2024-10-09,25.969999313354492,26.450000762939453,25.860000610351562,26.239999771118164,74600
2024-10-10,25.950000762939453,25.989999771118164,25.489999771118164,25.649999618530273,42100
2024-10-11,26.59000015258789,26.809999465942383,25.969999313354492,25.969999313354492,67300
2024-10-14,26.700000762939453,26.739999771118164,26.270000457763672,26.450000762939453,62100
2024-10-15,26.899999618530273,27.520000457763672,26.899999618530273,27.256999969482422,30500
2024-10-16,27.559999465942383,27.739999771118164,27.200000762939453,27.200000762939453,42100
2024-10-17,27.360000610351562,27.739999771118164,27.1200008392334,27.739999771118164,35800
2024-10-18,27.25,27.65999984741211,27.209999084472656,27.5,27000
2024-10-21,25.90999984741211,27.149999618530273,25.799999237060547,27.149999618530273,40500
2024-10-22,25.329999923706055,25.834999084472656,25.1299991607666,25.59000015258789,39300
2024-10-23,25.329999923706055,25.399999618530273,25.040000915527344,25.200000762939453,41200
2024-10-24,25.479999542236328,25.709999084472656,25.219999313354492,25.309999465942383,24900
2024-10-25,25.200000762939453,25.709999084472656,25.190000534057617,25.670000076293945,22000
2024-10-28,25.56999969482422,25.600000381469727,25.079999923706055,25.110000610351562,63000
2024-10-29,25.600000381469727,25.729999542236328,25.05500030517578,25.540000915527344,27100
2024-10-30,25.479999542236328,25.889999389648438,25.3799991607666,25.3799991607666,25500
2024-10-31,24.799999237060547,25.56999969482422,24.799999237060547,25.56999969482422,23000
2024-11-01,25.670000076293945,25.760000228881836,25.110000610351562,25.110000610351562,39000
2024-11-04,25.18000030517578,25.905000686645508,25.049999237060547,25.600000381469727,57200
2024-11-05,26.170000076293945,26.260000228881836,25.229999542236328,25.229999542236328,54100
2024-11-06,27.479999542236328,27.6299991607666,26.905000686645508,27.020000457763672,71100
2024-11-07,27.25,27.75,27.049999237060547,27.59000015258789,44800
2024-11-08,27.610000610351562,27.739999771118164,26.959999084472656,27.360000610351562,31900
2024-11-11,27.219999313354492,27.774999618530273,27.049999237060547,27.6299991607666,64800
2024-11-12,26.8799991607666,27.34000015258789,26.790000915527344,27.290000915527344,41500
2024-11-13,26.239999771118164,27.350000381469727,26.145999908447266,27.34000015258789,50600
2024-11-14,25.899999618530273,26.530000686645508,25.6299991607666,26.530000686645508,70200
2024-11-15,25.889999389648438,26.1560001373291,25.510000228881836,26.100000381469727,92800
2024-11-18,25.5,25.790000915527344,25.21500015258789,25.790000915527344,97700
2024-11-19,25.200000762939453,25.43000030517578,24.920000076293945,25.43000030517578,72200
2024-11-20,25.299999237060547,25.31999969482422,24.885000228881836,25.200000762939453,69900
2024-11-21,25.610000610351562,25.770000457763672,25.235000610351562,25.299999237060547,87700
2024-11-22,25.780000686645508,26.34000015258789,25.37299919128418,25.56999969482422,45100
2024-11-25,26.540000915527344,27.0,25.889999389648438,26.219999313354492,125000
2024-11-26,25.899999618530273,26.3700008392334,25.84000015258789,26.3700008392334,50000
2024-11-27,26.110000610351562,26.399999618530273,25.8700008392334,26.209999084472656,42100
2024-11-29,26.170000076293945,26.309999465942383,26.131000518798828,26.131000518798828,16000
2024-12-02,26.18000030517578,26.3700008392334,25.639999389648438,26.100000381469727,82300
2024-12-03,25.950000762939453,26.454999923706055,25.780000686645508,26.299999237060547,32000
2024-12-04,25.649999618530273,26.06999969482422,25.524999618530273,26.06999969482422,58400
2024-12-05,25.31999969482422,25.75,25.219999313354492,25.75,42000
2024-12-06,25.5,25.6299991607666,25.2189998626709,25.6299991607666,39600
2024-12-09,25.760000228881836,25.83799934387207,25.270000457763672,25.399999618530273,92800
2024-12-10,25.530000686645508,25.899999618530273,25.40999984741211,25.579999923706055,47000
2024-12-11,25.75,25.969999313354492,25.684999465942383,25.84000015258789,52000
2024-12-12,25.65999984741211,25.809999465942383,25.489999771118164,25.75,60600
2024-12-13,25.40999984741211,25.649999618530273,25.204999923706055,25.510000228881836,52800
2024-12-16,25.1200008392334,25.80500030517578,24.954999923706055,25.350000381469727,104000
2024-12-17,24.8799991607666,25.270000457763672,24.84000015258789,24.989999771118164,62900
2024-12-18,24.190000534057617,25.43000030517578,23.959999084472656,25.06999969482422,72300
2024-12-19,24.290000915527344,24.655000686645508,23.920000076293945,24.530000686645508,86200
2024-12-20,24.709999084472656,24.770999908447266,24.079999923706055,24.079999923706055,172400
2024-12-23,24.770000457763672,24.799999237060547,24.084999084472656,24.600000381469727,145500
2024-12-24,24.90999984741211,24.90999984741211,24.40999984741211,24.860000610351562,39700
2024-12-26,25.18000030517578,25.219999313354492,24.600000381469727,24.844999313354492,61100
2024-12-27,24.799999237060547,25.3799991607666,24.610000610351562,25.010000228881836,62800
2024-12-30,24.43000030517578,24.729999542236328,24.170000076293945,24.729999542236328,72100
2024-12-31,24.68000030517578,24.84000015258789,24.3700008392334,24.520000457763672,74200
2025-01-02,24.0,24.950000762939453,23.8700008392334,24.790000915527344,71600
2025-01-03,23.729999542236328,24.26099967956543,23.43000030517578,24.0,64200
2025-01-06,23.15999984741211,23.979999542236328,23.1200008392334,23.6299991607666,91300
2025-01-07,23.0,23.27400016784668,22.709999084472656,23.170000076293945,59200
2025-01-08,23.1200008392334,23.170000076293945,22.56999969482422,22.770000457763672,47700
2025-01-10,22.540000915527344,22.829999923706055,22.360000610351562,22.729999542236328,65800
2025-01-13,22.8700008392334,22.90999984741211,22.3799991607666,22.3799991607666,66500
2025-01-14,23.670000076293945,23.690000534057617,23.079999923706055,23.079999923706055,56100
2025-01-15,24.34000015258789,24.975000381469727,24.155000686645508,24.260000228881836,44500
2025-01-16,24.5,24.75,24.114999771118164,24.389999389648438,73300
2025-01-17,25.05500030517578,25.110000610351562,24.770000457763672,24.780000686645508,71100
2025-01-21,25.520000457763672,25.809999465942383,25.360000610351562,25.360000610351562,74400
2025-01-22,24.979999542236328,25.399999618530273,24.764999389648438,25.360000610351562,60300
2025-01-23,25.239999771118164,25.260000228881836,24.600000381469727,24.829999923706055,65800
2025-01-24,25.5,25.530000686645508,24.829999923706055,25.190000534057617,61300
2025-01-27,26.030000686645508,26.354999542236328,25.459999084472656,25.459999084472656,62300
2025-01-28,25.399999618530273,26.149999618530273,25.399999618530273,25.8700008392334,56200
2025-01-29,25.219999313354492,25.489999771118164,24.93000030517578,25.360000610351562,34300
2025-01-30,25.65999984741211,25.8700008392334,24.969999313354492,24.969999313354492,48900
2025-01-31,25.649999618530273,25.9950008392334,25.280000686645508,25.610000610351562,75100
2025-02-03,25.389999389648438,26.15999984741211,24.45599937438965,26.049999237060547,72000
2025-02-04,25.610000610351562,25.7450008392334,25.15999984741211,25.399999618530273,67500
2025-02-05,26.0,26.274999618530273,25.100000381469727,25.770000457763672,66300
2025-02-06,26.360000610351562,26.389999389648438,25.950000762939453,26.184999465942383,38000
2025-02-07,26.639999389648438,26.670000076293945,25.729999542236328,26.270000457763672,74400
2025-02-10,27.299999237060547,27.479999542236328,26.6299991607666,26.93000030517578,70400
2025-02-11,28.06999969482422,28.290000915527344,26.889999389648438,27.350000381469727,273800
2025-02-12,28.25,28.329999923706055,26.829999923706055,27.3799991607666,120300
2025-02-13,28.489999771118164,28.670000076293945,27.989999771118164,28.600000381469727,79500
2025-02-14,27.790000915527344,29.149999618530273,27.58099937438965,28.729999542236328,243200
2025-02-18,26.75,27.68000030517578,25.799999237060547,27.68000030517578,141900
2025-02-19,27.18000030517578,27.31999969482422,25.770000457763672,26.079999923706055,165800
2025-02-20,26.579999923706055,27.100000381469727,25.854999542236328,26.860000610351562,173900
2025-02-21,25.81999969482422,26.920000076293945,25.25,26.84000015258789,127800
2025-02-24,25.1299991607666,25.889999389648438,25.079999923706055,25.790000915527344,79500
2025-02-25,25.719999313354492,25.889999389648438,25.049999237060547,25.049999237060547,123000
2025-02-26,25.06999969482422,25.799999237060547,25.0,25.709999084472656,78900
2025-02-27,24.399999618530273,25.0,24.270000457763672,24.969999313354492,70900
2025-02-28,24.690000534057617,25.125,24.1200008392334,24.520000457763672,76900
2025-03-03,24.200000762939453,24.860000610351562,24.1200008392334,24.670000076293945,62200
2025-03-04,24.469999313354492,24.719999313354492,23.5,24.06999969482422,102200
2025-03-05,25.0,25.040000915527344,24.420000076293945,24.420000076293945,93700
2025-03-06,25.31999969482422,25.5,24.700000762939453,24.700000762939453,69500
2025-03-07,25.030000686645508,25.405000686645508,24.8799991607666,25.100000381469727,48500
2025-03-10,24.959999084472656,25.135000228881836,24.700000762939453,24.8700008392334,63300
2025-03-11,24.84000015258789,25.06999969482422,24.65999984741211,24.959999084472656,58000
2025-03-12,24.75,24.989999771118164,24.25,24.450000762939453,100200
2025-03-13,25.40999984741211,27.889999389648438,24.405000686645508,26.299999237060547,191000
2025-03-14,25.959999084472656,26.010000228881836,24.84000015258789,25.43000030517578,104100
2025-03-17,25.760000228881836,26.049999237060547,25.434999465942383,25.940000534057617,71900
2025-03-18,25.93000030517578,26.165000915527344,25.315000534057617,25.81999969482422,67600
2025-03-19,26.549999237060547,26.565000534057617,25.48900032043457,25.549999237060547,103200
2025-03-20,26.110000610351562,26.700000762939453,25.90999984741211,26.18000030517578,73300
2025-03-21,25.739999771118164,25.899999618530273,24.90999984741211,25.670000076293945,139200
2025-03-24,26.440000534057617,27.450000762939453,25.469999313354492,26.1200008392334,73800
2025-03-25,26.219999313354492,26.389999389648438,25.905000686645508,26.18000030517578,53600
2025-03-26,25.75,26.424999237060547,25.700000762939453,25.75,128800
2025-03-27,25.809999465942383,26.05500030517578,25.68000030517578,25.93000030517578,46900
2025-03-28,25.1299991607666,25.850000381469727,24.969999313354492,25.850000381469727,49200
2025-03-31,25.219999313354492,25.43000030517578,24.75,25.100000381469727,85100
2025-04-01,25.15999984741211,25.454999923706055,24.739999771118164,25.049999237060547,52300
2025-04-02,25.239999771118164,25.415000915527344,24.770000457763672,24.770000457763672,47000
2025-04-03,23.559999465942383,24.25,23.530000686645508,24.200000762939453,67300
2025-04-04,24.229999542236328,24.389999389648438,22.6200008392334,22.670000076293945,89100
2025-04-07,23.219999313354492,24.649999618530273,22.889999389648438,23.739999771118164,66700
2025-04-08,22.889999389648438,24.94499969482422,22.530000686645508,24.09000015258789,88300
2025-04-09,23.809999465942383,24.270000457763672,22.469999313354492,22.6299991607666,87700
2025-04-10,23.59000015258789,24.34000015258789,22.635000228881836,23.18000030517578,112300
2025-04-11,23.850000381469727,23.90999984741211,22.56999969482422,23.450000762939453,146800
2025-04-14,23.979999542236328,25.350000381469727,23.450000762939453,23.989999771118164,107700
2025-04-15,24.059999465942383,24.75,23.920000076293945,24.479999542236328,81900
2025-04-16,24.09000015258789,24.31999969482422,23.364999771118164,23.75,110100
2025-04-17,24.209999084472656,24.479999542236328,24.06999969482422,24.06999969482422,52500
2025-04-21,23.850000381469727,24.43000030517578,23.540000915527344,23.920000076293945,54400
2025-04-22,24.56999969482422,24.729999542236328,23.670000076293945,24.170000076293945,53300
2025-04-23,24.610000610351562,25.354999542236328,24.579999923706055,25.15999984741211,68300
2025-04-24,24.889999389648438,25.209999084472656,24.3700008392334,24.940000534057617,48700
2025-04-25,24.549999237060547,24.760000228881836,24.270000457763672,24.450000762939453,46200
2025-04-28,24.399999618530273,24.56999969482422,24.125,24.5049991607666,37600
2025-04-29,24.579999923706055,24.735000610351562,24.253000259399414,24.34000015258789,49700
2025-04-30,24.325000762939453,24.549999237060547,24.139999389648438,24.549999237060547,53100
2025-05-01,24.299999237060547,24.6200008392334,24.1200008392334,24.3799991607666,59200
2025-05-02,25.219999313354492,25.405000686645508,24.450000762939453,24.520000457763672,61300
2025-05-05,25.094999313354492,25.524999618530273,24.899999618530273,25.0,41700
2025-05-06,24.90999984741211,25.024999618530273,24.649999618530273,24.75,24400
2025-05-07,24.895000457763672,25.260000228881836,24.739999771118164,25.149999618530273,33000
2025-05-08,25.31999969482422,25.540000915527344,24.979999542236328,25.059999465942383,53000
2025-05-09,24.850000381469727,25.510000228881836,24.850000381469727,25.34000015258789,40200
2025-05-12,25.729999542236328,27.020000457763672,25.264999389648438,26.1299991607666,86400
2025-05-13,23.540000915527344,25.09000015258789,22.010000228881836,23.149999618530273,201400
2025-05-14,23.31999969482422,23.695999145507812,22.829999923706055,23.559999465942383,120000
2025-05-15,23.530000686645508,23.920000076293945,23.219999313354492,23.280000686645508,98500
2025-05-16,23.600000381469727,23.7450008392334,23.200000762939453,23.3799991607666,92300
2025-05-19,23.3700008392334,23.510000228881836,23.200000762939453,23.290000915527344,58600
2025-05-20,23.3799991607666,23.440000534057617,23.165000915527344,23.270000457763672,61000
2025-05-21,22.670000076293945,23.280000686645508,22.43000030517578,23.079999923706055,71000
2025-05-22,22.399999618530273,22.905000686645508,22.3700008392334,22.479999542236328,83000
2025-05-23,22.479999542236328,22.649999618530273,22.18000030517578,22.18000030517578,69600
2025-05-27,22.520000457763672,22.899999618530273,22.325000762939453,22.729999542236328,52000
2025-05-28,22.065000534057617,23.39699935913086,21.93000030517578,22.610000610351562,116600
2025-05-29,22.190000534057617,22.719999313354492,21.969999313354492,22.06999969482422,76000
2025-05-30,22.290000915527344,22.459999084472656,21.799999237060547,22.149999618530273,94600
2025-06-02,21.93000030517578,22.725000381469727,21.93000030517578,22.200000762939453,99100
2025-06-03,22.389999389648438,22.4950008392334,21.829999923706055,21.950000762939453,104800
2025-06-04,22.5,22.75,22.225000381469727,22.579999923706055,68600
2025-06-05,22.25,22.59000015258789,22.045000076293945,22.440000534057617,100100
2025-06-06,21.920000076293945,22.639999389648438,21.84000015258789,22.559999465942383,95900
2025-06-09,22.18000030517578,22.3799991607666,21.920000076293945,22.149999618530273,68300
2025-06-10,22.579999923706055,22.81999969482422,22.229999542236328,22.229999542236328,66500
2025-06-11,22.190000534057617,22.850000381469727,22.190000534057617,22.75,67600
2025-06-12,22.3700008392334,22.44499969482422,21.93000030517578,21.93000030517578,62800
2025-06-13,21.780000686645508,22.325000762939453,21.704999923706055,22.149999618530273,85900
2025-06-16,22.049999237060547,22.1200008392334,21.799999237060547,21.799999237060547,53600
2025-06-17,21.709999084472656,22.38800048828125,21.670000076293945,22.149999618530273,161100
2025-06-18,21.610000610351562,22.270000457763672,21.579999923706055,21.579999923706055,151400
2025-06-20,21.979999542236328,22.149999618530273,21.84000015258789,21.90999984741211,166100
2025-06-23,22.520000457763672,22.65999984741211,21.81999969482422,21.81999969482422,145200
2025-06-24,22.700000762939453,22.989999771118164,22.53499984741211,22.81999969482422,114100
2025-06-25,22.1299991607666,22.65999984741211,22.110000610351562,22.65999984741211,71000
2025-06-26,22.440000534057617,22.459999084472656,21.90999984741211,22.200000762939453,56800
2025-06-27,22.479999542236328,22.7450008392334,22.229999542236328,22.459999084472656,329200
2025-06-30,22.65999984741211,23.0,22.2549991607666,22.5,80200
2025-07-01,23.43000030517578,24.170000076293945,22.549999237060547,22.549999237060547,108800
2025-07-02,23.90999984741211,23.985000610351562,23.34000015258789,23.34000015258789,63900
2025-07-03,23.969999313354492,24.040000915527344,23.5,23.90999984741211,47400
2025-07-07,23.440000534057617,24.209999084472656,23.399999618530273,23.81999969482422,58700
2025-07-08,23.299999237060547,23.770000457763672,23.299999237060547,23.59000015258789,71400
2025-07-09,23.75,23.809999465942383,23.25,23.25,94700
2025-07-10,23.65999984741211,24.200000762939453,23.649999618530273,23.809999465942383,69600
2025-07-11,23.440000534057617,23.799999237060547,23.299999237060547,23.420000076293945,62000
2025-07-14,23.309999465942383,23.600000381469727,23.110000610351562,23.299999237060547,68700
2025-07-15,22.700000762939453,23.632999420166016,22.670000076293945,23.329999923706055,70600
2025-07-16,22.6200008392334,22.889999389648438,22.299999237060547,22.8700008392334,69800
2025-07-17,22.489999771118164,22.84000015258789,22.450000762939453,22.5,43400
2025-07-18,21.969999313354492,22.6299991607666,21.829999923706055,22.6299991607666,49100
2025-07-21,21.940000534057617,22.420000076293945,21.809999465942383,22.100000381469727,67700
2025-07-22,23.100000381469727,23.219999313354492,22.290000915527344,22.290000915527344,91400
2025-07-23,22.8799991607666,23.31999969482422,22.790000915527344,23.25,62600
2025-07-24,22.510000228881836,23.0,22.319000244140625,22.81999969482422,69200
2025-07-25,22.75,22.84000015258789,22.459999084472656,22.739999771118164,30800
2025-07-28,22.739999771118164,22.84000015258789,22.579999923706055,22.84000015258789,36400
2025-07-29,22.719999313354492,22.979999542236328,22.5,22.969999313354492,36400
2025-07-30,22.3799991607666,22.8700008392334,22.030000686645508,22.65999984741211,57800
2025-07-31,22.3799991607666,23.389999389648438,22.15999984741211,22.170000076293945,62400
2025-08-01,22.75,22.90999984741211,22.079999923706055,22.170000076293945,88600
2025-08-04,23.149999618530273,23.170000076293945,22.707000732421875,22.729999542236328,42900
2025-08-05,23.510000228881836,23.670000076293945,23.1299991607666,23.290000915527344,27800
2025-08-06,23.670000076293945,23.969999313354492,23.514999389648438,23.690000534057617,49300
2025-08-07,23.59000015258789,23.959999084472656,23.56999969482422,23.959999084472656,44400
2025-08-08,24.489999771118164,25.829999923706055,23.1200008392334,24.700000762939453,111000
2025-08-11,25.079999923706055,25.260000228881836,24.0049991607666,24.440000534057617,70800
2025-08-12,26.139999389648438,26.239999771118164,25.25,25.270000457763672,73900
2025-08-13,26.969999313354492,27.290000915527344,26.139999389648438,26.139999389648438,71400
2025-08-14,26.959999084472656,27.020000457763672,24.5,26.579999923706055,74000
2025-08-15,26.739999771118164,27.524999618530273,26.549999237060547,27.229999542236328,71300
2025-08-18,26.6299991607666,26.979999542236328,26.500999450683594,26.959999084472656,31900
2025-08-19,27.170000076293945,27.34000015258789,26.850000381469727,26.899999618530273,49700
2025-08-20,27.049999237060547,27.43000030517578,26.895000457763672,27.200000762939453,64700
2025-08-21,27.709999084472656,27.81999969482422,26.79199981689453,26.8700008392334,60600
2025-08-22,27.899999618530273,29.19499969482422,27.34000015258789,27.59000015258789,140000
2025-08-25,27.899999618530273,28.225000381469727,27.632999420166016,27.93000030517578,77900
2025-08-26,27.600000381469727,28.100000381469727,27.510000228881836,27.799999237060547,80500
2025-08-27,27.90999984741211,28.040000915527344,27.360000610351562,27.360000610351562,74400
2025-08-28,27.959999084472656,28.260000228881836,27.639999389648438,28.260000228881836,72200
2025-08-29,27.94499969482422,28.110000610351562,27.760000228881836,27.959999084472656,65600
2025-09-02,27.579999923706055,27.889999389648438,27.420000076293945,27.56999969482422,55600
2025-09-03,27.530000686645508,27.979999542236328,26.709999084472656,27.3700008392334,51600
2025-09-04,28.200000762939453,28.420000076293945,27.530000686645508,27.530000686645508,147400
2025-09-05,28.059999465942383,29.450000762939453,28.0,28.65999984741211,135700
2025-09-08,28.010000228881836,28.684999465942383,27.790000915527344,28.1299991607666,113000
2025-09-09,27.3799991607666,27.829999923706055,27.079999923706055,27.81999969482422,62400
2025-09-10,27.079999923706055,27.31999969482422,26.90999984741211,27.31999969482422,45900
2025-09-11,27.709999084472656,27.75,27.15999984741211,27.299999237060547,50900
2025-09-12,27.510000228881836,27.639999389648438,27.049999237060547,27.399999618530273,60000
2025-09-15,27.389999389648438,27.420000076293945,26.954999923706055,27.420000076293945,67900
2025-09-16,27.670000076293945,27.809999465942383,26.959999084472656,27.25,47400
2025-09-17,27.229999542236328,28.350000381469727,27.170000076293945,27.700000762939453,80300
2025-09-18,27.8799991607666,28.0,27.184999465942383,27.3799991607666,85200
2025-09-19,27.219999313354492,28.209999084472656,26.979999542236328,27.75,221700
2025-09-22,27.309999465942383,27.469999313354492,26.850000381469727,27.190000534057617,62800
2025-09-23,27.440000534057617,27.719999313354492,27.104999542236328,27.25,51200
2025-09-24,27.350000381469727,27.760000228881836,27.270000457763672,27.325000762939453,58800
2025-09-25,27.010000228881836,27.510000228881836,26.239999771118164,27.1299991607666,39800
2025-09-26,27.329999923706055,27.459999084472656,26.8799991607666,26.989999771118164,47300
2025-09-29,27.350000381469727,27.56999969482422,27.059999465942383,27.450000762939453,41400
2025-09-30,27.510000228881836,27.540000915527344,26.899999618530273,27.15999984741211,49500
2025-10-01,27.420000076293945,27.59000015258789,26.969999313354492,27.329999923706055,58700
2025-10-02,27.200000762939453,27.459999084472656,26.78499984741211,27.260000228881836,48800
2025-10-03,24.899999618530273,27.010000228881836,24.739999771118164,27.010000228881836,110600
2025-10-06,23.31999969482422,25.89299964904785,23.260000228881836,25.010000228881836,138500
2025-10-07,22.770000457763672,23.540000915527344,22.709999084472656,23.219999313354492,71200
2025-10-08,22.75,23.395000457763672,22.420000076293945,22.969999313354492,69300
2025-10-09,22.0,22.799999237060547,21.90999984741211,22.68000030517578,98300
2025-10-10,22.18000030517578,22.459999084472656,20.850000381469727,21.5,461200
2025-10-13,21.690000534057617,22.360000610351562,21.3700008392334,22.360000610351562,205700
2025-10-14,22.75,22.850000381469727,21.56999969482422,21.6299991607666,94500
2025-10-15,23.040000915527344,23.149999618530273,22.75,22.75,92400
2025-10-16,23.239999771118164,23.280000686645508,22.760000228881836,23.100000381469727,119500
2025-10-17,23.389999389648438,23.53499984741211,23.155000686645508,23.229999542236328,89400
2025-10-20,23.690000534057617,23.780000686645508,23.469999313354492,23.520000457763672,73700
2025-10-21,24.309999465942383,24.329999923706055,23.510000228881836,23.690000534057617,40100
2025-10-22,23.899999618530273,24.399999618530273,23.65999984741211,24.399999618530273,92000
2025-10-23,24.15999984741211,24.360000610351562,23.354999542236328,24.020000457763672,48400
2025-10-24,24.079999923706055,24.559999465942383,24.049999237060547,24.31999969482422,55100
2025-10-27,23.989999771118164,24.299999237060547,23.950000762939453,24.079999923706055,59300
2025-10-28,23.219999313354492,23.959999084472656,23.18000030517578,23.780000686645508,91600
2025-10-29,22.200000762939453,23.260000228881836,22.100000381469727,23.09000015258789,93100
2025-10-30,22.09000015258789,22.690000534057617,22.030000686645508,22.200000762939453,91100
2025-10-31,22.454999923706055,22.55500030517578,22.0,22.420000076293945,71900
2025-11-03,22.190000534057617,22.649999618530273,22.110000610351562,22.6200008392334,59600
2025-11-04,22.549999237060547,22.71500015258789,21.899999618530273,22.030000686645508,85200
2025-11-05,23.559999465942383,23.65999984741211,22.549999237060547,22.549999237060547,99500
2025-11-06,22.6200008392334,23.510000228881836,22.40999984741211,23.510000228881836,122300
2025-11-07,22.219999313354492,22.788000106811523,22.0049991607666,22.75,130000
2025-11-10,20.8799991607666,21.799999237060547,20.01300048828125,21.559999465942383,266400
2025-11-11,20.329999923706055,21.43000030517578,19.69099998474121,20.790000915527344,243100
2025-11-12,20.219999313354492,20.28499984741211,19.90999984741211,20.049999237060547,159800
2025-11-13,20.020000457763672,20.399999618530273,19.735000610351562,20.239999771118164,189300
2025-11-14,19.6200008392334,20.049999237060547,19.3799991607666,19.959999084472656,107800
2025-11-17,19.18000030517578,20.0,19.149999618530273,19.639999389648438,131100
2025-11-18,19.170000076293945,19.260000228881836,18.8700008392334,19.049999237060547,96000
2025-11-19,18.920000076293945,19.3799991607666,18.860000610351562,19.3799991607666,175500
2025-11-20,18.889999389648438,19.5,18.860000610351562,19.260000228881836,154900
2025-11-21,19.389999389648438,19.780000686645508,18.899999618530273,18.899999618530273,164200
2025-11-24,19.15999984741211,19.3700008392334,19.040000915527344,19.290000915527344,185000
2025-11-25,19.670000076293945,19.889999389648438,18.834999084472656,19.290000915527344,190000
2025-11-26,20.25,20.510000228881836,19.295000076293945,19.530000686645508,157800
2025-11-28,19.93000030517578,20.21500015258789,19.799999237060547,20.18000030517578,44700
2025-12-01,19.56999969482422,20.100000381469727,19.530000686645508,19.90999984741211,120100
2025-12-02,19.969999313354492,20.100000381469727,19.260000228881836,19.649999618530273,103300
2025-12-03,20.110000610351562,20.81399917602539,19.690000534057617,20.010000228881836,97000
2025-12-04,20.18000030517578,20.25,19.8700008392334,19.979999542236328,114200
2025-12-05,19.969999313354492,20.3799991607666,19.860000610351562,19.979999542236328,89500
2025-12-08,19.540000915527344,23.165000915527344,19.350000381469727,19.969999313354492,74000
2025-12-09,19.93000030517578,19.959999084472656,19.440000534057617,19.440000534057617,119000
2025-12-10,20.3799991607666,20.459999084472656,19.875,19.979999542236328,198200
2025-12-11,20.739999771118164,20.90999984741211,20.31999969482422,20.510000228881836,162100
2025-12-12,20.719999313354492,20.81999969482422,20.389999389648438,20.729999542236328,124200
2025-12-15,20.43000030517578,20.8700008392334,20.299999237060547,20.8700008392334,108000
2025-12-16,20.43000030517578,20.764999389648438,20.075000762939453,20.3700008392334,100900
2025-12-17,20.459999084472656,20.770000457763672,20.260000228881836,20.299999237060547,183600
2025-12-18,20.860000610351562,20.940000534057617,20.309999465942383,20.549999237060547,99700
2025-12-19,19.850000381469727,20.770000457763672,19.614999771118164,20.700000762939453,176200
2025-12-22,19.690000534057617,20.219999313354492,19.649999618530273,19.829999923706055,94100
2025-12-23,19.739999771118164,19.90999984741211,19.55500030517578,19.6299991607666,101300
2025-12-24,19.8700008392334,19.950000762939453,19.649999618530273,19.719999313354492,70400
2025-12-26,19.809999465942383,20.184999465942383,19.649999618530273,19.84000015258789,63200
2025-12-29,19.829999923706055,19.920000076293945,19.639999389648438,19.790000915527344,160400
2025-12-30,19.81999969482422,19.94499969482422,19.6299991607666,19.75,108300
2025-12-31,19.520000457763672,19.93000030517578,19.459999084472656,19.81999969482422,100800
2026-01-02,19.299999237060547,19.700000762939453,19.014999389648438,19.674999237060547,80000
2026-01-05,19.520000457763672,19.90999984741211,19.18000030517578,19.450000762939453,87800
2026-01-06,19.950000762939453,20.014999389648438,19.229999542236328,19.360000610351562,98900
2026-01-07,19.969999313354492,20.145000457763672,19.670000076293945,19.940000534057617,107600
2026-01-08,20.899999618530273,21.018999099731445,19.799999237060547,19.799999237060547,128200
2026-01-09,21.3799991607666,21.559999465942383,20.959999084472656,20.959999084472656,123600
2026-01-12,21.649999618530273,21.739999771118164,21.079999923706055,21.079999923706055,98300
2026-01-13,21.6299991607666,21.875999450683594,21.40999984741211,21.6299991607666,45900
2026-01-14,22.079999923706055,22.200000762939453,21.510000228881836,21.540000915527344,82300
2026-01-15,22.540000915527344,22.635000228881836,21.860000610351562,22.010000228881836,70900
2026-01-16,22.3700008392334,22.90999984741211,22.354999542236328,22.510000228881836,153100
2026-01-20,21.739999771118164,22.225000381469727,21.649999618530273,21.969999313354492,105600
2026-01-21,22.3700008392334,22.5,21.780000686645508,21.780000686645508,122600
2026-01-22,22.06999969482422,22.6200008392334,22.045000076293945,22.40999984741211,91100
2026-01-23,21.809999465942383,22.010000228881836,21.540000915527344,21.959999084472656,55300
2026-01-26,21.489999771118164,22.229999542236328,21.420000076293945,21.709999084472656,76700
2026-01-27,21.09000015258789,21.625,20.959999084472656,21.489999771118164,89400
2026-01-28,20.75,21.610000610351562,20.65999984741211,21.270000457763672,93600
2026-01-29,21.040000915527344,21.084999084472656,20.53499984741211,20.700000762939453,96200
2026-01-30,20.75,21.1299991607666,20.299999237060547,20.850000381469727,91500
2026-02-02,20.760000228881836,21.010000228881836,20.719999313354492,20.809999465942383,86500
2026-02-03,20.760000228881836,21.399999618530273,20.565000534057617,20.75,62000
2026-02-04,21.809999465942383,21.979999542236328,21.0,21.0,96100
2026-02-05,21.18000030517578,22.209999084472656,21.110000610351562,21.8799991607666,101500
2026-02-06,21.040000915527344,21.459999084472656,20.707000732421875,21.209999084472656,114000
2026-02-09,20.5,21.110000610351562,20.34000015258789,21.110000610351562,100900
2026-02-10,21.350000381469727,21.889999389648438,20.520000457763672,20.520000457763672,155900
2026-02-11,21.639999389648438,21.969999313354492,21.219999313354492,21.3700008392334,81900
2026-02-12,21.549999237060547,22.010000228881836,21.459999084472656,21.700000762939453,65600
2026-02-13,22.149999618530273,22.479999542236328,21.610000610351562,21.84000015258789,53900
2026-02-17,21.420000076293945,22.03499984741211,21.219999313354492,21.989999771118164,142300
2026-02-18,21.479999542236328,21.809999465942383,21.25,21.329999923706055,61900
2026-02-19,21.729999542236328,22.030000686645508,21.260000228881836,21.350000381469727,73300
2026-02-20,21.899999618530273,22.138999938964844,21.389999389648438,21.6200008392334,69100
2026-02-23,21.31999969482422,21.899999618530273,20.739999771118164,21.709999084472656,107900
2026-02-24,21.739999771118164,21.860000610351562,21.0,21.360000610351562,53300
2026-02-25,21.920000076293945,22.100000381469727,21.315000534057617,21.690000534057617,141900
2026-02-26,22.309999465942383,22.389999389648438,21.700000762939453,22.0,92100
2026-02-27,21.920000076293945,22.219999313354492,21.84000015258789,22.1200008392334,144700
2026-03-02,21.549999237060547,21.829999923706055,21.059999465942383,21.739999771118164,141600
2026-03-03,21.190000534057617,21.399999618530273,20.889999389648438,21.170000076293945,149400
2026-03-04,21.290000915527344,21.399999618530273,20.899999618530273,21.399999618530273,78300
2026-03-05,20.649999618530273,21.270000457763672,20.304000854492188,21.010000228881836,88200
2026-03-06,19.850000381469727,20.280000686645508,19.729999542236328,20.280000686645508,71300
2026-03-09,19.709999084472656,19.844999313354492,18.799999237060547,19.549999237060547,128100
2026-03-10,19.90999984741211,20.350000381469727,19.5,19.6200008392334,155800
2026-03-11,19.700000762939453,20.0,19.579999923706055,19.93000030517578,141665
