date,close,high,low,open,volume
2021-02-19,9.157604217529297,9.239126057777115,8.994561400868697,8.994561400868697,1218800
2021-02-22,9.320648193359377,9.664851049848238,9.221010865363285,9.239126350528451,1853700
2021-02-23,10.543476104736328,10.58876525814304,8.985505212926062,9.61050468659212,3229000
2021-02-24,11.521732330322266,11.730065121683332,10.606877609689548,10.842384919446763,3092400
2021-02-25,11.04166030883789,11.66666045422275,10.932964819169865,11.58513862101299,3541800
2021-02-26,10.923907279968262,11.23187739563708,10.624993609870236,10.90579093348689,2351800
2021-03-01,10.923907279968262,11.648543862524244,10.769921790216378,11.322457400374052,2063200
2021-03-02,10.733689308166504,11.141297577018484,10.72463113547682,10.942022097019889,1592600
2021-03-03,10.579705238342283,10.951081729784953,9.73731407025575,9.80071955986742,17943400
2021-03-04,10.84238624572754,11.431153728305894,10.552530727556729,10.61593708106894,6154300
2021-03-05,11.630431175231934,11.675721188485795,10.756337115622465,11.249996446035738,4662200
2021-03-08,11.594198226928713,11.992748404953089,11.2771690283512,11.911226561671151,1976100
2021-03-09,11.576080322265623,11.86593582207751,11.322457515785809,11.603254842264676,2852400
2021-03-10,11.458327293395996,11.757240119217805,11.123182636075637,11.512675472561329,2314300
2021-03-11,11.884053230285645,12.042567833955143,11.666662218082667,11.739125888816991,1929200
2021-03-12,11.521732330322266,12.092384259117877,11.399449589044298,12.001804258800512,1371500
2021-03-15,11.44021224975586,11.53984957425193,11.169379234095556,11.385864068499345,1252800
2021-03-16,10.98731517791748,11.322459886909794,10.706517792634658,11.17753253857097,2161400
2021-03-17,10.742748260498049,11.132241107392018,10.534415439772914,10.896733764440546,2449800
2021-03-18,9.918472290039062,10.72463155005136,9.836950460350357,10.670283375647248,2659700
2021-03-19,10.588763236999512,10.620466847702064,9.80977837170171,9.963763882630996,4149500
2021-03-22,10.389488220214844,10.570647384472093,10.153980874762905,10.5162992032774,1893000
2021-03-23,9.728254318237305,10.10868892186311,9.447457883649369,9.96376161835516,3346200
2021-03-24,9.800722122192385,10.26267874571395,9.728258439738244,10.02717134582038,1860000
2021-03-25,10.262675285339355,10.262675285339355,9.465574183275578,9.519922358708651,2107200
2021-03-26,10.79709529876709,10.810682558442709,10.289848834064806,10.56158798073264,2253000
2021-03-29,10.43477725982666,10.70651554910208,10.226443592369224,10.652168236780977,2110200
2021-03-30,10.525357246398926,10.557059991769838,10.235502587196278,10.31702442605578,1571800
2021-03-31,10.398544311523438,10.729160719348956,10.398544311523438,10.50724066117028,2137300
2021-04-01,11.04166030883789,11.046189395553428,10.407602853856918,10.543472863818174,1560400
2021-04-05,10.579705238342283,11.05071905115115,10.434777911324174,10.978255387642092,1407000
2021-04-06,10.634052276611328,11.105066940966305,10.443834948904124,10.742747769039015,1752600
2021-04-07,10.84238624572754,10.851443555799277,10.54347341748499,10.6702843968394,1406200
2021-04-08,10.615937232971191,10.833328226833668,10.384958978054176,10.715574555866072,1943100
2021-04-09,10.552531242370604,10.769923107563107,10.47101026473785,10.606879424627492,856100
2021-04-12,10.21738624572754,10.878618267257655,10.199270761433098,10.715574589432553,1339100
2021-04-13,9.86412525177002,10.235501718306075,9.859596165125073,10.20832806227135,1619800
2021-04-14,10.606879234313965,10.851443890494243,9.990937211017652,9.990937211017652,1951200
2021-04-15,10.43477725982666,10.634051890117307,10.244559939032897,10.59782006062492,1041300
2021-04-16,10.06340217590332,10.489126915422116,10.061590713599262,10.489126915422116,684100
2021-04-19,10.027167320251465,10.244559144173646,9.855066359474412,10.0090518388283,1270200
2021-04-20,9.65579319000244,9.999996057707875,9.447460352721176,9.954706047566487,1346500
2021-04-21,9.791662216186523,9.882241363344349,9.320647541159824,9.34782119892367,1082500
2021-04-22,9.73731517791748,9.90941618236997,9.628619670289313,9.90941618236997,1343500
2021-04-23,9.746373176574709,9.981880537427296,9.677532430504703,9.746373176574709,1032800
2021-04-26,9.954703330993652,10.018109673422464,9.664848727324312,9.719196033594883,1069400
2021-04-27,9.972821235656738,10.081516729035627,9.728255727677992,9.963763061916415,907100
2021-04-28,10.525357246398926,10.620466346346683,9.990937070617775,10.027168903018108,1479000
2021-04-29,10.597819328308104,10.824268462946462,10.48912384734188,10.733689327392057,1247800
2021-04-30,10.199270248413086,10.688400393450276,10.172095727585756,10.344197570818924,959500
2021-05-03,10.344197273254396,10.457421848606272,10.199269955017582,10.43477727906988,2062100
2021-05-04,10.335140228271484,10.471010251828671,9.87771279024888,10.362313887448902,1202700
2021-05-05,10.923907279968262,11.29528374448694,10.353255323329217,10.461950810712612,2183200
2021-05-06,10.869562149047852,10.987315842656091,10.63405476183137,10.987315842656091,1140000
2021-05-07,11.159415245056152,11.18658976844958,10.543474066667834,10.67028505383025,1463800
2021-05-10,11.05977725982666,11.612312911779446,11.05977725982666,11.286226424963296,1339100
2021-05-11,10.84238624572754,11.177530905762064,10.452893406087544,10.6702843968394,1403200
2021-05-12,10.851444244384766,11.286227117312912,10.778980576202583,10.978256095621116,1195000
2021-05-13,10.534414291381836,11.177529895435008,10.307965147191776,10.679341605449888,1670700
2021-05-14,11.240937232971191,11.35416182373655,10.733691550090024,10.733691550090024,1077800
2021-05-17,11.630431175231934,11.639489350649738,11.168474594945817,11.168474594945817,1105200
2021-05-18,11.050721168518066,11.675721465830248,11.041662992885096,11.594199612803862,1481800
2021-05-19,10.7608642578125,10.982784332415545,10.561588753824768,10.661226937736132,1637500
2021-05-20,10.81521224975586,10.8695604320033,10.534415755676736,10.778980416202584,1048400
2021-05-21,10.69745922088623,10.996372057576515,10.69745922088623,10.914850217781886,1020600
2021-05-24,11.005430221557615,11.068836581780008,10.543474533280792,10.887677403648398,1339100
2021-05-25,10.615937232971191,11.02354556242209,10.588762710862117,10.896733717418137,1131300
2021-05-26,11.032605171203612,11.086952494819368,10.498184927249593,10.57970677650836,1334100
2021-05-27,11.367749214172363,11.413039223757728,11.186590039665989,11.358691039488274,1396300
2021-05-28,11.702893257141112,11.770827835852634,11.26358217522725,11.367748586840582,2867800
2021-06-01,12.463763236999512,12.500900370881237,11.920284852380636,11.956516687099557,3223900
2021-06-02,13.03441333770752,13.134050652365572,12.318834060856172,12.68115235400814,3346600
2021-06-03,12.898544311523438,13.070646161744383,12.789848815305742,12.907602485500334,1389500
2021-06-04,12.835139274597168,13.106878456654728,12.635863759243618,13.07970393376444,1290400
2021-06-07,13.08876132965088,13.21557317075871,12.961950352378045,12.989124009817225,1981500
2021-06-08,13.432963371276855,13.546187945116907,12.690210443313305,12.998181422371834,1765600
2021-06-09,13.215572357177734,13.541658817878243,13.152166872444704,13.532600644677828,1142300
2021-06-10,13.36955738067627,13.442021036086311,13.007238239791151,13.442021036086311,978300
2021-06-11,13.713762283325195,13.713762283325195,13.487313109409332,13.577892260674652,1341800
2021-06-14,13.749994277954102,14.048000958951611,13.60506694316084,13.876805263980678,1765100
2021-06-15,14.474632263183594,14.501806788795374,13.749995523572128,13.83604559650403,2293600
2021-06-16,14.338759422302246,14.628614043995787,14.157600283743784,14.420281250612282,1623700
2021-06-17,13.5054292678833,14.519922377811936,13.269921907941471,14.31158867822183,3593900
2021-06-18,12.817022323608398,12.998182345689017,12.255428501129495,12.300718506649652,5643400
2021-06-21,13.315211296081545,13.36503039092962,12.84419746202398,12.961951136497134,2920400
2021-06-22,13.550718307495115,13.614123798387824,13.070646311089572,13.242747299441929,1934900
2021-06-23,13.931150436401367,14.166657736472889,13.600534917359544,13.713759481182212,2265300
2021-06-24,14.18477725982666,14.202893609841768,13.80887163536431,13.94926989264094,1792800
2021-06-25,14.682965278625488,14.682965278625488,14.175719555067303,14.338763255271434,4834000
2021-06-28,13.89492130279541,14.68296345219627,13.596008465493348,14.646732483141207,2266600
2021-06-29,13.84963035583496,14.266296837712012,13.759050347839306,14.09419585912224,1440000
2021-06-30,14.157600402832031,14.32970136995149,13.931151261770422,14.03078857285696,1998100
2021-07-01,14.565210342407228,14.836948651554026,14.483688504129178,14.701079496980626,2733900
2021-07-02,14.45651626586914,14.818835486709444,14.429342605052526,14.556153598086794,1169900
2021-07-06,13.759050369262695,14.392202535657518,13.591478477195288,14.384050524968911,1644900
2021-07-07,13.632240295410156,14.103254122878692,13.396732949758372,13.804341285641824,1741300
2021-07-08,13.586949348449709,13.777166673881402,13.224631044691703,13.333326535819106,1491100
2021-07-09,14.039850234985352,14.148545746047605,13.514488166266904,13.749995538819348,1308000
2021-07-12,14.284416198730469,14.320648036806332,13.641300425007524,13.795285088953577,961400
2021-07-13,14.039850234985352,14.266299432323825,14.0036183979646,14.211951244875133,826500
2021-07-14,13.360501289367676,14.384051661298082,13.233689440725264,14.221007979305703,2984100
2021-07-15,13.03441333770752,13.451079806749757,12.853253327296589,13.079702476475305,2219000
2021-07-16,12.481878280639648,13.18387124124459,12.44564644720317,13.170283979767769,1931100
2021-07-19,11.838762283325195,12.237313304662027,11.585139455824049,11.902168638076752,3395000
2021-07-20,12.38223934173584,12.427529343590717,11.684775559141569,11.829703737844165,1621700
2021-07-21,12.71738338470459,12.971006173984112,12.631332471546663,12.70379612562653,1251300
2021-07-22,12.59057331085205,12.817022477333811,12.327892312286606,12.789848819229809,1500900
2021-07-23,12.409415245056152,12.681154441571124,12.318836088774557,12.681154441571124,948300
2021-07-26,12.961952209472656,13.02082861966543,12.509053822701684,12.509053822701684,1243000
2021-07-27,12.59057331085205,12.830609738303323,12.318835002141949,12.780790645250132,1245900
2021-07-28,12.907601356506348,12.989123187497873,12.49093489219906,12.717384038804436,1363000
2021-07-29,12.807964324951172,13.20651445166344,12.717384318780905,13.20651445166344,703500
2021-07-30,12.68115234375,12.726442346316098,12.418471365468577,12.726442346316098,1208900
2021-08-02,12.581517219543455,13.170284763898966,12.38224169186086,12.762676397511685,2387400
2021-08-03,12.76267433166504,12.971007136647668,12.155790535829182,12.87136982085184,1856600
2021-08-04,12.083328247070312,12.726443945588352,11.974632745553398,12.499994768136016,2820100
2021-08-05,12.889486312866213,13.197457321589471,12.255428811054516,12.291660643619895,1532000
2021-08-06,13.11593532562256,13.650355497451866,13.061588009341452,13.369559014384444,1216800
2021-08-09,12.581517219543455,12.789850058248142,12.42753170231169,12.69927090118158,1037500
2021-08-10,13.0615873336792,13.197456481188611,12.590572676487952,12.753616344567224,1693900
2021-08-11,13.489689826965332,13.498797667425974,12.706358216165572,12.9978308272639,1242300
2021-08-12,13.662747383117676,13.726506592936252,13.334841758638325,13.42592621999999,941200
2021-08-13,13.125347137451172,13.635423472108975,13.107130590849556,13.626314764481084,1084800
2021-08-16,12.715462684631348,12.952283830713624,12.633486067244863,12.815655845518146,822300
2021-08-17,12.660812377929688,12.970501461276433,12.478642584388687,12.59705316735386,715900
2021-08-18,12.178064346313477,12.943178482191476,12.178064346313477,12.66081460113012,1415000
2021-08-19,11.91391372680664,12.232711461783865,11.663430412648784,11.886588479671262,1957000
2021-08-20,12.023218154907228,12.086978236728752,11.649769845805404,11.768180433583517,1160700
2021-08-23,12.715462684631348,12.756450993324588,12.442207582894415,12.515075494203726,766800
2021-08-24,13.052477836608888,13.088911794622252,12.797440130515326,12.8885245912217,1045200
2021-08-25,13.21643352508545,13.425928605224447,12.897635682047396,13.016046284642837,864000
2021-08-26,13.15267276763916,13.261975524989868,12.897635027347295,13.16178147552742,1342100
2021-08-27,13.744725227355955,13.881352365862195,13.380384743582376,13.407710866206957,1009600
2021-08-30,14.054413795471191,14.33677676919504,13.813038266803794,14.227474888851535,1297200
2021-08-31,14.282127380371094,14.409645816418138,13.79937628527981,13.899570334921568,1991700
2021-09-01,14.163718223571776,14.38232202358104,13.990656230407064,14.32767063925158,1234700
2021-09-02,14.901506423950195,15.083675379951552,14.373212629467591,14.373212629467591,1620200
2021-09-03,14.482514381408691,15.174760576926053,14.427863868878193,14.783094806289132,1916500
2021-09-07,14.309452056884766,14.550827594671349,14.222921072598382,14.354994725912029,1566400
2021-09-08,14.500730514526367,14.569044083470004,14.07263081720986,14.409645176832075,1074500
2021-09-09,14.655574798583984,14.992588283370136,14.34588569848908,14.455187580524786,1484600
2021-09-10,14.591815948486328,15.192976749002996,14.573598533365622,15.156541918761585,1018500
2021-09-13,14.87417984008789,15.12921845539538,14.61003425397338,14.892397256318803,1138400
2021-09-14,14.473403930664062,15.101889923307402,14.40964385267555,15.101889923307402,982400
2021-09-15,15.420689582824709,15.466231384371694,14.673792918680554,14.855961862176873,1627700
2021-09-16,15.657508850097656,15.703050646051798,15.03448756099631,15.3387110664942,1313400
2021-09-17,15.22029972076416,15.70305075277656,15.183866631214864,15.657508956512896,4233800
2021-09-20,14.71022605895996,14.937938542031503,14.309452470961888,14.64646684166927,1694300
2021-09-21,14.60092544555664,15.029024300191674,14.528056649787777,15.029024300191674,1268300
2021-09-22,14.837745666503906,15.120108648326749,14.773984714329954,14.919720558968086,1351900
2021-09-23,15.739486694335938,15.848787708032914,14.737551469802783,14.84685248349976,1763900
2021-09-24,15.13832664489746,15.247627663921609,14.591816337851608,15.060903497222682,5707300
2021-09-27,16.249563217163086,16.495493120165765,15.402472487248344,15.557317047956504,3922100
2021-09-28,16.295106887817383,16.72320752448893,16.094720501642758,16.577471655033094,2569300
2021-09-29,15.967202186584473,16.395301089604146,15.739489671451082,16.395301089604146,1831800
2021-09-30,16.20401954650879,16.39529717969732,15.639291879236938,16.103825507805347,2586800
2021-10-01,16.796070098876953,16.8871554225448,16.204018100998,16.204018100998,2415300
2021-10-04,17.47010040283203,17.479209109809986,16.94180755926803,17.123976486902524,2382400
2021-10-05,17.269712448120117,17.861766244787283,16.623009883808663,17.697812992621497,2712900
2021-10-06,17.078433990478516,17.28792903047443,16.74597401727418,16.914480746200617,3040600
2021-10-07,17.251497268676758,17.5429689532372,17.060217889866294,17.333473897122918,2916700
2021-10-08,18.025718688964844,18.271646818881766,17.456437554078004,17.561185074420205,2955200
2021-10-11,18.21699333190918,18.781720889613823,18.11679931264516,18.544899767822063,2238900
2021-10-12,18.0894775390625,18.65420344076899,17.90730688459118,18.11680192111752,1939800
2021-10-13,18.46293067932129,18.608666546354304,17.697816508743685,17.852661084629833,2978200
2021-10-14,18.62688064575196,18.86370008451068,18.38095076245451,18.836375700127583,2189700
2021-10-15,18.453819274902344,19.4830789026417,18.453819274902344,19.218933333719058,2608700
2021-10-18,18.86370086669922,19.32823453086476,18.59500181014636,18.78172597284256,2010300
2021-10-19,18.663318634033203,19.10052627195489,18.608668113620173,18.982116521508544,2037200
2021-10-20,18.97300338745117,19.0139917025298,18.0894796080221,18.399168713658742,1922800
2021-10-21,18.77261543273925,19.09141148136338,18.58133606625661,18.96389306191373,1358700
2021-10-22,19.08230972290039,19.12785153162366,18.66422813567809,18.909247722596422,1861200
2021-10-25,19.83831024169922,20.05053807482038,19.346450491685456,19.346450491685456,1772500
2021-10-26,19.99315643310547,20.12067486592969,19.674358613736565,19.89296238599595,2231400
2021-10-27,19.437536239624023,20.056914425205093,19.33278871372549,19.674357412776093,2291400
2021-10-28,19.47397232055664,19.747228364134063,19.18705582016684,19.410213098247795,1899500
2021-10-29,19.018539428710938,19.49218165124075,18.699743449419515,19.3828806690002,2114600
2021-11-01,19.71990203857422,19.783661260236386,19.17339169427088,19.264477041206185,2345200
2021-11-02,18.818159103393555,20.10245734445503,18.63598842548495,19.62881497173933,2409300
2021-11-03,18.43560218811035,18.80540738103324,18.308083755139823,18.42649348042555,2103200
2021-11-04,18.58134078979492,19.246260913536805,18.490255436758414,19.0640919447724,1922500
2021-11-05,18.845483779907227,18.98120055969831,18.41738324087064,18.918351698016487,1228000
2021-11-08,19.182497024536133,19.45575301721994,18.854592265547023,19.036761190028045,1659400
2021-11-09,19.100521087646484,19.384706496353928,18.55401255723336,19.10962979479447,914500
2021-11-10,18.262540817260746,18.991221820231686,17.834441965847553,18.90013647769677,1856400
2021-11-11,18.34451484680176,18.75439796134931,18.335406140110905,18.56311859545773,1009600
2021-11-12,18.46293067932129,18.5813404197949,17.998396951662844,18.13502410984272,1807200
2021-11-15,18.672422409057617,18.681531116270733,18.04393550981863,18.535795275477383,1375800
2021-11-16,18.499357223510746,18.71705059724356,18.15323509625792,18.64509303891277,986700
2021-11-17,17.89820098876953,18.64509766223579,17.72513901357591,18.198781399732987,1710300
2021-11-18,18.1350212097168,18.317191883029885,17.615837049275285,18.153238624509765,1493900
2021-11-19,17.433666229248047,17.542968979777715,16.814288029965926,17.40634184459684,2345600
2021-11-22,17.488319396972656,18.162348138470467,17.33347483897259,17.33347483897259,1395000
2021-11-23,18.03483009338379,18.344519245905065,17.624948617852862,17.81622629230558,1556500
2021-11-24,18.380952835083008,18.48114688860757,17.80711637601675,17.80711637601675,880100
2021-11-26,17.142196655273438,17.36990915438665,16.7414221703878,17.12397923839034,1684500
2021-11-29,17.62494659423828,18.098588977513938,17.297040061615384,17.798008568379075,1202900
2021-11-30,17.27882194519043,17.68870509434568,16.93269974825468,17.10576171537671,2460000
2021-12-01,16.522815704345703,17.90730789173144,16.50460002772058,17.852657387239642,1792900
2021-12-02,16.9235897064209,17.114869073380984,16.021848586687216,16.42262299678269,1863100
2021-12-03,16.714099884033203,17.470105406658256,16.46816993711321,17.306152108711593,1461000
2021-12-06,17.834442138671875,18.09858946085201,16.714097105368392,17.142195960930064,2295900
2021-12-07,18.827266693115234,19.49218667457658,17.29703864892983,17.315256063100666,4140400
2021-12-08,19.14606666564941,19.364670448594232,18.78172702740805,19.16428408188859,1945900
2021-12-09,18.50847053527832,19.07228617657888,18.49025311949237,18.82726836229889,1935600
2021-12-10,18.617774963378903,18.918355401586552,18.098590728048297,18.818161343081155,2304100
2021-12-13,17.89820098876953,18.52668793435072,17.679597211460507,18.444711300696284,1607400
2021-12-14,17.47920799255371,17.925524182096158,17.351687840321507,17.552075906411496,2056600
2021-12-15,17.397232055664062,17.5885096855636,16.244095492828563,17.397232055664062,2806700
2021-12-16,17.114871978759766,17.971069710130806,17.060219729031726,17.570296969309307,2245600
2021-12-17,16.859834671020508,17.032896667347156,16.32243300135507,16.814291126035283,4343600
2021-12-20,16.276887893676758,16.449948117608308,15.693942797213298,16.194911266632026,2176600
2021-12-21,16.9964599609375,17.005568668932153,16.486384474395837,16.568361109039298,1642700
2021-12-22,17.178632736206055,17.424560932748225,16.586578805681864,16.859834866841172,976000
2021-12-23,17.060216903686523,17.292484583293643,17.01467510709714,17.205952737542365,628000
2021-12-27,17.907312393188477,17.91642110244485,16.66855573126011,16.96913618748583,873500
2021-12-28,17.6158390045166,18.180565027313083,17.460994436206246,17.925528141137313,610700
2021-12-29,17.670488357543945,17.79345330700939,17.3243661473255,17.497426383780535,743300
2021-12-30,17.251497268676758,17.94374338816194,17.19229153984158,17.834440637797638,655100
2021-12-31,17.18773651123047,17.29703751447029,16.987348443110594,16.987348443110594,595900
2022-01-03,18.04393768310547,18.062155099725885,17.142196408096552,17.342584516304182,1021800
2022-01-04,19.182497024536133,19.291799769071293,18.06215214526463,18.06215214526463,1149000
2022-01-05,18.1623477935791,19.218933556112688,18.12591296306702,18.699749382473914,1419700
2022-01-06,18.39916610717773,19.3737750861942,18.28986337001612,18.95478328726741,1932500
2022-01-07,18.11680030822754,18.58588909367164,18.07125851731823,18.52668337564317,1100400
2022-01-10,17.952848434448242,18.116801673772382,17.542967073445972,17.898197933776224,1160900
2022-01-11,19.12784767150879,19.346451436420462,17.879982558999473,18.235215197125704,1675700
2022-01-12,19.237150192260746,19.5832723815658,19.000329015448536,19.364668619271825,1026100
2022-01-13,19.182497024536133,19.565054024446912,18.918351475980792,19.08230472412944,1447800
2022-01-14,20.24818992614746,20.26640733846181,19.26447224617737,19.26447224617737,1939000
2022-01-18,19.44664764404297,20.80381392136952,19.355562297534053,20.503233494006032,2368500
2022-01-19,19.53773307800293,19.856529186248345,18.919265153389844,19.692577646568623,1430600
2022-01-20,18.654205322265625,19.738117177348244,18.599554815335328,19.146065096563184,1211100
2022-01-21,18.080368041992188,18.699746155340858,17.907306101542872,18.453816303751,1507600
2022-01-24,18.73617935180664,18.863697762721184,17.306145501494537,17.54296664841301,1726900
2022-01-25,19.77455139160156,19.95672207478388,18.07126297427303,18.599555870731663,1403000
2022-01-26,19.74722671508789,20.703618444471484,19.410211477345,20.266410896028034,1755400
2022-01-27,19.85652542114257,20.639856823861766,19.33734130066429,20.29373465597896,978300
2022-01-28,19.783655166625977,20.05691112326568,19.03220519480969,19.87474048550588,1370100
2022-01-31,19.70168113708496,20.184432174341858,19.136955213124544,19.820092588349947,1435300
2022-02-01,20.58520698547364,20.667183611069845,19.319124510881185,19.4830777620736,1417900
2022-02-02,20.47590446472168,21.09528264836446,19.92939420048933,20.721834344222472,1036300
2022-02-03,20.78559684753418,20.967767543557528,19.95672348151412,20.175327274357027,1467100
2022-02-04,19.94761085510254,21.259235091854418,19.838309848802982,20.52144721875381,4180400
2022-02-07,19.98404693603516,20.293736035496583,19.3828861517414,19.738117050467267,1880000
2022-02-08,18.79083251953125,19.82009387104048,18.626880998205632,19.410210724455688,2656600
2022-02-09,19.59238243103028,19.63337074785013,18.690641198301897,18.73618300040912,2632200
2022-02-10,19.11874008178711,20.22997638604271,18.95478681419187,19.43753790907692,1674200
2022-02-11,19.79924964904785,19.97397468960583,19.26587468761518,19.43140339645628,1070600
2022-02-14,19.16471672058105,19.744071584395503,18.94401002226979,19.744071584395503,1625200
2022-02-15,18.49340438842773,18.787680051329083,18.24510864009673,18.43822638611775,1572400
2022-02-16,18.66812896728516,19.40841714859158,18.52099113977321,18.83365946174141,1265200
2022-02-17,19.0451717376709,19.82684261926519,18.62215088058542,18.6773271328093,1786800
2022-02-18,18.87044334411621,19.20150255354239,18.53018604790413,18.603754956001183,1264600
2022-02-22,18.548582077026367,19.688901236326306,18.30028630941503,19.504978055720542,1941600
2022-02-23,18.80606842041016,19.4497958473698,18.649734290973218,18.90722456014872,1955000
2022-02-24,19.155527114868164,19.679705926661903,18.557779377805502,19.532568076124065,2833700
2022-02-25,19.27507400512696,19.284270339105248,18.67732632870856,19.265879425170013,1248300
2022-02-28,20.553335189819336,20.59011876961019,19.307260948284867,19.33944723835983,2253100
2022-03-01,20.72805976867676,21.518925065605348,20.38780248391297,20.921177488175964,2290300
2022-03-02,21.0499210357666,21.390178294687832,20.50734974025657,21.16947159458525,1670700
2022-03-03,20.85680389404297,21.07751060010436,20.28664358786863,20.847607562037787,1213900
2022-03-04,21.88677024841309,21.9787318216964,20.85680553889919,20.902785448530285,1914100
2022-03-07,21.932750701904297,23.01789334792704,21.3441977177778,22.15345741319385,2635000
2022-03-08,21.684457778930664,23.183425043379263,21.30741687946748,22.69603165110899,2377600
2022-03-09,21.325807571411133,21.42696372144658,20.24802125094361,20.73725456619803,2904000
2022-03-10,21.15108108520508,21.35339514239857,20.1395072911954,20.18548895466285,10894500
2022-03-11,20.672882080078125,21.086708276591786,20.236065929096167,20.774039984563927,2634100
2022-03-14,19.88201713562012,20.38780315927152,19.26587687287,20.38780315927152,3331700
2022-03-15,19.826839447021484,20.30044094440085,18.85205096159656,19.13713026549966,3048800
2022-03-16,20.0107650756836,20.121117576144133,19.49578264748455,19.891214487159747,2033100
2022-03-17,21.399375915527344,21.518924727526592,20.59931254469194,20.68207778146874,1848100
2022-03-18,21.344202041625977,21.69365572080821,21.06831903513169,21.61089046805565,4257200
2022-03-21,22.13507080078125,22.668445937401707,21.868384109481774,21.91436402914742,2147800
2022-03-22,22.052303314208984,22.281287290178568,21.353397730968613,22.1074813170589,1647700
2022-03-23,22.44773292541504,22.907539010333856,22.34657502544617,22.53049816102211,1346500
2022-03-24,22.438539505004883,22.5718837079,22.1718528532359,22.53050108472638,1162600
2022-03-25,23.39493751525879,23.41332842829077,22.227029467695857,22.227029467695857,1600700
2022-03-28,22.640853881835938,22.953520426439614,22.32818558321113,22.843167941055054,1626000
2022-03-29,22.769603729248047,22.879956237393905,21.74883338178065,22.01092278115393,1339600
2022-03-30,22.594871520996094,23.54207272044078,22.484519039015225,23.082266619471312,1855800
2022-03-31,21.748828887939453,22.85236426550953,21.638476402595124,22.19024233735903,1966900
2022-04-01,21.94194984436035,22.30059807688741,21.583299857812044,21.69365410460104,1605200
2022-04-04,22.23622703552246,22.571885334780625,21.951147696457685,22.40175754014761,2003800
2022-04-05,22.098285675048828,22.71442602732424,21.94195150345592,22.55809185573133,1676400
2022-04-06,21.62928009033203,22.521303322799643,21.4177696982038,22.374165506186863,1510200
2022-04-07,22.374164581298828,22.48451881620723,21.666062771857657,22.043103630594683,1262300
2022-04-08,23.51448631286621,23.744389388672914,22.46612884847445,22.46612884847445,1828500
2022-04-11,23.10065650939941,23.431715669593046,22.447731012367584,23.30297053807446,1843200
2022-04-12,23.496097564697266,24.47088803159609,23.38574505215652,23.60645183125958,1689600
2022-04-13,23.93750762939453,24.16741069314738,23.450112502790866,23.909918630296563,1493000
2022-04-14,24.13062858581543,24.378924348815648,23.827156571266745,23.900725491338505,1542200
2022-04-18,24.25017738342285,24.67319820403949,24.034067929313192,24.406511546264063,1739800
2022-04-19,23.882333755493164,24.46628784875231,23.74439224422425,24.14902219743167,1394100
2022-04-20,24.20419883728028,24.411111984495395,23.753588957801508,24.277767761398817,931400
2022-04-21,22.898345947265625,24.55364914170753,22.686835538971447,24.434098560309074,1288700
2022-04-22,22.07988929748535,23.109853986930467,21.82239724811353,22.65004788349434,1625900
2022-04-25,21.537322998046875,21.7856187730056,20.295845877274765,21.33500889661097,2536500
2022-04-26,21.105104446411133,22.01552047590044,21.091309068222472,21.46375270693139,1225100
2022-04-27,21.19706153869629,21.54651517393364,20.93037489982467,21.30741577982944,1225900
2022-04-28,22.098285675048828,22.42014859830948,20.72806346709753,21.43616365229234,1337400
2022-04-29,21.371789932250977,22.410952827639253,21.16947585494643,22.070695500241168,1304500
2022-05-02,21.27982711791992,21.45455393830468,20.52574534597258,20.994747808676188,1470000
2022-05-03,22.392560958862305,22.512109791981928,21.298221776829177,21.353398026421207,1547100
2022-05-04,23.413328170776367,23.50069246130783,22.15346030984649,22.990307357331663,1084300
2022-05-05,22.88915061950684,23.78117571336896,22.236226698947583,23.569663541759805,1212600
2022-05-06,23.60644721984864,23.634036219605218,22.438539207138177,23.27538623885449,1684600
2022-05-09,21.141883850097656,23.155835019460632,20.92117713693776,23.03628445356921,2472500
2022-05-10,20.479766845703125,21.54651699962013,20.05674426520704,21.29822125154773,3454200
2022-05-11,20.691280364990234,21.859188611001525,20.571731516873115,21.1234975900556,2271000
2022-05-12,20.792436599731445,20.875201854757275,19.726605479983125,20.63610242401837,1916100
2022-05-13,21.82239532470703,22.16265258302907,21.19705879850713,21.29821669363385,1679400
2022-05-16,21.978731155395508,22.54889148925029,21.822397011759605,21.822397011759605,1414300
2022-05-17,22.622465133666992,22.86156456543185,22.135069935759223,22.31899311527725,1335000
2022-05-18,21.85918426513672,22.82477645525647,21.33500554741336,22.66844229786343,1967700
2022-05-19,22.11667823791504,22.613269792000988,21.15108588810993,21.2890274017933,1660200
2022-05-20,22.548891067504883,22.76959778015325,21.863779221850137,22.3741642622337,1197700
2022-05-23,23.56966209411621,23.57885842744928,22.35117686883491,22.714424142395583,1531300
2022-05-24,23.45931053161621,23.771978861243497,22.797190291593232,23.43172153052393,876000
2022-05-25,24.36972618103028,24.47088409627608,23.47770287302136,23.588055367815613,1096900
2022-05-26,24.77435302734375,25.289335365478504,24.57203722184644,24.59962621914727,1342300
2022-05-27,25.942262649536133,26.006636985175724,24.57204050616244,24.77435633870142,1700700
2022-05-31,25.3904972076416,26.806699295745595,25.057596236370102,26.49403096057562,2077800
2022-06-01,26.061811447143555,26.23193922319342,25.280140679585667,25.85030104945765,1409700
2022-06-02,25.178985595703125,25.24335993415497,23.93751031535237,24.45249274481749,7006300
2022-06-03,25.7491455078125,25.84110709257324,25.15139783789969,25.31692833966476,2398300
2022-06-06,26.00663375854492,26.19055514691797,25.703161801409365,26.17216248187433,1877900
2022-06-07,27.340072631835938,27.340072631835938,25.629594985747296,25.693967564629503,1987300
2022-06-08,27.03660011291504,27.8734471298037,26.834286047015105,27.61595681938946,2895100
2022-06-09,26.843481063842773,27.192932933993063,26.59518534467169,26.852677396481084,1422600
2022-06-10,26.48483085632324,26.815891812084136,25.98824117670299,26.54920518418204,1769000
2022-06-13,25.02265167236328,25.684773699394576,24.42490398442112,25.43647793925784,2236500
2022-06-14,25.09622001647949,25.873291763283746,24.489274296689725,25.546829824154848,1977800
2022-06-15,24.8755111694336,25.436475214688425,24.213390967345173,25.06863065797264,2359900
2022-06-16,23.321367263793945,24.351332003419376,23.29377826479604,23.909918543579906,4128500
2022-06-17,21.85918426513672,23.59725090896076,21.04992447838879,23.293778927435586,13612800
2022-06-21,22.71442413330078,22.79718937924403,22.30059790358453,22.51210830809673,2858600
2022-06-22,21.307416915893555,22.227029209623925,21.233848002555973,21.27982791563399,4397400
2022-06-23,20.10272789001465,21.62008801919209,19.744077856557087,21.54651909638414,2970000
2022-06-24,19.50497436523437,20.80162921052748,19.36703288289033,20.27744877118634,7634700
2022-06-27,20.047548294067383,20.51655079756805,19.73487995840027,19.882019546380093,3407500
2022-06-28,20.939571380615234,21.07751286748985,20.17629328228642,20.70047198482268,2402100
2022-06-29,20.332624435424805,21.435238814678268,20.14870131071252,21.233843887668986,3533700
2022-06-30,19.30265998840332,20.396999004382685,19.09114960204376,19.87282032774331,3605500
2022-07-01,19.35783576965332,19.74407295705549,18.677322964043984,19.56015157268653,2815100
2022-07-05,17.656558990478516,18.94401601490432,17.399066883984766,18.861250757603525,4100900
2022-07-06,17.62896728515625,17.80369410757322,16.562217192332685,17.307102639868525,3271500
2022-07-07,18.74169540405273,18.953207537915343,18.189929500817488,18.281889315342674,1686300
2022-07-08,18.57616806030273,19.17851295851853,18.37385224372361,18.852051032338245,1238800
2022-07-11,18.346267700195312,18.41983662050498,17.78070454241432,18.272698779885648,1589300
2022-07-12,17.84967803955078,18.042797571826107,17.288713867252934,17.537009657026235,1652200
2022-07-13,18.04279136657715,18.41063588009116,17.394464863377152,17.555396289907968,1316700
2022-07-14,17.803693771362305,17.826683726872734,16.976041340817474,17.36227855706467,1950500
2022-07-15,18.23591041564941,18.39224456460944,17.901171269897972,18.3830482318446,1587700
2022-07-18,18.87964057922364,19.183112558880907,18.69571742317992,18.69571742317992,1159900
2022-07-19,19.99237060546875,20.083413076462342,18.907227842634807,18.99918942074333,1197800
2022-07-20,20.525745391845703,20.539539014478606,19.725683706755923,19.909605106605657,969600
2022-07-21,19.76246833801269,19.91880250092572,19.164720687117462,19.81764458550515,1350500
2022-07-22,19.21070098876953,20.09077066104057,19.12793573884969,19.771665070665943,1062500
2022-07-25,20.68208122253418,20.68208122253418,19.385427969323043,19.58774205175992,1221100
2022-07-26,20.507354736328125,21.141887749973225,20.21307906449891,20.976357246063948,1463500
2022-07-27,21.46375274658203,21.68445950377309,20.55333671541088,20.617709300338937,1358000
2022-07-28,21.472946166992188,21.94194862014093,20.96715838229241,21.730436471764804,1041100
2022-07-29,22.190244674682617,22.33738426067532,21.767223846270205,22.02471592923079,1347700
2022-08-01,21.79481315612793,22.033910820950968,21.114298481097823,21.67526256969507,1286400
2022-08-02,22.089086532592773,22.4017548360266,21.34419935169511,21.794810895012976,2040600
2022-08-03,21.19706153869629,22.613265237462425,20.728060837438576,22.190242692810028,2353700
2022-08-04,20.047548294067383,21.197063718131368,19.992372044838287,21.197063718131368,1849100
2022-08-05,20.38780403137207,20.71886500880843,19.53256434234228,19.69809483106046,1224500
2022-08-08,20.39699935913086,20.63609874726924,20.13031097289228,20.203879880471693,1191800
2022-08-09,20.38780403137207,21.05912056537695,20.14870463144817,20.82002116545305,1258800
2022-08-10,20.85680389404297,20.93037279606344,19.836033843740665,20.378605153899457,1093000
2022-08-11,21.59575653076172,21.928283725421508,21.175479887195365,21.50338943161354,1141600
2022-08-12,21.845149993896484,21.89133530117358,21.207806847787204,21.521859890114136,1048100
2022-08-15,21.170862197875977,21.26323105864314,20.39496658629496,20.95841505136413,1270900
2022-08-16,20.7736759185791,21.780492732785625,20.551991724871616,21.374070830093885,1176000
2022-08-17,21.16162109375,21.309410538033884,20.61664685728225,20.792147483040296,1446100
2022-08-18,22.427074432373047,22.48249504400971,21.40178342725268,21.47567816336472,1108500
2022-08-19,21.95599174499512,22.427071282211443,21.771254049768984,22.29775419083746,1329400
2022-08-22,21.835912704467773,22.002176285350817,20.89375534911271,21.89133507262166,1078200
2022-08-23,22.537918090820312,23.082892489201,22.27928736737841,22.32547092176741,1087500
2022-08-24,23.027467727661133,23.11152269765361,22.38088751183258,22.750361165824888,1219100
2022-08-25,22.92586326599121,23.304574005573027,22.63028432405316,23.10136392343798,1274600
2022-08-26,22.82425880432129,23.22144369363342,22.54253631849228,22.92586473278428,668600
2022-08-29,23.40617752075196,23.81259940502043,22.611807874633858,22.68570260252001,1535000
2022-08-30,22.00217628479004,23.018230130991057,21.59575439395177,22.88891479554724,1466900
2022-08-31,22.048364639282227,22.56100840213445,21.12006010498777,21.355600797720808,1539100
2022-09-01,20.8013858795166,21.5680443316494,20.709017030459428,21.49414960476151,1634900
2022-09-02,21.41101837158203,21.762017892947124,21.24475479132882,21.327886581455424,1281900
2022-09-06,20.95841217041016,21.77125415749068,20.949175109424225,21.74354473632212,2224900
2022-09-07,20.367250442504883,20.65359401737116,20.034725091179062,20.422672802550064,2104300
2022-09-08,20.64435768127441,20.806001832601737,20.311830556499213,20.45038293789251,1470200
2022-09-09,21.41101837158203,21.660413741961847,21.11082004481492,21.198571246498176,1274400
2022-09-12,21.817440032958984,22.02988715582336,21.42949227035092,21.808202971731497,991500
2022-09-13,21.180095672607425,21.97446527414796,21.101581537627883,21.43872632480076,1139400
2022-09-14,22.32546615600586,22.58409858602781,21.41101823234904,21.531096505201447,1516300
2022-09-15,21.198570251464844,21.86362277947168,20.99535843545417,21.60499035990774,1793400
2022-09-16,20.967649459838867,21.25399130636555,20.284121033746647,21.25399130636555,3207900
2022-09-19,20.74596405029297,21.0138335433172,20.08091149107829,20.164043281203785,994000
2022-09-20,20.8013858795166,20.84756942315056,20.191753942244222,20.84756942315056,1339200
2022-09-21,19.905412673950195,21.434112108272927,19.905412673950195,21.27246792476289,3243100
2022-09-22,19.4897518157959,20.543675219499328,19.4897518157959,20.23793609431413,1340000
2022-09-23,17.52230453491211,18.5383584289712,17.356042707991367,18.473700758203787,4286700
2022-09-26,16.912675857543945,17.66086215302243,16.78336049072582,17.429940848395923,2031800
2022-09-27,17.282142639160156,17.68856446508109,16.7953620920113,17.143590264488413,1718200
2022-09-28,18.122699737548828,18.29819861191728,17.171303592028835,17.402224832629773,2061700
2022-09-29,18.18735885620117,18.362857744591988,17.522304502587495,17.89177992650149,1341900
2022-09-30,18.29819869995117,18.67690939541557,17.836356216527342,18.067277458239257,1868400
2022-10-03,19.886938095092773,19.97930518292494,19.134134349093607,19.2126467261088,2289600
2022-10-04,20.60741233825684,20.84757065528362,20.090149219470344,20.487334060638126,2071700
2022-10-05,21.078493118286133,21.309414386912035,20.27488809007009,20.468861110056903,2127500
2022-10-06,21.789730072021484,21.89133598943625,20.77367618324198,20.875282100656747,1481900
2022-10-07,21.244752883911133,22.16843779190727,21.180095222237668,21.808201241561303,1466600
2022-10-10,20.83833312988281,21.69736046272482,20.745964277422186,21.30017563039664,943900
2022-10-11,20.108625411987305,20.681309197699253,19.850916122806336,20.265651952286944,1183400
2022-10-12,20.949174880981445,21.004595484503465,19.553487221969405,19.95159520863896,2578900
2022-10-13,21.4387264251709,21.697358840364267,20.348779685359084,20.57970091834949,1445800
2022-10-14,20.30259323120117,21.484910511357853,20.256409691935847,21.05077925218089,1044100
2022-10-17,20.86604690551757,21.235520599455807,20.579705012939144,20.782915104157784,780500
2022-10-18,21.25399208068848,21.40178153987935,20.773675457423472,20.995359646209785,1399700
2022-10-19,22.057598114013672,22.11302048523873,21.0600183352249,21.226281925321263,1369400
2022-10-20,21.882099151611328,22.694941213879165,21.7851108831823,22.40859934398576,1339400
2022-10-21,22.999755859375,23.01822998197289,21.955992597644293,22.08530793225093,1318300
2022-10-24,23.239913940429688,23.43388870223135,22.62104493376893,22.907386784077858,1631900
2022-10-25,23.276859283447266,23.4246487207818,22.95356922860707,23.221436923105017,1051400
2022-10-26,23.951152801513672,24.154362871254,23.4246526230765,23.45236204607465,1327500
2022-10-27,23.212203979492188,24.44994205801077,23.16602043280587,24.30215259446729,1102500
2022-10-28,23.008995056152344,23.75717947291341,22.417837172468484,23.42465404423597,1443600
2022-10-31,23.720230102539062,24.07584902427119,22.67646510903141,22.833491623019764,2158300
2022-11-01,23.60938835144043,24.209783255306423,23.378467099046635,23.92344139563913,2951300
2022-11-02,23.08288955688477,24.939496748462844,22.981283635988778,24.01581168370496,3701400
2022-11-03,23.45235824584961,23.72946476345423,22.81501695511603,23.19372761023218,2102300
2022-11-04,24.38896942138672,24.42606376107967,23.34386133998996,23.674921069852115,7937700
2022-11-07,25.50177764892578,25.529598406749376,24.47243260327642,24.722814117421777,2474200
2022-11-08,25.25139617919922,25.566691026731924,24.60226108097445,25.566691026731924,1373000
2022-11-09,23.39671897888184,24.685718991413708,23.37817180891609,24.620803896533587,1981100
2022-11-10,24.147863388061523,24.166408789229067,23.45236043474761,24.08294829333096,1659700
2022-11-11,25.11229515075684,25.2050292387085,24.45388648693568,24.500252646533703,1444400
2022-11-14,24.704269409179688,25.548146357672284,24.704269409179688,24.78772992221793,2174800
2022-11-15,25.446134567260746,25.464679967957057,24.56423664676652,25.019558513647706,1660800
2022-11-16,24.42606735229492,25.08447605984737,24.32405967189721,25.056657069743075,1168200
2022-11-17,24.19423484802246,24.231327427244533,23.48945815524448,24.203508435016943,1494600
2022-11-18,24.39824676513672,24.39824676513672,22.55284553123869,23.71201729389492,1669400
2022-11-21,23.73056602478028,23.84184553079882,22.664128286863928,23.68419985873185,1722100
2022-11-22,24.769176483154297,24.77845006767456,23.87893359427329,24.110767901013816,1629200
2022-11-23,24.018035888671875,24.620804784247984,23.88820923174164,24.37969864102197,1483900
2022-11-25,24.008764266967773,24.453887554822924,23.953124519269263,24.286966542971705,555300
2022-11-28,23.174161911010746,23.443090611784047,22.784680123903176,23.07215422882007,1172000
2022-11-29,23.48945617675781,23.860390781514493,23.313261576214995,23.61928284623372,1357500
2022-11-30,24.184961318969727,24.20350849300313,23.554371551881,23.962400536836505,1787600
2022-12-01,23.76765251159668,24.8387276528268,23.6285522803506,24.57443668283262,2033800
2022-12-02,23.897485733032227,24.02731240580393,23.58219086879601,23.58219086879601,1034400
2022-12-05,22.48793029785156,24.45388621966877,22.27000545886028,24.40751829182192,1369300
2022-12-06,21.857341766357425,22.775405560422595,21.523499743513472,22.37665020397137,1173100
2022-12-07,21.58841323852539,22.21900112430019,21.356578910757207,21.950074223841984,852800
2022-12-08,20.84654235839844,22.469382655109943,20.716715700663297,22.154087827391265,1646200
2022-12-09,20.54052352905273,21.18038684503278,20.52197635612444,20.855818393810683,1181100
2022-12-12,21.096923828125,21.282391997852496,20.586889014507715,20.72598925742556,1986400
2022-12-13,21.53277015686035,21.96861979329956,21.310209430675734,21.50495117155941,1566400
2022-12-14,21.52349853515625,21.9871671991838,21.300937788673696,21.671874134900204,1563200
2022-12-15,21.671875,21.671875,21.00419096514408,21.310212224867826,1505300
2022-12-16,21.24530029296875,21.440042072225832,20.735265416055604,20.99491876339069,2802000
2022-12-19,20.93000221252441,21.667235423901246,20.84654171548134,21.47713135147102,1129400
2022-12-20,21.05982780456543,21.226748790236584,20.744534771220977,20.837267079922363,891500
2022-12-21,21.699691772460938,21.755331513430463,21.180383396315943,21.57913870556773,1044700
2022-12-22,21.338037490844727,21.69042498577181,20.87436871034508,21.69042498577181,1500800
2022-12-23,22.32101058959961,22.34883134792117,21.588414974688902,21.699694470463744,722400
2022-12-27,22.2097282409668,22.571389208912905,22.10772057564642,22.571389208912905,745600
2022-12-28,21.27311897277832,22.052082476141123,21.20820564229069,22.01498813371641,1125300
2022-12-29,21.644052505493164,21.755331989869216,21.05055720547285,21.10619694766088,823800
2022-12-30,21.74605941772461,21.7646048186391,21.32875694392818,21.449310009271898,740000
2023-01-03,20.568344116210938,21.56059486574089,20.20204541334536,21.5513212793544,1731000
2023-01-04,20.753807067871094,21.064465969234803,19.956298228280467,20.169585373243343,1256400
2023-01-05,20.41996955871582,20.586890570334287,19.6131852588118,20.475609306336747,2486200
2023-01-06,20.614707946777344,21.03201044317184,20.401420790289286,20.809449701346622,1407700
2023-01-09,20.985641479492188,21.5142252050574,20.781627918422508,21.18038322443841,1376000
2023-01-10,20.8279972076416,21.217478987376275,20.392149265292023,21.05983155822758,1633200
2023-01-11,21.254573822021484,21.254573822021484,20.679623841073127,21.02273946609575,1093700
2023-01-12,22.024263381958008,22.191184397959027,21.152565725483644,21.402947249485173,1507600
2023-01-13,22.07062721252441,22.11699513915595,21.560592400866355,21.903707982917528,1324000
2023-01-17,21.92225646972656,22.525027219469923,21.792429794400075,22.302464677830525,1140700
2023-01-18,21.356578826904297,22.50647687586895,21.33803165625433,22.061355392803065,1004300
2023-01-19,21.82952117919922,21.94080066616525,21.08765026815161,21.319484596212323,1369200
2023-01-20,22.08917617797852,22.154089511781493,21.671875416921235,22.052083602414967,993800
2023-01-23,22.30246353149414,22.44156555505793,21.98716867725944,22.22827661101278,878200
2023-01-24,21.6069564819336,22.293187580077056,21.588411081819064,22.01498535329461,1507700
2023-01-25,21.430763244628903,21.64405037599453,21.013460797387168,21.46785581285298,4858700
2023-01-26,22.07990264892578,22.158727246429898,21.050559353988056,21.736788806865103,4977700
2023-01-27,21.857341766357425,22.237549950704945,21.83879459425372,22.0428099498831,1321700
2023-01-30,21.27311897277832,21.71824046934118,21.23602463035361,21.560593051547382,1941200
2023-01-31,21.894437789916992,21.912983194687484,21.061688093646005,21.21748010625308,2038800
2023-02-01,21.338037490844727,21.848072441891933,20.6889004906428,21.73679292507539,1609600
2023-02-02,21.254573822021484,21.681148187922066,20.939278956462022,21.310213572192044,1497200
2023-02-03,21.42149543762207,22.079904177777216,21.28888650779204,21.300940578681445,1120500
2023-02-06,20.70744514465332,21.5003182382518,20.52197694753699,21.347308479073263,1215100
2023-02-07,21.727516174316406,21.773882338114387,20.65180490165016,20.80017874831062,1282400
2023-02-08,21.27311897277832,21.778517891403524,21.07837721255982,21.66260072445972,1241700
2023-02-09,20.699934005737305,21.380302418767343,20.560132910174307,21.28710109583622,1380700
2023-02-10,21.836986541748047,21.96746732483752,20.96089696666948,21.10069805964639,2565500
2023-02-13,21.5014591217041,21.92086411247439,21.43621874039918,21.641260192738507,1658500
2023-02-14,21.576021194458008,21.59466181250201,20.960895020343333,21.240498958001844,1940800
2023-02-15,21.04477500915528,21.380299007100607,20.24324624858235,21.32437715566499,2448600
2023-02-16,20.746532440185547,21.46418020800653,20.727891822865416,21.11001558959252,1773200
2023-02-17,19.786561965942383,20.43430830717956,19.54423927395669,20.411008424379744,2844900
2023-02-21,19.53491973876953,20.06616668704185,19.47899966230246,19.60016190192616,2401800
2023-02-22,19.460357666015625,19.721320967158377,19.087554219859587,19.712000658796093,2281600
2023-02-23,20.24324607849121,20.289847620962664,19.600160791388884,19.96364393433081,1812400
2023-02-24,20.51353073120117,20.541491658100764,19.82384386668243,20.038205639911126,1680100
2023-02-27,20.56945037841797,20.816432339045857,20.420328993397305,20.718571763438632,1494100
2023-02-28,20.364410400390625,20.89565559539492,20.309421819000107,20.671973501586123,1722000
2023-03-01,20.839733123779297,20.91429381315536,20.22926625736672,20.23392552272339,1219700
2023-03-02,21.287097930908203,21.4175786970117,20.569450162004745,20.74653247147885,1321900
2023-03-03,21.659900665283203,21.83605147129998,20.746531777765327,21.0447745346963,1653900
2023-03-06,21.38029670715332,21.64125820844536,21.23117534136733,21.41757615976637,1252800
2023-03-07,20.737213134765625,21.35233931475204,20.704592941710832,21.25913800130954,1868700
2023-03-08,20.20596504211425,20.83507070611386,20.056843673200767,20.625368225558347,2791100
2023-03-09,19.90772247314453,20.59740925463608,19.889081857455498,20.261885282901343,2121700
2023-03-10,19.39511680603028,20.038203845805203,19.33919673490502,19.889082471026523,1678200
2023-03-13,18.87319564819336,19.460360952852405,18.54699191108617,18.85455502832041,2825700
2023-03-14,19.09687614440918,19.767922404281347,18.728731932444354,19.124837071862387,2497900
2023-03-15,18.025066375732425,18.472430571227186,17.5311006321649,18.20214870307433,3276900
2023-03-16,18.612234115600582,18.654174625565584,17.53110294502227,17.568384188398948,2816100
2023-03-17,18.304664611816406,18.5935888146494,17.792060137070116,18.57494819943432,13250700
2023-03-20,19.12483596801757,19.24599642465395,18.332627512573296,18.416508512424286,2079200
2023-03-21,19.87044334411621,19.954324345924743,19.544239645712707,19.544239645712707,3229800
2023-03-22,19.27396011352539,20.15936822669498,19.236678873728422,19.82384595685909,2731800
2023-03-23,19.01299285888672,19.78656064895497,18.924452599073803,19.38579629187136,2154300
2023-03-24,19.25531578063965,19.51627907589497,18.27670653434945,18.64018966394289,2817400
2023-03-27,19.85180282592773,19.991605681420573,19.15279565913215,19.506960285802187,1719100
2023-03-28,19.758604049682617,20.11276691225781,19.65608242577025,19.730643121979096,1946900
2023-03-29,20.094125747680664,20.20596767778796,19.8145235889132,20.06616659840422,1575300
2023-03-30,20.094125747680664,20.30848929891404,19.945004359315725,20.280528371970423,1284400
2023-03-31,20.39236831665039,20.476249318959475,20.131406778504047,20.24324692980472,1564900
2023-04-03,21.566699981689453,21.65058098170528,20.87701314196708,21.49213929030506,2444500
2023-04-04,21.21253776550293,21.697183162579563,20.85837313776725,21.65058161805268,2452900
2023-04-05,21.24981689453125,21.3430182044752,20.82109335752309,21.268457512053462,1018900
2023-04-06,20.81177520751953,21.19389901802611,20.77449574627532,20.96089660783101,914800
2023-04-10,21.11933708190918,21.55738094748021,21.0634170044818,21.20321808688385,1353700
2023-04-11,21.55738067626953,21.71582237504312,21.212538129194023,21.36165951890244,1772400
2023-04-12,21.32437896728516,21.70650454055712,21.16593726342462,21.63194206564181,892700
2023-04-13,21.622621536254883,21.762422608470526,21.277777232300352,21.277777232300352,727600
2023-04-14,21.70650291442871,21.79970244575637,21.41757867877821,21.65058106243158,823300
2023-04-17,21.221858978271484,21.84630548019034,21.203218359666806,21.77174478343886,811500
2023-04-18,20.97021675109864,21.268459549354155,20.797795466669776,21.13797876953419,975900
2023-04-19,20.64400863647461,20.68128986716693,20.15004477346973,20.57876826042996,1348800
2023-04-20,20.19664764404297,20.43430930446741,19.86578467020352,20.30848957567442,1542900
2023-04-21,19.88908576965332,20.345770277863025,19.823845379575832,20.27120957810771,1443600
2023-04-24,20.37373352050781,20.52751420348681,19.70455014205369,19.77724607706176,1436900
2023-04-25,19.35783767700196,20.01956356651219,19.343856325735047,19.935682569578915,1276700
2023-04-26,19.040956497192383,19.46968006182068,18.85921490881008,19.22735735142185,1332500
2023-04-27,19.02231216430664,19.20871475980769,18.710089861159304,19.0129918567649,1151500
2023-04-28,19.68404197692871,19.842483667500755,18.96639421506316,19.02231428889238,1764900
2023-05-01,19.54423713684082,19.9077220239067,19.12483395930361,19.29259594138526,1272600
2023-05-02,18.60290908813477,19.15279484484888,18.33728651825879,19.15279484484888,1495000
2023-05-03,18.509708404541016,18.779990222971385,18.127584668978347,18.27670604004344,2695500
2023-05-04,17.633621215820312,18.87319387845935,17.447218589904455,18.789312874563933,3901000
2023-05-05,18.48175048828125,18.714752890694108,18.02506599287212,18.09962669053754,2231300
2023-05-08,18.55630874633789,19.10619448595181,18.421166944065465,18.99435256532397,2094700
2023-05-09,18.15554618835449,18.491070205945064,18.034385725150784,18.211468043064382,2415900
2023-05-10,18.113359451293945,18.34305864057976,17.724279413726176,18.26336642821456,1584800
2023-05-11,17.92584800720215,18.028976665385773,17.73365149503975,17.81334190310091,1550700
2023-05-12,18.25398635864257,18.263362015963075,17.853654910998646,18.10397941796219,1749800
2023-05-15,18.48837280273437,18.750885848372164,18.26336238714077,18.45087196091402,1531700
2023-05-16,18.17898368835449,18.469623713409543,18.06647937200481,18.40399410927772,1707500
2023-05-17,18.38524627685547,18.73213670383914,18.03835406164777,18.40399580582624,1779300
2023-05-18,18.422748565673828,18.46962686233179,18.0571067928626,18.16961112839336,1765400
2023-05-19,18.65713119506836,18.718072075214568,18.44149643544188,18.69463382538105,1569600
2023-05-22,19.416542053222656,19.589989040340203,18.497749046696786,18.497749046696786,2932900
2023-05-23,19.26653480529785,19.67436786661248,19.25716093585913,19.557174828166087,1740500
2023-05-24,19.21965980529785,19.454045900484413,19.004025026899978,19.454045900484413,2038300
2023-05-25,18.61025047302246,18.924326883624914,18.455554840416408,18.797758217371804,1841400
2023-05-26,18.65713119506836,18.779012955360777,18.432120777863705,18.741510325048083,1343400
2023-05-30,18.26336479187012,18.563378718830965,18.047730005395017,18.375870908592464,1483400
2023-05-31,18.122732162475582,18.23054954783236,17.855532166542744,18.01960171203697,2808300
2023-06-01,18.000852584838867,18.43681085911243,17.94459863522527,18.16960906900776,2199200
2023-06-02,19.088403701782227,19.13059326942267,18.29149063980944,18.50712541298327,3429500
2023-06-05,18.469623565673828,19.52904784590784,18.40868268500796,19.52904784590784,2599800
2023-06-06,18.88214111328125,19.03683677689727,18.141482066417048,18.188358564845288,1731400
2023-06-07,19.707181930541992,19.763434088739505,19.04152453701328,19.04152453701328,1554700
2023-06-08,19.697803497314453,19.92750082071971,19.2665322433042,19.744679991170003,1160100
2023-06-09,19.350914001464844,19.82906181452968,19.285286185828785,19.547799236596884,1645100
2023-06-12,18.89151954650879,19.15871956090416,18.56806736808915,18.87276822909268,1672600
2023-06-13,19.17278289794922,19.650928948427367,19.01340028504852,19.01340028504852,1304900
2023-06-14,18.83526611328125,19.510297400758105,18.469624389425945,19.435293924371788,2735100
2023-06-15,19.31340980529785,19.416538445579715,18.84932466524705,18.910265535566023,1960400
2023-06-16,19.43529510498047,19.650929889162004,19.17278381579392,19.641556018740232,3817800
2023-06-20,18.788387298583984,19.37903937889874,18.46962211612088,19.369663721976448,1930400
2023-06-21,18.825891494750977,19.097780229304743,18.704011509477105,18.704011509477105,2923900
2023-06-22,18.51650047302246,18.675883080268573,18.37586918150504,18.65713176453988,1934500
2023-06-23,18.43212509155273,18.629010370323968,18.038356322234524,18.09460849264448,4815700
2023-06-26,18.788387298583984,19.02746029131946,18.47899598481946,18.47899598481946,2006400
2023-06-27,18.68526077270508,18.835267738420573,18.49306423611809,18.835267738420573,1333000
2023-06-28,18.96651840209961,18.99933230546261,18.55400024890088,18.713381043393376,2010300
2023-06-29,19.444669723510746,19.47279669794364,18.914956661813576,18.947770571206643,1253300
2023-06-30,19.594676971435547,19.71655874091659,19.3040387174964,19.64155526286056,2309800
2023-07-03,19.51029586791992,19.754057594080148,19.45404371210565,19.53842283993896,765800
2023-07-05,19.519670486450195,19.67905307629501,19.34153658292395,19.60404960979296,2131900
2023-07-06,19.17278289794922,19.48217246555364,18.760262878402,19.24778637530108,1564700
2023-07-07,20.07282257080078,20.26970779632919,19.107151334080186,19.107151334080186,1807000
2023-07-10,19.913442611694336,20.232207847075024,19.84781479056725,19.85719044904598,1981800
2023-07-11,20.1384506225586,20.23220540781849,19.99781933878064,20.09157412404054,1259800
2023-07-12,20.213457107543945,20.56503626353154,20.18064319604303,20.307211906785447,3226900
2023-07-13,20.36346435546875,20.550973956570807,20.14782956595824,20.14782956595824,3797700
2023-07-14,19.19153213500977,20.147827797908267,19.13996869804448,20.147827797908267,2579500
2023-07-17,19.350914001464844,19.543110513637817,19.03214879275496,19.116527923779564,1876600
2023-07-18,19.669677734375,19.965004670803,19.219656928157683,19.219656928157683,3444500
2023-07-19,19.472795486450195,19.810310217526816,19.34153806882011,19.754058060384686,2345300
2023-07-20,19.75406074523925,19.782187721745093,19.34622942113709,19.53842595670009,2361300
2023-07-21,19.78218650817871,19.9228178056325,19.6696803972813,19.83843866951544,2549000
2023-07-24,20.1478271484375,20.199392371964503,19.80562368747741,19.904065411543225,2546700
2023-07-25,20.34471321105957,20.410341029768805,19.95563144553491,20.110327122398623,1643300
2023-07-26,19.95094490051269,20.297835317105307,19.89469095061337,20.100951857129605,1959000
2023-07-27,19.7165584564209,20.18064191137625,19.63217932129739,20.138452343814496,2685800
2023-07-28,20.71035385131836,20.729105166601872,19.669679099993512,19.87593999166444,2530700
2023-07-31,20.7666072845459,20.95880380744805,20.644727304164224,20.86973773671621,1730500
2023-08-01,20.80410957336425,20.911926958748367,20.297834767326947,20.58847301437211,2807700
2023-08-02,20.682228088378903,21.7979063778852,20.35408720461541,21.694775926016227,4155300
2023-08-03,21.61977195739746,21.788530224539223,20.38221371598977,20.860361543483457,3254300
2023-08-04,21.544771194458008,21.78853296788495,21.37601290606827,21.601025149404013,2648400
2023-08-07,21.62914657592773,21.82134308466401,21.2541292159818,21.638522233454363,1699500
2023-08-08,21.544771194458008,21.71821820653865,20.90724067752972,21.13225292086546,1956600
2023-08-09,21.86042594909668,22.31271017769979,21.7379311805889,21.86984696462704,1907200
2023-08-10,21.41756248474121,21.822734442067787,21.23853443628071,21.709664284852497,2155000
2023-08-11,21.426984786987305,21.73793040774924,21.342181272486982,21.361026897313213,2317800
2023-08-14,21.54006004333496,21.54948285719369,21.130175727961028,21.379875802172474,1990100
2023-08-15,21.37044906616211,21.415677845495924,21.196131534813283,21.28564555421562,1721100
2023-08-16,21.144306182861328,21.61543598855741,21.128287582557032,21.33275702680921,2014300
2023-08-17,21.38929748535156,21.737932593605223,21.29507114896321,21.55890273418914,1498500
2023-08-18,21.568323135375977,21.690817898146545,21.15373017718338,21.15373017718338,1448200
2023-08-21,21.54006004333496,21.869849542300685,21.38929861603121,21.747356556573127,1179000
2023-08-22,21.153732299804688,21.71437620918247,21.13959718131731,21.61543936586013,1260700
2023-08-23,20.94643211364746,21.054791760449746,20.7297128200429,20.927586488842447,1132700
2023-08-24,20.91816520690918,21.05950379670904,20.71086693113289,20.71086693113289,1394200
2023-08-25,21.16315269470215,21.379873798708537,20.861629868349727,21.229112385532325,940000
2023-08-28,21.33275985717773,21.63428268527359,21.205554577096457,21.38929673535907,1021400
2023-08-29,21.58717155456543,21.69082070614036,21.087773220961928,21.33276098100037,1313900
2023-08-30,21.568323135375977,21.79446523908585,21.54005649567329,21.65312664891939,1124700
2023-08-31,21.4835205078125,21.662550354589303,21.389295975294164,21.615438088330134,1130300
2023-09-01,21.98291778564453,22.15723531944217,21.70966341892534,21.8038879471072,1345800
2023-09-05,21.97349548339844,22.378667433968275,21.95464985843758,22.14310251361072,1362500
2023-09-06,22.37866973876953,22.633080310289944,21.99705388148892,22.43520482225699,1742400
2023-09-07,22.28444099426269,22.501160288569025,22.23261642448994,22.28444099426269,1300800
2023-09-08,22.246755599975582,22.53885564981292,22.21848715751983,22.43520649135985,1150900
2023-09-11,21.62485885620117,22.49173777281009,21.417560590940127,22.46346933739697,1688700
2023-09-12,22.15252685546875,22.2373303764296,21.70024260848945,21.860426837280183,2201200
2023-09-13,21.71908569335937,22.11483484521093,21.521212016042487,22.03003132715576,1300300
2023-09-14,21.935806274414062,22.350399244852987,21.86042557095083,22.21848346309676,1699200
2023-09-15,21.70966148376465,22.10540878017464,21.587166732498925,21.78504217792144,5186800
2023-09-18,21.58717155456543,21.96407510954075,21.41756450552205,21.96407510954075,1331600
2023-09-19,21.530635833740234,21.92167269882953,21.35631828169888,21.756777960036068,1754600
2023-09-20,21.172576904296875,21.662552428049008,21.1348874471256,21.35160676820976,1398100
2023-09-21,21.012392044067383,21.34218332131518,20.913455200058408,21.191421902667823,1840100
2023-09-22,20.96527862548828,21.370450589850314,20.90874354589896,21.172575115461,1581600
2023-09-25,21.36102867126465,21.398718126829365,20.91816723437659,20.91816723437659,1315800
2023-09-26,21.37044906616211,21.554189409640284,21.0783490790229,21.116038530322644,1458900
2023-09-27,22.275020599365234,22.48702940907349,21.530636308544803,21.709666169767093,2540900
2023-09-28,21.86042594909668,22.37866806971885,21.75677680608514,22.171371580913537,2237600
2023-09-29,21.58717155456543,22.04887863406244,21.573038232884453,21.9358084661788,2081300
2023-10-02,20.83336067199707,21.58716764544427,20.64962033454541,21.549478195380708,1619100
2023-10-03,20.974702835083008,21.012392291579868,20.64491155395049,20.70144663730472,2379400
2023-10-04,20.013595581054688,20.72029034788805,19.79687628389137,20.72029034788805,2404400
2023-10-05,20.30569839477539,20.32454402250089,19.64611759934452,19.740343940754062,2529600
2023-10-06,20.550687789916992,20.71087204382468,20.070135028193945,20.39050353600931,3076700
2023-10-09,21.21026611328125,21.32333627110913,20.90874329611655,21.163152049838168,2062100
2023-10-10,21.4364070892334,21.55418954576765,21.163150927409465,21.285645688646973,1278300
2023-10-11,21.323335647583008,21.389295334474564,20.90874268471374,21.125461978561454,1297100
2023-10-12,21.4364070892334,21.568322865442106,21.21026498835376,21.568322865442106,1537100
2023-10-13,22.15252685546875,22.322133897390447,21.76620050318837,21.91696191884813,1754000
2023-10-16,22.265594482421875,22.44462431708198,21.959361178027564,22.265594482421875,1639200
2023-10-17,22.18079376220703,22.515295517762528,22.12896919217663,22.19021477746918,1453100
2023-10-18,22.15252685546875,22.43049355256979,22.143104042337782,22.34097772643453,1217200
2023-10-19,22.114835739135746,22.35982349039604,21.88869361425343,21.982919948925524,2181700
2023-10-20,21.803890228271484,22.11483587656928,21.71908670626137,22.07714642079693,1801700
2023-10-23,21.295068740844727,21.719084510816355,21.163151165931563,21.568323108530752,1674400
2023-10-24,21.106618881225582,21.42227684460141,21.002971526705483,21.40814172568028,2182100
2023-10-25,21.28565216064453,21.356322374939737,20.96999414660233,21.040664360897537,1952800
2023-10-26,20.927589416503903,21.08777365532008,20.62135605806161,21.078352638817314,1652000
2023-10-27,20.682601928710938,20.97470194371525,20.44703699465828,20.965279130687005,1647900
2023-10-30,20.72971534729004,20.842787312687506,20.27271877475141,20.64491182254642,1920300
2023-10-31,21.153732299804688,21.247956837891945,20.65433398074005,20.84278665135029,2751000
2023-11-01,21.00296974182129,21.247955684207778,20.88047497341028,21.16315216675947,2415300
2023-11-02,21.7285099029541,21.756778343195617,20.47530447439993,20.823941381840367,3443000
2023-11-03,21.530635833740234,21.9923428995798,21.045370836172008,21.9829200863319,3009800
2023-11-06,20.91816520690918,21.58716870399676,20.88047395777979,21.55890026714971,1733800
2023-11-07,20.33396339416504,20.626063385590832,20.15964586025809,20.54125987239985,2210600
2023-11-08,19.82715606689453,20.2297612307094,19.779789584368537,20.206078892869684,2071800
2023-11-09,19.86504554748535,20.08766347696461,19.727687278404257,19.97872328783653,1713300
2023-11-10,20.130294799804688,20.187132773322386,19.71347877803286,19.969252369132388,2103600
2023-11-13,20.272390365600582,20.41448620091564,20.06398326092828,20.22502568944443,1477700
2023-11-14,20.8786678314209,20.907085913193587,20.32922749252893,20.45237853636557,1623700
2023-11-15,20.65131378173828,21.21969894598312,20.64184229171539,20.897614079805933,1477000
2023-11-16,19.86504554748535,20.44290393114828,19.5003317977019,20.34817278199669,1881300
2023-11-17,20.537635803222656,20.594473771975743,20.06398184763854,20.073455143571795,1942200
2023-11-20,20.60394859313965,20.86919547836668,20.547110620179065,20.77446431886798,1374900
2023-11-21,20.37659454345703,20.49974378389144,20.101874366327625,20.40501443287108,2052900
2023-11-22,20.28186416625977,20.4192242601116,19.69453421720174,19.883994733381552,2141300
2023-11-24,20.49974632263184,20.65605302349665,20.09240355815032,20.234501215971704,749200
2023-11-27,20.50921630859375,20.518689604708616,20.087664569137985,20.272389326261614,2520100
2023-11-28,20.50921630859375,20.87866762968749,20.367120480563766,20.480798227095644,2261100
2023-11-29,20.338701248168945,20.71762587759837,20.25344338723198,20.65131280265564,2474500
2023-11-30,20.367122650146484,20.99234580555673,20.12555989744798,20.57552976633434,1775500
2023-12-01,20.746044158935547,21.0255000820537,20.29607251230848,20.33870144318571,1617900
2023-12-04,20.262916564941406,20.632367895786,20.054509465453418,20.49027025715917,2801800
2023-12-05,19.637693405151367,20.329227776251084,19.59980202664346,20.3102829904204,1848100
2023-12-06,19.26824378967285,19.741897763250165,19.197194970897648,19.372448242050748,2370700
2023-12-07,19.372447967529297,19.505070500060704,19.20193225036235,19.315608190575983,1935100
2023-12-08,19.82715606689453,19.860311701239446,19.505071213104014,19.60927566781464,1480500
2023-12-11,19.80820846557617,19.992933220908004,19.410339066843584,19.467177036134963,2105300
2023-12-12,19.410341262817383,19.561910402639697,19.09772968607804,19.457707748291025,2064900
2023-12-13,19.90293884277344,19.91241213842697,19.32034471142935,19.514542755210712,2491900
2023-12-14,20.528165817260746,20.74604623831744,20.30081209874332,20.37659667158246,2656200
2023-12-15,20.37659454345703,20.537636969776827,20.11608521445792,20.52816367330548,4750100
2023-12-18,20.490272521972656,20.92603516869029,20.43817209647684,20.79341261861597,1983300
2023-12-19,20.746044158935547,20.89761328942201,20.29133676747615,20.43343260145139,2148100
2023-12-20,20.348175048828125,21.01129135991545,20.319756965709285,20.79341095738692,1599900
2023-12-21,20.58500289916992,20.603949493266697,20.286602172955654,20.36712248759697,2066400
2023-12-22,20.60394859313965,20.97434672210937,20.5565839168136,20.77446431886798,1240200
2023-12-26,21.01129150390625,21.134440747573883,20.71762653297067,20.79341109988458,1282300
2023-12-27,20.86919212341309,21.077599195329203,20.82182564785513,21.058652605106023,1264200
2023-12-28,20.367122650146484,20.915614447753057,20.357649353022488,20.75551879799689,1967900
2023-12-29,20.168188095092773,20.44290647427673,20.078192679122328,20.41448658394186,2012700
2024-01-02,20.357646942138672,20.736569747990604,20.196604523795795,20.29133567697039,2019400
2024-01-03,20.594470977783203,20.77445996240184,20.16818355970269,20.34817073747513,2047800
2024-01-04,19.79873847961425,20.72709996291668,19.775056139020712,20.632370600542497,1917600
2024-01-05,19.9218864440918,20.007144302449618,19.65663957288452,19.90293985182417,1683100
2024-01-08,19.79873847961425,19.836631670041346,19.33929529018982,19.50507348119141,1963800
2024-01-09,19.48612403869629,19.79873558665438,19.25877034989464,19.79873558665438,1615000
2024-01-10,19.192461013793945,19.5145458903738,19.02194527832853,19.5145458903738,2076000
2024-01-11,19.097728729248047,19.325082427590694,18.969841935146576,19.28719104795688,1842500
2024-01-12,19.32508087158203,19.55243455161871,19.22087823084424,19.524016470893148,2730600
2024-01-16,18.813535690307617,19.23034987021057,18.737751129702858,19.19245849333141,2549800
2024-01-17,18.56723594665528,18.747224960797,18.43461160667618,18.562498395131108,2438000
2024-01-18,18.557762145996094,18.63354670670416,18.33988175981621,18.595653522926906,2036900
2024-01-19,18.576709747314453,18.576709747314453,18.150420440888656,18.51986996855998,2397300
2024-01-22,18.73775291442871,18.87984875324112,18.38724815896793,18.51987070094663,1900900
2024-01-23,18.785118103027344,18.993525218501336,18.671440344775466,18.74722672150784,2057600
2024-01-24,19.21140480041504,19.28718935989641,18.87984667511663,18.984051121970925,2401200
2024-01-25,19.789262771606445,19.798736068059338,19.182986253393786,19.38192005836486,3754000
2024-01-26,19.855573654174805,19.950304810016725,19.542962104689018,19.84610216475248,2189000
2024-01-29,19.95030212402344,19.95977541901685,19.552432768531403,19.798733017821355,2532000
2024-01-30,20.2534408569336,20.371854337125047,19.66611100701793,19.66611100701793,2809200
2024-01-31,19.533493041992188,20.25344557940181,19.52401974454644,20.215554196465543,2203500
2024-02-01,19.34402656555176,19.784524864819065,19.25876871363897,19.685057973202927,3269500
2024-02-02,18.92721176147461,19.287189782024583,18.917738465476297,19.220878516882863,2724800
2024-02-05,18.8230094909668,19.02762762940172,18.500924648048443,18.97457861624056,2334400
2024-02-06,19.182985305786133,19.32034538729788,18.785115908651527,18.889320357639257,1934600
2024-02-07,19.1545639038086,19.37244608054705,19.021941384195348,19.2114036752254,2974500
2024-02-08,19.400867462158203,19.43402309770584,19.13562237777713,19.13562237777713,2804300
2024-02-09,19.26824378967285,19.547699706357328,19.2114058187606,19.38191973149736,1777400
2024-02-12,19.61874771118164,19.89820364200925,19.3771849674443,19.391394009179848,2541100
2024-02-13,19.26824378967285,19.476650887582124,19.017207761867763,19.476650887582124,3340200
2024-02-14,19.34402656555176,19.599800121290134,19.201930747979223,19.372446451804805,4657500
2024-02-15,20.373676300048828,20.507148557179725,19.696777385121155,19.877919604386747,5296800
2024-02-16,20.42134475708008,20.59295298655168,20.1734664054459,20.516682864389093,3147700
2024-02-20,20.41180992126465,20.478546048097044,20.087661460858943,20.345073794432253,3260700
2024-02-21,20.917104721069336,21.12208104728892,20.497618074570724,20.573888208622886,2771900
2024-02-22,20.993371963500977,21.05534018871676,20.48808125848933,20.64062150558281,2856900
2024-02-23,20.821762084960938,20.92186627324848,20.554815764437784,20.83129607695352,2116800
2024-02-26,20.96477127075196,20.988605344867388,20.60725470375054,20.669224751189308,1365500
2024-02-27,21.136377334594727,21.24124943199776,20.95523511683216,21.18404547791077,2607200
2024-02-28,21.193578720092773,21.48912701714501,21.012438327164933,21.05057247678336,2651600
2024-02-29,21.62259864807129,21.69410085846301,21.3270521779216,21.393788301656404,2981700
2024-03-01,21.92768096923828,22.10882319075134,21.717938588512684,21.83234286220914,2280900
2024-03-04,22.185096740722656,22.80479180453241,22.032556473274823,22.480643281599907,9059500
2024-03-05,22.394838333129883,22.69038486317592,22.09929180308384,22.09929180308384,6120900
2024-03-06,22.261363983154297,22.604578631123704,22.05638768443908,22.566444478426305,4781500
2024-03-07,22.66178131103516,22.81432155007701,22.24229474445852,22.28043071343053,3514800
2024-03-08,22.49970817565918,22.86199080642376,22.42343805242331,22.65224842213092,3230800
2024-03-11,22.623645782470703,22.676081831616425,22.270897154728228,22.404369411882342,3490800
2024-03-12,22.7285213470459,22.833393461331188,22.461574973603064,22.62364923276061,2925200
2024-03-13,22.96686553955078,23.175655094025,22.86676133228713,22.976399533350666,2647200
2024-03-14,22.90966033935547,23.20520683403653,22.70468404605742,23.167070863923804,2965500
2024-03-15,22.74758720397949,23.090801859486493,22.642715099517872,22.842923497028355,40683700
2024-03-18,23.128936767578125,23.205206889562938,22.81432228708788,22.81432228708788,3748400
2024-03-19,23.42448234558105,23.53412052798896,23.10986787741222,23.10986787741222,2461700
2024-03-20,23.653295516967773,23.739099638352613,23.090802640521943,23.28147886991565,1925700
2024-03-21,23.767698287963867,23.80583243744529,23.577022085287663,23.662826194649654,2075100
2024-03-22,23.61515998840332,23.83443636655405,23.596092002888515,23.80583438828184,3473800
2024-03-25,24.00604248046875,24.08231259737288,23.624691895948096,23.72002817826099,1671200
2024-03-26,23.872573852539062,24.211022434000537,23.86303985917663,24.187188359806107,2153800
2024-03-27,24.33972549438477,24.387393636658608,23.70096256843068,23.853502805814664,2677200
2024-03-28,24.74014472961425,24.74014472961425,24.29205617927028,24.52086654142709,3785600
2024-04-01,24.96895408630371,24.978488078312548,24.482731404391377,24.911750134250703,4978900
2024-04-02,25.007089614868164,25.231133893372533,24.649573077726203,25.02615759993729,2953100
2024-04-03,25.37890815734864,25.38844033150037,24.96895556874449,25.007089720620872,2115600
2024-04-04,25.436111450195312,25.617253680502884,25.24543522687964,25.47424560380451,1891800
2024-04-05,25.72212028503418,25.93663055095478,25.378905677984186,25.560046063941165,2033700
2024-04-08,25.37890815734864,25.85559687555379,25.359840172198872,25.74119078307837,1497000
2024-04-09,25.407506942749023,25.60580961336785,25.321702832638067,25.512379036978647,1885700
2024-04-10,25.58864974975586,25.62201781352753,25.21683314291541,25.283569270458763,2146900
2024-04-11,25.550514221191406,25.68875438401375,25.14532954359281,25.65538631966672,2413400
2024-04-12,25.436111450195312,26.055806448336416,25.32170535252126,25.769793931786133,2978900
2024-04-15,24.96895408630371,25.73165526278009,24.85454800062073,25.50284490983718,2586500
2024-04-16,24.78781509399414,24.87361921479337,24.55900471133729,24.80688308048803,3421000
2024-04-17,24.6162052154541,25.073825950336683,24.473198963106192,24.71154332316043,1918900
2024-04-18,24.48273277282715,24.91175152666601,24.42553063599993,24.83548140475534,2019800
2024-04-19,24.42553329467773,24.682943847630497,24.158586929722148,24.158586929722148,2642200
2024-04-22,24.5208683013916,24.86408477847245,24.12044968427169,24.35879405592823,3290500
2024-04-23,24.77827835083008,24.99755471590448,24.26345550159353,24.425529731957887,2139400
2024-04-24,24.89268493652344,24.967047531291428,24.4731983639396,24.73061070291762,1761600
2024-04-25,25.054759979248047,25.11196211694941,24.55900327004109,24.835481784283665,1488500
2024-04-26,25.111963272094727,25.20730138493132,24.892686885466848,25.035693145510105,1466200
2024-04-29,25.2072982788086,25.25020033337737,24.97848792724946,25.045224052484663,1315100
2024-04-30,23.901172637939453,25.08336047045943,23.863038485108845,25.08336047045943,2205000
2024-05-01,23.44355010986328,23.90117081955427,23.2719418891234,23.82490070127244,2998400
2024-05-02,23.74863243103028,23.929774657954155,23.61039226262986,23.66282831398334,2172700
2024-05-03,23.939308166503903,24.12998256397736,23.615159690533563,23.8439700585556,2220200
2024-05-06,24.473201751708984,24.754448201356585,24.2729915208704,24.3111274956676,2287000
2024-05-07,24.597137451171875,24.911751936532568,24.425531037866826,24.425531037866826,3678900
2024-05-08,24.67340850830078,24.73061246665765,22.25469102207404,23.84397111478186,4258200
2024-05-09,25.26449966430664,25.33123578756657,24.597134794861425,24.75920901638824,2479300
2024-05-10,24.795042037963867,25.50402091434512,24.70402534381446,25.475277934798548,2354200
2024-05-13,24.7375602722168,25.01540361891109,24.55552503912012,24.9674986484184,1939000
2024-05-14,24.996238708496094,25.13994994839788,24.823784489658934,24.91001159907752,2184200
2024-05-15,24.593849182128903,24.77588441645882,23.99026116893407,24.77588441645882,6222400
2024-05-16,24.181873321533203,24.59384689531588,24.172292328260628,24.421392671184744,2981200
2024-05-17,24.41181182861328,24.51240951751492,24.16750289451107,24.35432769601058,2474000
2024-05-20,24.64175033569336,24.70881728942171,24.335165856771457,24.4213929698917,3067600
2024-05-21,24.478878021240234,24.86690004483911,24.464507444310254,24.507621002487905,1679700
2024-05-22,23.846546173095703,24.306424719153085,23.741158900517828,24.306424719153085,2447600
2024-05-23,23.66451072692871,24.248936654246275,23.57349221126236,24.02857930743166,2258800
2024-05-24,23.86570930480957,23.9471468388864,23.73157904560977,23.808225169065047,1707300
2024-05-28,24.34474754333496,24.502831197685765,24.00558804270842,24.143552158584143,2047300
2024-05-29,24.124387741088867,24.402229219764163,23.97109551270508,24.32558310557227,2501400
2024-05-30,24.39264869689941,24.55073233837055,24.143550191518447,24.143550191518447,1394000
2024-05-31,24.86210823059082,24.914800950401467,24.53636178189977,24.584264918959462,2316000
2024-06-03,23.721996307373047,24.986658165082883,23.65972076558636,24.91001204726373,2841900
2024-06-04,23.233379364013672,23.578287848614675,23.080087110277184,23.41541460059618,2789000
2024-06-05,23.07050514221192,23.386670630621865,23.03218299408924,23.31002450698877,2354100
2024-06-06,23.338764190673828,23.41445092505262,23.080082874695428,23.080082874695428,1381200
2024-06-07,23.233379364013672,23.434574761772385,23.051344127431165,23.195055386885645,1072100
2024-06-10,23.654932022094727,23.91840294723555,23.22379645194599,23.25253943241846,1220700
2024-06-11,23.6740951538086,23.798646257438165,23.300445497695648,23.46331875271194,1425400
2024-06-12,23.81780815124512,24.26810393571236,23.70283804277057,24.11481167600488,2036000
2024-06-13,23.18547439575196,23.702835254559552,23.089666287857906,23.68367326750321,1447800
2024-06-14,22.84056663513184,23.147151127836256,22.73038794727792,23.147151127836256,2404400
2024-06-17,23.1567325592041,23.204635701823904,22.677693823455066,22.83098607270373,2755900
2024-06-18,23.63576889038086,23.688463438334445,23.17589218942016,23.252538306246937,2133400
2024-06-20,23.92319297790528,24.05732506189883,23.635770477353365,23.65493246469354,2289100
2024-06-21,23.83696556091309,24.0621143408446,23.664513159194712,23.94235466256404,5473700
2024-06-24,24.440553665161133,24.656121436570505,23.923191013778645,23.923191013778645,1819400
2024-06-25,24.27767944335937,24.402228690951823,24.06690309074621,24.37348754086989,1209200
2024-06-26,23.99983787536621,24.23935722273469,23.65493125777917,24.23935722273469,1972600
2024-06-27,24.220197677612305,24.248938830496893,24.00941947705788,24.181873703916,1532800
2024-06-28,24.27767944335937,24.613006870952454,24.1291768008487,24.43097166842122,2150500
2024-07-01,24.39264869689941,24.512408366842685,24.12917778850173,24.47887580544957,1743200
2024-07-02,24.383071899414062,24.929175755009304,24.36869949500154,24.6513324166116,1923100
2024-07-03,24.90043258666992,24.92917556789151,24.450136845191302,24.450136845191302,964000
2024-07-05,24.34474754333496,24.842948249462257,24.172293312184152,24.795043281149425,1207800
2024-07-08,24.39264869689941,24.50761878409548,24.13396919863648,24.32558357411319,1345700
2024-07-09,24.258522033691406,24.52678439183935,24.038164647027635,24.124391768311337,1434700
2024-07-10,24.593849182128903,24.60343017629236,24.1531325875493,24.27768368428632,1069900
2024-07-11,25.10162925720215,25.14953239748037,24.56510458367012,24.766301793091543,1386600
2024-07-12,25.17827606201172,25.45611757247041,25.020192405501646,25.408214430890965,1919800
2024-07-15,25.97348022460937,26.20820817625426,25.25492213792977,25.465698518829548,1966500
2024-07-16,25.877674102783203,25.97348222051363,25.666897705686544,25.877674102783203,1874900
2024-07-17,25.98305892944336,26.41419264703836,25.920783389081976,25.973477936511795,2602500
2024-07-18,26.10761260986328,26.4621020988919,25.901625795374247,26.0309664808014,2355400
2024-07-19,25.67647361755371,26.20820686752612,25.62857047845557,26.05012504659216,1539100
2024-07-22,25.417797088623047,25.676476628428954,25.230970438502347,25.657316466975512,3064200
2024-07-23,24.81420516967773,25.283662892948204,24.77109161206169,25.26450273308705,2825600
2024-07-24,24.52678298950196,25.18785693908367,24.49804000825485,24.86211046116733,2808100
2024-07-25,24.97707748413086,25.15432129116792,24.45971663923176,24.65133102248092,2158700
2024-07-26,25.48485946655273,25.51360061931909,24.852528522265946,25.053723901180994,2789400
2024-07-29,25.25492286682129,25.647734486018862,24.82378727141528,25.58066935504188,2039900
2024-07-30,25.48485946655273,25.62857071254744,25.10162886810432,25.216597133945022,1784300
2024-07-31,26.09803009033203,26.28964631548404,25.7052184734194,25.9159948591764,2481200
2024-08-01,24.469297409057617,26.47167747225003,23.90403160296732,26.40461234735585,4402200
2024-08-02,23.16631126403809,24.038161530758867,22.974695057717827,24.038161530758867,3922900
2024-08-05,22.533981323242188,22.66811157707736,21.757937298484727,22.24655700123984,3073900
2024-08-06,22.54356384277344,23.06092473357954,22.38069059749623,22.687275099809145,2857600
2024-08-07,22.984277725219727,23.45373545477889,22.936374583843616,23.08008583535965,3087100
2024-08-08,23.34834861755371,23.7603203923472,23.11361883466403,23.195054542013104,3064800
2024-08-09,23.40614128112793,23.76253190619531,23.146074432768696,23.36761360763286,2226400
2024-08-12,23.87811851501465,23.93109383623096,23.5294330584651,23.58915269749604,1301100
2024-08-13,23.724000930786133,23.801058110206927,23.415772213102944,23.67584088259366,1601000
2024-08-14,23.88774871826172,23.907013473261987,23.666209547323103,23.86848580044961,1648400
2024-08-15,24.21524238586425,24.446413936034272,23.916646029876507,23.955175540165595,1390800
2024-08-16,24.14781379699707,24.282663387506705,23.849217487788074,23.95517178729586,1102800
2024-08-19,24.42715072631836,24.72574707873965,24.21524209663577,24.21524209663577,1685500
2024-08-20,23.80105781555176,24.35009227896452,23.56988628015125,24.34045990200765,1683500
2024-08-21,23.77216148376465,24.08039018417197,23.70955195487317,24.08039018417197,1500700
2024-08-22,23.77216148376465,23.935908210504536,23.55062233499537,23.81068915272158,1689300
2024-08-23,24.37898826599121,24.4319654221666,23.89738042757944,23.926277559271863,1419300
2024-08-26,24.783536911010746,25.091765608612143,24.61497491613121,24.783536911010746,1185900
2024-08-27,24.54273223876953,24.76427137854812,24.321193098990943,24.62942178688948,1597400
2024-08-28,24.5523681640625,24.58126529667565,24.258587079320705,24.36935666522221,1086500
2024-08-29,24.879859924316406,25.0532390335822,24.54273408265381,24.716113191919607,1214400
2024-08-30,24.667953491210938,24.71129826913614,24.248953358871294,24.55236680434771,2015600
2024-09-03,23.415771484375,24.128550831131808,23.199047599877453,24.051493654109127,3020900
2024-09-04,23.23276138305664,23.709552082443373,23.146071830952145,23.56988537769858,1538900
2024-09-05,23.117176055908203,23.420589506054664,23.08827892445061,23.406140021731822,1351400
2024-09-06,22.702993392944336,23.271290793855226,22.6018561869826,23.11717643128836,1799800
2024-09-09,22.577777862548828,22.808949423807768,22.48145591939388,22.683730346549847,2038900
2024-09-10,22.30807113647461,22.606667431123743,22.072084364589703,22.606667431123743,1783100
2024-09-11,22.491085052490234,22.62593465113857,21.922787690775102,22.31770594726352,1687000
2024-09-12,22.683727264404297,22.73670441780068,22.173224158267548,22.481452864732304,1832000
2024-09-13,22.96306228637696,23.093096625498056,22.751155495135976,22.876372726962884,1318100
2024-09-16,23.319448471069336,23.341603120345063,23.035301636706503,23.12680645605108,1723800
2024-09-17,23.91664695739746,23.945544091234947,23.34834951891124,23.396511408640382,1711200
2024-09-18,24.282665252685547,24.67758535286123,23.849219319673445,23.849219319673445,2179100
2024-09-19,24.95691680908203,25.16882358614794,24.62942334813326,25.03397398594128,1850800
2024-09-20,25.043607711791992,25.27959636205434,24.40788550916001,24.947285776232093,4451100
2024-09-23,25.31330680847168,25.756385105756102,25.00507627105316,25.1206629522336,1653500
2024-09-24,24.639055252075195,25.11103068092952,24.590895206407847,24.87022677821682,6312100
2024-09-25,23.704736709594727,24.69684761040334,23.695104333048587,24.542733260041068,2576700
2024-09-26,22.82821273803711,23.454302573217845,22.78005085090743,23.040119529843285,5048200
2024-09-27,23.377243041992188,23.39650779490829,22.963060040235817,23.117174389188705,1882600
2024-09-30,23.521726608276367,23.75289814736946,23.184600758153408,23.242393183629662,2237700
2024-10-01,23.935909271240234,24.13336840601346,22.95342886726164,22.95342886726164,3399500
2024-10-02,24.273033142089844,24.45604277794038,24.04185978815292,24.388617981870404,1659800
2024-10-03,25.28441047668457,25.322939984023108,24.17189575432276,24.35972434681608,1697400
2024-10-04,25.86233901977539,25.953843839652983,25.409626515610164,25.737119963955585,1956000
2024-10-07,26.006820678710938,26.185015046726527,25.679327234300285,25.76601678353769,2655800
2024-10-08,25.130294799804688,25.640799722058564,24.822066106061943,25.62153496940266,2230800
2024-10-09,25.42889213562012,25.43852451233384,24.72574517021069,24.93765194634849,1547900
2024-10-10,25.515581130981445,25.775649785001683,25.265144853464324,25.477053462156945,1917800
2024-10-11,26.04535484313965,26.401743642926547,25.38073545915262,25.38073545915262,1479500
2024-10-14,25.75638771057129,25.95384685645033,25.63117047738455,25.74675533306644,2207200
2024-10-15,24.61979103088379,25.043606423227985,24.504206183909567,24.93765211584493,1980900
2024-10-16,25.361467361450195,25.385547384664832,24.72574519520613,24.72574519520613,2381000
2024-10-17,25.515581130981445,25.66006310415225,25.298857252631247,25.42889157964137,1440400
2024-10-18,25.15919303894043,25.57337421619057,25.139928285434465,25.52521416961368,1631400
2024-10-21,24.93765449523925,25.467424245513808,24.899126821634454,25.467424245513808,2180800
2024-10-22,25.06287384033203,25.31812542194921,24.83651755493524,25.024344329120574,941100
2024-10-23,24.6583194732666,25.09176538648599,24.4464108676506,25.033972965494325,2280300
2024-10-24,24.899126052856445,24.91839080765813,24.59089732478202,24.73537931141839,1673100
2024-10-25,25.043607711791992,25.380733567657582,24.9183904815958,25.0821372208912,1376800
2024-10-28,24.629425048828125,24.72574698585034,24.19597908801038,24.25377151534845,1532600
2024-10-29,24.36935806274414,24.73538108141524,24.23932555149833,24.619794381522187,1333600
2024-10-30,24.61979103088379,24.822067268870708,24.330827076260213,24.41751663008489,1397300
2024-10-31,24.3500919342041,25.467421924747534,24.32119480374266,25.0436065305865,2898700
2024-11-01,24.08039283752441,24.83170175544292,24.06112808232924,24.716115061460005,1773200
2024-11-04,24.773908615112305,25.03879441810698,24.26340543956967,24.26340543956967,1762600
2024-11-05,24.590896606445312,24.971365398129794,24.52346996660905,24.8413328999872,1363300
2024-11-06,26.25725746154785,26.53177376041689,25.342201907192443,25.51558100904403,2143700
2024-11-07,26.05498313903809,26.430638499631947,25.953845934611625,26.295787056541908,1404700
2024-11-08,26.529239654541016,26.56311485866496,25.754946637336456,26.00659232944298,1746800
2024-11-11,26.645383834838867,26.83895616105864,26.25823549027908,26.558275641918925,1129800
2024-11-12,26.277591705322266,27.06156354866019,26.23887798081744,26.78088304630513,1033800
2024-11-13,26.20984268188477,26.53407914121448,25.987233677604728,26.42277279301435,1408500
2024-11-14,26.36470031738281,26.669578979278032,25.97271346637467,26.48084518488672,1387900
2024-11-15,25.98723220825196,26.59698767377308,25.90012402088322,26.422771299035613,1727900
2024-11-18,26.567955017089844,26.80508144407113,26.26307633633946,26.3453441611117,1395300
2024-11-19,26.413095474243164,26.63570447623348,26.22920019839633,26.27759281759073,740400
2024-11-20,26.819599151611328,26.95510181455696,26.43245264189561,26.43245264189561,973000
2024-11-21,27.32288932800293,27.40999751959121,26.988975824287905,27.10028032552624,1498400
2024-11-22,27.864896774291992,28.08750578084792,27.20674680181349,27.264818315249794,2462800
2024-11-25,27.2841739654541,27.99071650279867,27.2841739654541,27.777786406164136,2002400
2024-11-26,27.05188751220703,27.43903400201159,26.84863445127209,27.43903400201159,1842800
2024-11-27,26.79056167602539,27.41967492304989,26.771203890932945,27.11963663835697,1471000
2024-11-29,26.8486328125,27.00349139896965,26.790561304088875,26.93574099814668,921800
2024-12-02,26.49052619934082,26.964780908016973,26.132414521410563,26.916386440156028,2208300
2024-12-03,26.567955017089844,26.80024292040342,26.33566526771612,26.80024292040342,1659100
2024-12-04,25.68719482421875,26.5873097152179,25.425870252931865,26.5873097152179,1608200
2024-12-05,25.79365921020508,26.054983784082864,25.74526659106923,25.8614096154193,992700
2024-12-06,24.845149993896484,25.658158553456847,24.651575824073504,25.658158553456847,1357200
2024-12-09,24.94193649291992,25.36779670283084,24.83547051741217,25.26133257338313,1595800
2024-12-10,24.77739715576172,25.17422250348651,24.651573403911467,25.17422250348651,1279100
2024-12-11,25.30972480773925,25.3677963180171,24.796756415841607,25.009686517567044,1566000
2024-12-12,24.88386344909668,25.35908731087074,24.796757104291537,25.29036772444769,1450100
2024-12-13,24.525754928588867,24.98065184676272,24.19667993380431,24.98065184676272,4122100
2024-12-16,23.819210052490234,24.48703702599295,23.790173374749248,24.48703702599295,2651400
2024-12-17,23.46109771728516,23.60143888645868,23.11266497893985,23.42238399416898,2098200
2024-12-18,22.59002113342285,23.71274696446366,22.57066334590761,23.451422371188585,1834800
2024-12-19,22.39644432067871,23.035236465195112,22.33837281101177,23.035236465195112,1816100
2024-12-20,22.15447998046875,22.575503548534485,21.931870963873667,22.09640846441356,8308000
2024-12-23,22.241586685180664,22.28514078081465,21.864119087059503,22.028656576559,1296300
2024-12-24,22.49323081970215,22.512588604444343,22.086726570415845,22.260942940975685,600300
2024-12-26,22.37708854675293,22.531947137715093,22.21255106309813,22.531947137715093,1272500
2024-12-27,22.241586685180664,22.574532852182216,22.22222889910776,22.28030225732647,1778200
2024-12-30,22.502912521362305,22.841666412401302,22.164158630323307,22.35773280979136,1379300
2024-12-31,22.62873268127441,22.88037835653646,22.444839255785265,22.512589659498115,1605100
2025-01-02,22.841665267944336,23.263654299714712,22.715841503776307,22.99652386533568,1597600
2025-01-03,23.19977760314941,23.238493179734338,22.841667750040365,23.08363456551524,1520100
2025-01-06,23.08363151550293,23.635315486522664,22.93361144514877,23.30624051327229,1781700
2025-01-07,23.19977760314941,23.349797693325545,22.87070258641876,23.16106387262479,2028900
2025-01-08,23.499814987182617,23.596600225007546,23.08363181871917,23.10298960470818,2163700
2025-01-10,24.08053398132324,24.28378704363196,23.64499486962186,23.99342763583104,2581800
2025-01-13,24.632219314575195,24.80643384811686,24.138606854390343,24.138606854390343,2199600
2025-01-14,24.970972061157227,24.980650954312186,24.44832475321027,24.506396266079907,1720900
2025-01-15,25.667837142944336,25.82269573854695,25.05807980745648,25.22261729604176,2118500
2025-01-16,25.725908279418945,25.79365868324905,25.36779662852549,25.58072857891729,1596400
2025-01-17,25.677515029907227,25.97755331637457,25.41619046779373,25.90980291421033,2028800
2025-01-21,25.425870895385746,25.61944322096118,25.145188531120205,25.61944322096118,2276300
2025-01-22,25.106475830078125,25.512980130271192,25.04356394481748,25.37747746616671,1584900
2025-01-23,25.067760467529297,25.396835467897205,24.82095514028347,25.29036948364282,2268400
2025-01-24,24.54511260986328,25.13551034238408,24.37573474342013,25.038725099913894,1330400
2025-01-27,24.177322387695312,24.699971565581823,23.998267471297986,24.428968083041383,1631800
2025-01-28,24.070858001708984,24.36121742238555,23.86276640666872,24.264430333473303,1510600
2025-01-29,24.00310516357422,24.3660553536246,23.81921172977865,23.896641029813665,1553000
2025-01-30,23.71274375915528,24.16764062791258,23.548206279637103,24.16764062791258,1347100
2025-01-31,22.93845558166504,23.61596157910345,22.81747217004457,23.61596157910345,1814100
2025-02-03,22.90941429138184,23.209452574968235,22.662608993573343,23.209452574968235,2035200
2025-02-04,23.383668899536133,23.470777085890216,22.54162555952665,22.54162555952665,1604900
2025-02-05,22.96748733520508,23.432063130396102,22.880379142849247,23.33527789094305,2065200
2025-02-06,22.222227096557617,23.161059338279287,22.05769146646448,23.13202266152524,1659300
2025-02-07,22.057693481445312,22.391606987350336,22.028656802038743,22.34805289127054,1671900
2025-02-10,22.957809448242188,23.04007912065512,22.29482092941879,22.35773281466866,1265500
2025-02-11,23.05459213256836,23.354630392021765,22.938449123903744,23.073949916032408,1800500
2025-02-12,22.241586685180664,22.841665131020022,22.13512255389988,22.7642358327885,1504900
2025-02-13,22.43516159057617,22.444840483930484,22.009299513287143,22.27062409567315,1531600
2025-02-14,22.893022537231445,23.1170814608046,22.5997964347983,22.62999587490606,2771000
2025-02-18,23.2632064819336,23.540846971955272,22.60564169220422,23.1657908524063,3350900
2025-02-19,23.61390686035156,24.62217378395064,23.49700737076309,23.711324340397884,3822800
2025-02-20,23.964609146118164,24.763429141308123,23.45803973421296,23.70158250631156,2878900
2025-02-21,23.4190731048584,24.09124979644548,23.175530340580337,24.02305811974104,2633700
2025-02-24,23.389848709106445,23.604165685633543,23.20475567687435,23.3313989624325,2599700
2025-02-25,22.688446044921875,23.62364941868864,22.649478308639623,23.62364941868864,2715700
2025-02-26,22.8248291015625,23.15117552719952,22.561802459414395,22.834571035503235,2511900
2025-02-27,22.893022537231445,23.175533068932943,22.49361250544137,22.922248341295617,2719800
2025-02-28,22.80534744262696,22.99531052766149,22.483871023779862,22.698188016983224,1713900
2025-03-03,21.68504905700684,23.009922356638167,21.4609901484174,22.893021006283195,2741900
2025-03-04,22.026010513305664,22.31826111795421,21.071321364746748,21.344089958347013,3489000
2025-03-05,21.987041473388672,22.016267275356945,21.09567588132141,21.616857272210144,2988100
2025-03-06,22.01626777648925,22.308518370488493,21.49021447758988,21.78246692967308,2213600
2025-03-07,22.64947891235352,23.0975967430402,22.225714988450417,22.27929469822469,3227900
2025-03-10,23.048887252807617,23.4775230417372,22.55693168246365,22.87353616378716,3536700
2025-03-11,22.289033889770508,23.52136159141308,22.24032607813666,23.14630549596394,3928100
2025-03-12,22.483869552612305,22.8540537635751,21.811690954247165,22.23058483644452,2847000
2025-03-13,21.95781707763672,22.620251852530124,21.69966047743935,22.357227072564104,2437800
2025-03-14,22.66896247863769,22.7566380283563,21.952946108630428,22.113685235809186,2540000
2025-03-17,23.10733985900879,23.204757349208737,22.561804515206788,22.62999620092153,4733100
2025-03-18,23.4190731048584,23.458038980939293,22.97095345238317,23.43855511385693,2602800
2025-03-19,24.35427665710449,24.67575303465492,23.409331391719025,23.409331391719025,3696700
2025-03-20,24.67575454711914,24.76343009710537,23.964610071083257,24.071767631445564,4451000
2025-03-21,24.47117805480957,24.79752447083058,24.22276339185031,24.60756140979341,24733800
2025-03-24,24.490663528442383,24.763432135079324,24.003577925359064,24.39324789429301,2650800
2025-03-25,24.695236206054688,24.8511034236214,24.42246764627104,24.5101431884128,2182600
2025-03-26,24.938779830932617,25.557378685022428,24.880330086838327,25.026455376115983,2041900
2025-03-27,24.685497283935547,24.98748982254888,24.529630047355504,24.8608483896091,2370600
2025-03-28,24.53937149047852,24.821880154340835,24.208153154857875,24.549113424830185,1948700
2025-03-31,24.60755920410156,24.83648997923331,24.266598989119977,24.46143392856193,2647600
2025-04-01,24.851104736328125,24.870588604074108,24.38350305892793,24.49066061536304,2194200
2025-04-02,25.055679321289062,25.13361293278281,24.45169429673346,24.45169429673346,1762300
2025-04-03,22.902761459350582,24.1302171973287,22.89301952594396,23.47752252375503,3137200
2025-04-04,20.555009841918945,21.84578538811841,20.223791531191537,21.685048128606383,5165000
2025-04-07,20.02895736694336,21.490214022138414,19.376262653299545,19.87309013903593,4533800
2025-04-08,19.09375190734864,20.76932535279864,18.85020915816838,20.76932535279864,3939000
2025-04-09,21.538923263549805,21.840915779350475,18.596926143694333,18.616410011316024,4891400
2025-04-10,19.12297821044922,20.90571128035669,19.07914043585789,20.701136237653124,4870100
2025-04-11,19.85360717773437,20.053312188741472,18.879436029780923,19.24962210653028,3654600
2025-04-14,19.76593399047852,20.360177142464103,19.502907327849258,20.33095319645022,2152500
2025-04-15,19.76593399047852,20.11663434923347,19.53213127386314,19.551615143261763,2121600
2025-04-16,20.184823989868164,20.47707642699809,19.92179921196025,19.92179921196025,1932600
2025-04-17,20.545270919799805,20.91545516118249,20.399145610256223,20.42836955731447,2209000
2025-04-21,19.668514251708984,20.22866149721436,19.45419542900793,20.0874081054423,2241100
2025-04-22,20.29198265075684,20.535525410299325,19.88770263611988,20.136115433296347,2899400
2025-04-23,20.165342330932617,20.744973461282363,19.951023501696422,20.59397627323721,2524200
2025-04-24,20.80829429626465,20.954419582665285,20.272499102017218,20.574493466406867,2546800
2025-04-25,20.67190933227539,20.783938781790543,20.44785043324508,20.44785043324508,2055900
2025-04-28,21.110286712646484,21.20770418919321,20.681650930691177,20.681650930691177,3489200
2025-04-29,20.75958633422852,20.9836471070731,20.61346103582308,20.61346103582308,2091400
2025-04-30,19.99973487854004,20.45759466157941,19.72696628080872,20.45759466157941,3282900
2025-05-01,20.545270919799805,20.822909565357847,19.86822222771672,20.37966174016132,4918800
2025-05-02,20.74010467529297,20.93493779044174,20.37381499993869,20.593977516326376,2129500
2025-05-05,19.980249404907227,20.447851085116763,19.970507470975708,20.29198385838025,2762900
2025-05-06,20.262758255004883,20.632944315692008,20.05818321469141,20.428367417294613,3344100
2025-05-07,20.14585876464844,20.41862548509075,19.92179985626113,20.41862548509075,1918100
2025-05-08,21.12002944946289,21.19796306204791,20.27249978677741,20.49656054878274,2917900
2025-05-09,21.422021865844727,21.556457950802805,21.178479095394355,21.412279932056645,1927800
2025-05-12,22.55982208251953,23.079679525751523,22.34403315349545,22.70695098280165,2673500
2025-05-13,22.87369728088379,23.01101733663995,22.52058642797316,22.952166151436657,3475300
2025-05-14,22.74618530273437,22.873696511526905,22.46173448726933,22.559821039872634,2392600
2025-05-15,22.33422470092773,22.383267044930168,22.020349209282955,22.294989329049383,2104700
2025-05-16,22.206710815429688,22.530395138416235,22.01053957562157,22.481352796175567,1356000
2025-05-19,21.932071685791016,21.98111403022365,21.65742969276992,21.96149634411239,1867200
2025-05-20,21.91245460510254,22.06939235663765,21.75551685356743,21.95168810756353,2157100
2025-05-21,21.46125602722168,21.93305145071044,21.41221368403703,21.755515698865988,2008600
2025-05-22,21.29450798034668,21.382785688699325,20.82369478302947,21.255274482659583,1518000
2025-05-23,21.25527572631836,21.34845692576697,20.93159140036815,20.96101792848924,1163200
2025-05-27,21.696666717529297,21.72609137809181,21.157191533453343,21.43183354739268,1599200
2025-05-28,21.45144844055176,21.94187934172642,21.38769189956233,21.892835129101705,1249300
2025-05-29,21.471065521240234,21.64762095541261,21.28470311480986,21.60838745384404,1733700
2025-05-30,21.088529586791992,21.39259623374156,20.99044302849828,21.25527617463765,2537200
2025-06-02,21.588768005371094,21.73589689822294,21.07871943069568,21.677045715251275,1963800
2025-06-03,21.990922927856445,22.275371893793604,21.426926611253823,21.62800321727949,1638300
2025-06-04,21.883026123046875,22.285179309337213,21.637810674292016,21.990921519169543,1761500
2025-06-05,21.696666717529297,22.10862880301548,21.6574313423184,22.01054223583388,2075100
2025-06-06,22.31460762023925,22.48135421355399,21.88302787209897,22.13805218368889,1365000
2025-06-09,22.75599670410156,22.917837943878272,22.265565756779075,22.44211932630488,1352100
2025-06-10,23.00121116638184,23.41317321885226,22.883506921027926,23.11891354089024,3311600
2025-06-11,23.295467376708984,23.476926282964538,22.854078825443715,23.22680735114448,2983500
2025-06-12,23.15814781188965,23.231711324748403,22.8481954965143,22.96197470257546,2231500
2025-06-13,23.75647354125977,24.158626753609187,22.9914024889099,23.991880162817072,4846400
2025-06-16,23.648578643798828,23.859464080886728,23.31508548146659,23.354318980705163,2505600
2025-06-17,23.74666404724121,24.18805261984049,23.648579360748457,23.90360366148965,2267200
2025-06-18,23.6191520690918,24.07034946992999,23.53087435742444,23.746663279919414,2885400
2025-06-20,23.55049133300781,23.7662802490025,23.35431823057965,23.69762022440625,4421300
2025-06-23,23.011016845703125,24.119391723316497,22.888409121152247,24.119391723316497,2939600
2025-06-24,22.75599670410156,22.94235911707528,22.5009723869924,22.60886592322834,2177900
2025-06-25,22.44211769104004,22.662811975423192,22.344033005399044,22.638290804012943,2190800
2025-06-26,22.7265682220459,22.991401359859648,22.393075056838683,22.481352769443266,2843300
2025-06-27,22.50097274780273,22.711858208200667,22.29989613101001,22.657910503794827,8281100
2025-06-30,22.049774169921875,22.36855502284864,22.039965326817686,22.27537194878161,3592700
2025-07-01,22.37345695495605,22.60886356056904,21.775132533923404,21.981112612267744,3359200
2025-07-02,22.91293334960937,22.922742192582984,22.29498933819054,22.706951388854595,2702900
2025-07-03,22.883506774902344,23.020826834567107,22.755995558191564,22.942357961780743,837300
2025-07-07,22.06938934326172,22.83446218066577,21.814365064127035,22.795226812716447,3906700
2025-07-08,23.187572479248047,23.3739367460968,21.97130406514463,22.11843296177452,3534600
2025-07-09,22.93254852294922,23.153242806565583,22.78051613822663,23.020826236395763,2122200
2025-07-10,23.21700096130371,23.21700096130371,22.53039689143912,22.834465423695324,1937300
2025-07-11,23.36412811279297,23.579918909238508,23.05025263161266,23.19738152956025,2282400
2025-07-14,23.21700096130371,23.33960869729056,23.00611550573868,23.14834092848637,2086200
2025-07-15,22.61867332458496,23.37393738431141,22.559822138495186,23.167957297574457,2523400
2025-07-16,22.29498863220215,22.77561069761669,22.201807433171776,22.66771717001453,2441300
2025-07-17,22.65790748596192,22.68242865628612,22.12824122690124,22.177285438395025,2548600
2025-07-18,22.6971435546875,23.17776565668324,22.6039623485649,22.95216787079973,2599800
2025-07-21,22.206710815429688,22.95216601672956,22.15276311645769,22.854079461402783,1869300
2025-07-22,22.775609970092773,22.84917535229268,22.19592104439804,22.27537023533144,1858000
2025-07-23,23.079679489135746,23.20228721765057,22.55001320394586,22.7069509467772,1987000
2025-07-24,23.52106666564941,23.52597202256281,22.88350683862902,22.92274221055422,1833200
2025-07-25,23.28565788269043,23.57991753224723,23.221901344659656,23.52106447982867,1866100
2025-07-28,23.991878509521484,24.03601736494969,23.49164064246237,23.49164064246237,2758000
2025-07-29,24.12920188903809,24.2567131063918,23.893795269492045,24.060541858859512,2816800
2025-07-30,23.91341209411621,24.168436410434538,23.702528508599443,23.962456311203727,3486600
2025-07-31,23.36412811279297,24.29594758453676,23.15324267309143,24.03111444572384,3291500
2025-08-01,23.00121116638184,23.432789034039985,22.481353711574123,23.41317321885226,3700500
2025-08-04,23.36412811279297,23.43278814044548,22.863888363094816,22.863888363094816,4101100
2025-08-05,23.678003311157227,23.707429838733443,23.12872122565245,23.38374551877674,4486200
2025-08-06,23.25623321533203,24.089966149447864,23.196401706023146,23.77609066150908,2338300
2025-08-07,22.93254852294922,24.04092342695787,22.90312386569733,23.628961387822475,2542900
2025-08-08,23.06006050109864,23.36412712680448,22.7559938753928,23.0894870277845,1994400
2025-08-11,22.842885971069336,23.33153108880648,22.75404140420804,23.17852058302121,1960200
2025-08-12,23.385826110839844,23.479605653797787,22.80340143111249,23.040319657684154,1883400
2025-08-13,23.612871170043945,23.71652253525432,23.287108391626653,23.385824784480683,1703300
2025-08-14,23.49441146850586,23.56351426252371,23.21800782386891,23.44505421278029,1922300
2025-08-15,23.296979904174805,23.563513596419032,23.23775082240672,23.415438067710976,1444700
2025-08-18,22.961345672607425,23.158776575967625,22.897179734657524,23.089675665648624,1573400
2025-08-19,22.803401947021484,23.03538332334662,22.561546859483112,22.87250286264424,1852800
2025-08-20,22.86263084411621,22.98602587323293,22.6059689576104,22.80340175734063,1351600
2025-08-21,23.06006050109864,23.19628719383089,22.689875464199275,22.86262772827559,908600
2025-08-22,23.93863296508789,24.04228432604037,23.148905620413963,23.148905620413963,2261400
2025-08-25,24.057092666625977,24.116321745920885,23.79055898551116,24.00773353149815,2101800
2025-08-26,23.83004570007324,24.017606657989955,23.553642059836594,23.820173872513564,2996000
2025-08-27,24.42234230041504,24.614838231681507,23.76588176858688,23.770816740963035,2246800
2025-08-28,24.511186599731445,24.580287509398488,24.22491113355961,24.521058427235104,1836900
2025-08-29,24.560544967651367,24.802400045307195,24.49144405485217,24.501315882803297,2589300
2025-09-02,24.915922164916992,24.915922164916992,24.24465295614041,24.24465295614041,2667000
2025-09-03,23.74120140075684,25.01957389974273,23.731331455945217,24.60003157948045,2845900
2025-09-04,24.284141540527344,24.318691997245743,23.46479864161067,23.504284070920832,2824800
2025-09-05,23.316722869873047,24.06696290438329,23.074867811942536,23.88927566433097,2008400
2025-09-08,23.139034271240234,23.46479704300495,22.981088799042706,23.42530973352629,2241700
2025-09-09,23.02057456970215,23.61287104072393,23.00576776985564,23.267364609056347,1585700
2025-09-10,23.978120803833008,23.99786257574241,22.98108883235431,23.11929065001284,2369700
2025-09-11,23.820173263549805,23.973183762525217,23.593126884057416,23.622742365979327,2089300
2025-09-12,23.49441146850586,24.03735069578015,23.449989185209404,23.82017425172699,1919700
2025-09-15,23.36608123779297,23.53389854156618,23.04031845786363,23.36608123779297,1662100
2025-09-16,24.29401206970215,24.323625669386825,23.533898296819167,23.533898296819167,2453900
2025-09-17,24.363113403320312,24.75797709647408,24.11632335974188,24.294012492375728,2157400
2025-09-18,24.29401206970215,24.466764344058017,24.00773472035976,24.461829371730097,1708900
2025-09-19,23.71158790588379,24.25452525014662,23.62767831174361,24.25452525014662,7560500
2025-09-22,23.60300064086914,23.72639566800997,23.36114744207398,23.632616125212067,1684600
2025-09-23,24.155807495117188,24.93566489486915,23.760943823091484,23.760943823091484,2197300
2025-09-24,24.54080390930176,24.99983356667446,24.363114766724102,24.382858423201338,1618900
2025-09-25,24.4815731048584,24.67407093252063,24.33349944599868,24.4815731048584,2249900
2025-09-26,24.935665130615234,25.123226082672616,24.3186900488488,24.42234141069952,1840900
2025-09-29,23.86953353881836,24.78759281075116,23.681972576748773,24.78759281075116,2608400
2025-09-30,23.563514709472656,23.77081744688245,23.356210089204207,23.60300013823034,2859500
2025-10-01,23.65235710144043,23.77081715196106,23.38088842745149,23.474669849947425,2162600
2025-10-02,22.951473236083984,23.72639379471663,22.79352776444284,23.52402604149776,2060900
2025-10-03,23.33646583557129,23.40556674627102,23.05019036512117,23.05019036512117,1821200
2025-10-06,23.632614135742188,23.721458698433057,23.24762040312891,23.553641400334584,2051500
2025-10-07,23.60300064086914,23.681973382924923,23.1785214462473,23.533899726927668,1888600
2025-10-08,23.77081680297852,23.815239085914254,23.218007635334903,23.790560458251864,2147300
2025-10-09,23.375951766967773,24.037349117705507,23.24761989793263,23.741199954218743,1804900
2025-10-10,22.349306106567383,23.46973314853552,22.329564333733337,23.0699344764812,2305100
2025-10-13,23.010704040527344,23.0649981535061,22.438151192234564,22.76391398724841,2098200
2025-10-14,22.78365707397461,22.99589666511877,22.40360017548061,22.457894287102416,2071600
2025-10-15,22.921857833862305,23.32165836945344,22.70468328031446,23.158776042148645,1590500
2025-10-16,22.398664474487305,22.98108911735483,22.10251529787105,22.97121728984844,2258800
2025-10-17,22.51712226867676,22.724426877186005,22.25059046181993,22.398664106264512,2171800
2025-10-20,22.64545631408692,22.941603631390937,22.472702143277296,22.64545631408692,1825000
2025-10-21,22.45789337158203,22.82314345487432,22.408536117315386,22.684939753782302,1495300
2025-10-22,22.526994705200195,22.744171146926483,22.34437060154194,22.665196526037946,1700700
2025-10-23,23.33646583557129,23.43518222922459,22.833013922512187,23.2278794971254,2390100
2025-10-24,23.00082969665528,23.44505249711237,22.862627884450166,23.385823418004254,1335700
2025-10-27,22.90211677551269,23.316724123645795,22.70567060560376,23.316724123645795,1968100
2025-10-28,22.46776580810547,22.77378493514365,22.38879306942276,22.704684024153604,1887600
2025-10-29,22.70468521118164,22.902118009639747,22.389780857898906,22.497382467373463,3061800
2025-10-30,22.12225914001465,22.981089311750416,22.10251548483484,22.80340018084932,3486000
2025-10-31,22.17161750793457,22.39372893270907,21.914957509149247,22.16174756270787,2831000
2025-11-03,22.25059127807617,22.260461222923816,21.55957840150713,22.003801233995603,4822400
2025-11-04,21.62867927551269,21.835983891271454,21.589193847613977,21.73726749723674,3305200
2025-11-05,21.164714813232425,21.76688124345197,21.13016435751731,21.579322164672394,2948500
2025-11-06,21.135099411010746,21.53983493624717,21.026511188141924,21.17458672218436,3835100
2025-11-07,21.678035736083984,21.69777939073857,21.03638202267817,21.15484206774716,2864500
2025-11-10,22.16507148742676,22.29428597472716,21.678036495174062,21.80725098247446,2219900
2025-11-11,22.751501083374023,22.990048711080547,22.324102539471827,22.324102539471827,2289700
2025-11-12,22.60240936279297,22.803186810011955,22.423498165609143,22.592469641192974,2590800
2025-11-13,22.71174430847168,22.9701713815538,22.47319667850543,22.71174430847168,1644700
2025-11-14,22.86083602905273,22.930412183203178,22.184950138777545,22.48313609403261,1719100
2025-11-17,22.18494987487793,22.895623833774565,22.150161798216526,22.77138016118156,1729600
2025-11-18,22.55271339416504,22.617318742982977,21.956343349159287,21.99610034106201,2294200
2025-11-19,22.49307441711425,22.567621381528745,21.881795754662885,22.055738039693995,2507600
2025-11-20,22.21476936340332,23.12920288288228,22.15513293051348,22.60240902089931,3096800
2025-11-21,22.65210723876953,22.79125954505654,21.96628163699729,22.155132549678225,1787000
2025-11-24,22.94035148620605,23.064595158010853,22.224708619101275,22.453316520228192,1582900
2025-11-25,22.831016540527344,22.93041185753404,22.294284861983986,22.294284861983986,1726500
2025-11-26,22.791259765625,23.13914243051724,22.741561158750105,22.741561158750105,2624200
2025-11-28,22.999988555908203,23.129203039822315,22.81113953450763,22.81113953450763,606500
2025-12-01,23.3776912689209,23.511874670732503,22.90059599301837,22.93041326288222,1681100
2025-12-02,22.771381378173828,23.457207018366685,22.761441656338214,23.26835609510614,2078300
2025-12-03,23.347871780395508,23.53672270209021,22.90258248321564,22.99998910226572,1934300
2025-12-04,23.268356323242188,23.54169204107328,23.22859933131801,23.367751646764795,1670000
2025-12-05,23.44726753234864,23.68581517137833,23.1689610055766,23.1689610055766,2018000
2025-12-08,22.980112075805664,23.48702462606033,22.95029290986969,23.21865971586907,2254800
2025-12-09,22.701805114746094,23.25344735128512,22.63222895803092,22.99998918518488,2189500
2025-12-10,22.85089683532715,22.999988868493663,22.363861849218903,22.632228646403465,2717300
2025-12-11,22.60240936279297,22.75150139517681,22.388710087913186,22.60240936279297,2877000
2025-12-12,22.65210723876953,23.26338587885488,22.622288074933177,23.14908192786084,2621200
2025-12-15,22.20483016967773,22.8111399218595,22.02095005800925,22.8111399218595,2851400
2025-12-16,21.49912452697754,22.001070031874235,21.429548372827423,21.97622167622177,2748800
2025-12-17,21.91658401489257,21.976222345243688,21.54385298133449,21.69791582436273,2366100
2025-12-18,21.53888320922852,21.886765872501268,21.439487891749444,21.817189719008315,1778100
2025-12-19,21.50906562805176,21.81719132449204,21.35997358876576,21.548824516292363,7208500
2025-12-22,21.6680965423584,22.095495095196547,21.658158716494867,21.6680965423584,1345500
2025-12-23,21.757551193237305,21.85694650981277,21.57963530175249,21.74761147199896,1484700
2025-12-24,21.6680965423584,21.8022799412128,21.638279273151685,21.697915707373173,886000
2025-12-26,21.57863998413086,21.697914743081128,21.394759880898505,21.54882271624928,1028700
2025-12-29,21.81719017028809,21.956342480152298,21.613430618354904,21.82712799601436,1647700
2025-12-30,21.93646240234375,22.14519275690841,21.92652268109705,21.96628156608384,1429200
2025-12-31,21.757551193237305,21.97622126886492,21.623367800231623,21.90664511600449,1120200
2026-01-02,22.343982696533203,22.35392241831466,21.608460346978124,21.76749210386528,1335100
2026-01-05,21.687976837158203,22.791261340514385,21.171122664792414,22.60241041295609,2329400
2026-01-06,21.35997200012207,21.85694669131842,21.295364759440307,21.777430816559324,2241200
2026-01-07,21.11148452758789,21.366929486993985,20.93754414503821,21.30033543993325,1832400
2026-01-08,22.07561492919922,22.363861160815347,21.121424429658937,21.18106086192821,1787900
2026-01-09,22.13525390625,22.44337769378429,21.92652354347589,22.35392209485368,1735600
2026-01-12,22.065677642822266,22.380759044383183,21.81719029051935,22.065677642822266,2879500
2026-01-13,22.36386108398437,22.6620451401143,22.21476905591941,22.28434520929586,2581000
2026-01-14,22.701805114746094,23.188840107560416,22.503014470581515,22.58253034908573,3755300
2026-01-15,22.35392189025879,22.68192511806628,22.04082729686726,22.363861611805444,2866900
2026-01-16,22.4632568359375,22.72168390762746,22.403620402719213,22.67198530010553,2462400
2026-01-20,22.512954711914062,22.87077712134473,22.44337855359324,22.612350036290152,2927400
2026-01-21,23.5864200592041,23.596359781228763,22.860837413677,22.860837413677,4531400
2026-01-22,23.62617874145508,23.745451613095565,23.283264969920424,23.46714698206236,3116600
2026-01-23,23.95418167114257,24.38158022988896,23.82496718343372,24.172849863516223,2590900
2026-01-26,24.23248672485352,24.272245612788925,23.641087485375184,24.13309329663123,3372500
2026-01-27,24.55055046081543,24.649943882235807,24.22254724102741,24.55055046081543,2693900
2026-01-28,25.06740379333496,25.092254045583942,24.62012768997438,24.65988468111822,2863400
2026-01-29,25.37552833557129,26.3197791084048,25.27613301848145,25.81286469747381,4052000
2026-01-30,25.35564994812012,25.48486253864825,24.98788782832636,25.176738749074943,3485000
2026-02-02,24.620126724243164,24.958069666846228,24.37163937796491,24.560488396154625,2760400
2026-02-03,25.47492218017578,25.549469143183924,24.52073167019648,24.60024754602809,3032700
2026-02-04,26.230323791503903,26.3744469080262,25.66377294261824,25.66377294261824,4157500
2026-02-05,26.05141258239746,26.180627064653155,25.49480145524065,25.99177614986837,3731100
2026-02-06,26.82669448852539,27.303789752823445,26.05141326218501,27.303789752823445,3690500
2026-02-09,27.10500144958496,27.2292451285114,26.717359882184983,26.91615052679052,3355900
2026-02-10,26.64999961853028,27.21999931335449,26.420000076293945,27.21999931335449,2915100
2026-02-11,26.959999084472656,27.049999237060547,25.979999542236328,26.0,6607100
2026-02-12,25.979999542236328,26.864999771118164,25.530000686645508,26.809999465942383,4136600
2026-02-13,26.780000686645508,26.96999931335449,25.78499984741211,26.0,2986500
2026-02-17,26.01000022888184,27.06999969482422,25.68000030517578,26.82999992370605,4194900
2026-02-18,26.39999961853028,26.530000686645508,26.01499938964844,26.420000076293945,3859400
2026-02-19,27.07999992370605,27.32999992370605,26.709999084472656,26.790000915527344,3779200
2026-02-20,27.11000061035156,27.229999542236328,26.81999969482422,26.96999931335449,3121090
2026-02-23,27.299999237060547,27.420000076293945,26.860000610351562,27.110000610351562,2569000
2026-02-24,27.190000534057617,27.520000457763672,26.920000076293945,27.459999084472656,2245300
2026-02-25,27.030000686645508,27.299999237060547,26.299999237060547,27.299999237060547,1982600
2026-02-26,27.360000610351562,27.549999237060547,26.389999389648438,26.649999618530273,3162800
2026-02-27,27.81999969482422,27.954999923706055,27.270000457763672,27.559999465942383,3057200
2026-03-02,28.549999237060547,29.097000122070312,28.030000686645508,28.920000076293945,3722500
2026-03-03,28.420000076293945,29.059999465942383,27.920000076293945,28.764999389648438,3248700
2026-03-04,28.600000381469727,28.700000762939453,27.25,27.790000915527344,2868200
2026-03-05,29.190000534057617,29.3700008392334,28.829999923706055,29.0,2562000
2026-03-06,29.219999313354492,29.690000534057617,29.0049991607666,29.459999084472656,2853800
2026-03-09,29.059999465942383,29.739999771118164,28.690000534057617,29.510000228881836,5807500
2026-03-10,28.75,29.09000015258789,28.469999313354492,28.770000457763672,3520100
2026-03-11,29.06999969482422,29.5,28.610000610351562,28.850000381469727,4140000
2026-03-12,28.940000534057617,29.3700008392334,28.649999618530273,29.049999237060547,4337509
