date,close,high,low,open,volume
2021-03-15,31.710283279418945,31.710283279418945,31.181458784187566,31.49875201419319,25000
2021-03-16,30.989158630371094,32.38333499695791,30.768013970100963,32.200651234430346,22900
2021-03-17,31.027620315551758,31.17184318399693,30.36418448398774,30.873780388510333,23000
2021-03-18,29.912275314331055,30.998771694652696,29.816124916279783,30.960310801865667,14100
2021-03-19,30.070926666259766,30.162270384111523,29.42672128156373,29.989200007041454,10100
2021-03-22,29.80747413635254,30.325724273685832,29.71036275484772,30.325724273685832,5500
2021-03-23,28.950777053833008,30.1814963675969,28.854626648966097,30.1814963675969,13700
2021-03-24,27.341222763061523,29.018078753091704,27.341222763061523,29.018078753091704,17800
2021-03-25,28.49213981628418,28.498870289510158,27.127772027975613,27.258535769782696,7100
2021-03-26,28.28156852722168,28.74789674520477,27.69120705311601,28.556558763582817,9000
2021-03-29,28.10369300842285,28.460409906750012,27.883509346589044,28.191189156297206,12000
2021-03-30,28.382530212402344,28.475795871104587,27.864281908203715,28.066197951321058,4500
2021-03-31,28.845012664794922,28.998852585627176,28.65271184679635,28.65271184679635,18300
2021-04-01,29.018081665039062,29.239226311561506,28.88250939301601,29.219995863885703,10600
2021-04-05,29.66228675842285,29.816126670790975,29.152690902505682,29.46998595100449,13600
2021-04-06,29.537290573120117,29.537290573120117,29.32768493119489,29.393065885053154,23200
2021-04-07,29.14211654663086,29.513255404501287,29.14211654663086,29.489218260535345,6700
2021-04-08,29.316144943237305,29.47960007326048,29.15268981321413,29.47960007326048,112900
2021-04-09,29.319032669067383,29.33056983797236,29.178653694182582,29.200768893646117,5200
2021-04-12,28.861356735229492,29.23922604238991,28.73924541092035,29.095001353981957,18600
2021-04-13,29.417102813720703,29.421911342507304,29.003659199976447,29.075770626527895,7100
2021-04-14,29.258459091186523,29.6622893549822,29.18153912826909,29.556523718252013,10500
2021-04-15,29.22865104675293,29.508448017426105,29.15269205975492,29.508448017426105,9700
2021-04-16,29.091157913208008,29.239228335947242,29.018083674113786,29.018083674113786,10800
2021-04-19,28.950777053833008,29.205574067901356,28.84501142508776,28.98923611542991,5500
2021-04-20,28.54021644592285,29.133460906545025,28.373876556693517,29.133460906545025,5300
2021-04-21,28.952699661254883,28.952699661254883,28.16234767987148,28.57579131260883,14100
2021-04-22,28.681554794311523,29.226724939034064,28.63348051133822,28.710400464445307,9500
2021-04-23,29.155576705932617,29.22961191426993,28.94596922173858,29.085387220455925,11200
2021-04-26,29.972850799560547,30.104575511535796,29.354606410584815,29.354606410584815,9300
2021-04-27,29.93631362915039,30.191110635147844,29.917083182002862,30.085346843669186,3600
2021-04-28,29.86227798461914,29.998811223087205,29.811317117037966,29.93150465906329,4300
2021-04-29,29.50652313232422,30.28726169795548,29.37383561159343,30.28726169795548,65900
2021-04-30,29.394025802612305,29.65267036000494,29.344990547457066,29.65267036000494,3500
2021-05-03,28.985389709472656,29.806511103380878,28.960391595111343,29.806511103380878,5900
2021-05-04,28.354642868041992,28.873853896425565,27.921968844971918,28.873853896425565,7800
2021-05-05,28.15465545654297,28.604638058086916,28.085426940786235,28.335417274977317,5200
2021-05-06,27.990236282348633,28.066195263547485,27.74890022667746,27.912355356817553,5300
2021-05-07,28.3796443939209,28.61232619684011,28.248878823523178,28.25849404687103,4300
2021-05-10,27.595062255859375,28.316187556964586,27.595062255859375,28.19119147777979,14100
2021-05-11,27.731592178344727,27.768129294335175,26.931625017031433,26.931625017031433,4100
2021-05-12,26.90566635131836,27.614291698992133,26.87393776141126,27.508527898718597,6800
2021-05-13,27.209497451782227,27.4892943980579,26.87393477781562,27.08546418879482,15500
2021-05-14,27.891202926635742,27.925818099923198,27.465259322261105,27.590253566804318,2800
2021-05-17,28.133502960205078,28.133502960205078,26.67202185823991,27.860436455093623,12000
2021-05-18,28.229650497436523,28.485408472204725,28.056580143250198,28.056580143250198,3100
2021-05-19,27.6479434967041,27.6479434967041,27.373916026427896,27.498912106784775,4000
2021-05-20,28.171001434326172,28.171001434326172,27.960432968153217,28.04696815522885,4300
2021-05-21,28.058504104614258,28.450797180159306,28.058504104614258,28.450797180159306,3300
2021-05-24,28.8084716796875,28.91327449274213,28.133498796688272,28.479639489063782,8600
2021-05-25,29.648828506469727,29.75170939277103,28.864244148521493,28.864244148521493,5900
2021-05-26,30.707439422607422,30.73916801242663,29.80651325779587,29.80651325779587,10200
2021-05-27,32.13526153564453,32.30640625850199,30.541093244798827,30.85454252515449,21800
2021-05-28,31.89103889465332,33.81596129698115,31.821812227920216,32.796773401544996,38500
2021-06-01,33.18425750732422,33.34482786774205,32.53043706538165,32.89292159138497,20800
2021-06-02,38.49848175048828,39.66189650090137,33.87462389528607,33.883279982131896,84900
2021-06-03,35.97934341430664,38.90230552739238,34.210186189254344,37.14276169254886,67600
2021-06-04,35.86396408081055,37.11391386356273,35.6332060394766,36.53701509239493,43200
2021-06-07,37.21968460083008,37.49852063454647,36.23895362101731,36.72932094484041,71000
2021-06-08,37.30621337890625,38.15233472597614,36.647587977168634,38.094643383732915,50200
2021-06-09,36.844688415527344,37.652348753146725,36.69084852587757,37.652348753146725,45500
2021-06-10,35.95338439941406,37.00815040998727,35.83800171556233,36.84469344178037,32200
2021-06-11,36.67162322998047,36.67162322998047,36.056263584983334,36.47932242396066,16700
2021-06-14,37.133148193359375,37.344679476555356,36.76297211559972,37.20045293477022,31200
2021-06-15,36.70335388183594,37.536975258661506,36.695662436400134,37.536975258661506,25800
2021-06-16,36.58989715576172,36.94084273952994,36.02742031525679,36.94084273952994,12800
2021-06-17,37.1619873046875,37.49851093569536,36.22933085899073,36.22933085899073,38700
2021-06-18,36.97642517089844,37.373523143369304,36.64278438239024,37.03699943788552,27500
2021-06-21,36.7260856628418,37.126622174006435,36.52003994392032,37.126622174006435,38500
2021-06-22,37.163204193115234,37.17475911864785,36.500779337923184,37.068847538018986,18700
2021-06-23,37.61766052246094,38.09425898481231,37.39621069477349,37.54063625204093,48900
2021-06-24,37.71876525878906,38.00280127126114,37.7043234344574,38.00280127126114,13700
2021-06-25,37.68505859375,37.99316302495809,37.48382804780635,37.99316302495809,29300
2021-06-28,38.48902130126953,38.608412419873275,37.983539153424815,38.291643607223925,51400
2021-06-29,38.19536209106445,38.69603279155747,38.176108774760415,38.27239004786114,17000
2021-06-30,38.480350494384766,38.64788221715406,38.16646862965011,38.464946376144475,18700
2021-07-01,38.03168487548828,38.734548484338475,37.82949198929068,38.734548484338475,11900
2021-07-02,37.99509048461914,38.33015395459277,37.636917162705565,38.18572839865145,59300
2021-07-06,37.69468688964844,38.25312476375065,37.69468688964844,38.05093193034611,18700
2021-07-07,37.08810806274414,37.74283092103464,36.65483504286151,37.74283092103464,25800
2021-07-08,36.95331573486328,37.222906224930504,35.749781514356094,36.21193821428346,27500
2021-07-09,37.35770034790039,37.46361194378709,37.07847953563452,37.32881670280214,9600
2021-07-12,37.28067398071289,37.550264447574314,37.15550540414381,37.43472620076151,15600
2021-07-13,36.764591217041016,37.213271973805874,36.751111695288174,37.18438466083963,14000
2021-07-14,35.932716369628906,37.03996929009927,35.932716369628906,36.89554371859623,24300
2021-07-15,35.769039154052734,36.067513295521515,35.28858775557947,35.77866581191833,16600
2021-07-16,35.355018615722656,36.08676572662893,35.355018615722656,35.76903463666126,17800
2021-07-19,35.16245651245117,35.17208317021957,34.36330802055922,34.7580671011735,21900
2021-07-20,36.34673309326172,36.538337002712645,35.30687777422652,35.326134762308094,5500
2021-07-21,36.763633728027344,37.00915571944039,36.68371888533933,36.70297587220454,7700
2021-07-22,36.50944900512695,36.74149148336509,36.39005788497866,36.74149148336509,5600
2021-07-23,36.61151123046875,36.6355797103356,36.216752166282966,36.346732241669514,11900
2021-07-26,37.02263641357422,37.16032222121134,36.65483640047705,37.07847910622273,21000
2021-07-27,36.36598205566406,37.0784720929667,35.605347722335104,37.0784720929667,8000
2021-07-28,36.731868743896484,36.89554764766183,36.32747930436081,36.46227455990762,7700
2021-07-29,36.731868743896484,37.126627852095815,36.731868743896484,36.99182892365376,5600
2021-07-30,36.43338394165039,36.72319368563278,36.19267712482471,36.19267712482471,17500
2021-08-02,36.53448486328125,36.847404498270365,36.53448486328125,36.635581298050965,5400
2021-08-03,36.625953674316406,36.7029779532498,36.09543338927052,36.7029779532498,10900
2021-08-04,36.568180084228516,36.78962992048865,36.46226849451831,36.568180084228516,15600
2021-08-05,37.14972686767578,37.24215893161367,36.56817911103561,36.56817911103561,13600
2021-08-06,36.910953521728516,37.25179454388183,36.780011127082155,37.25179454388183,7200
2021-08-09,37.57048797607422,37.68121474340982,36.9051760922404,36.9051760922404,7600
2021-08-10,37.23252487182617,37.886285342473776,37.23252487182617,37.79096639297914,7600
2021-08-11,36.77037811279297,37.17476754201541,36.548928245343,37.02071530061999,17200
2021-08-12,37.04959487915039,37.04959487915039,36.64520916723454,36.7511170873353,6300
2021-08-13,36.92443084716797,37.001458805341656,36.92443084716797,36.9533181679307,2400
2021-08-16,36.683719635009766,36.751117253968,36.034774223258566,36.751117253968,8400
2021-08-17,36.288963317871094,36.58744113357139,35.629428900721386,36.58744113357139,9200
2021-08-18,36.20230484008789,36.58743722742922,36.19267818320695,36.33710374668361,4100
2021-08-19,35.43204879760742,35.88457886641561,35.43204879760742,35.88457886641561,9300
2021-08-20,36.00973892211914,36.00973892211914,35.557208960619384,35.557208960619384,4700
2021-08-23,36.98220443725586,37.08715375219345,36.23120015630399,36.23120015630399,8800
2021-08-24,38.17610549926758,38.378298359168106,37.068852589135474,37.23253147394214,11500
2021-08-25,37.95465087890625,38.513092482897726,37.95465087890625,38.378297246870744,19300
2021-08-26,37.58877944946289,38.31089993937007,37.58877944946289,37.80059896226724,21400
2021-08-27,38.00279235839844,38.031676000287625,37.736088801411995,37.86799713238965,9800
2021-08-30,38.31090545654297,38.51309834134014,38.00280096364387,38.0894555818277,11100
2021-08-31,38.77305221557617,38.77305221557617,38.33977923618298,38.33977923618298,5800
2021-09-01,38.590118408203125,39.112932906060045,38.503463807742705,38.98487743854627,12500
2021-09-02,38.69699478149414,38.975249615489304,38.628631191357634,38.686402153011166,4500
2021-09-03,38.59975051879883,38.81157372160876,38.4649552707907,38.724919108904245,19200
2021-09-07,38.89437484741211,39.04264961785744,38.68640451481547,38.7152881609582,7000
2021-09-08,38.42644500732422,38.51309962840394,38.127967162961745,38.51309962840394,11700
2021-09-09,38.56123352050781,38.67196027863731,38.27238605841945,38.33978367714357,3800
2021-09-10,38.162628173828125,38.83083062133304,38.162628173828125,38.83083062133304,4100
2021-09-13,38.25313186645508,38.301272501505075,37.852595318543884,38.301272501505075,8200
2021-09-14,37.89688491821289,38.36866826083205,37.80059997989633,38.33978461578451,14900
2021-09-15,38.1568489074707,38.1568489074707,37.51175267308972,37.8198571312465,10000
2021-09-16,38.2242431640625,38.30126743537544,37.94502237565219,38.13758856327635,7900
2021-09-17,38.066341400146484,38.35904173701626,37.84874441729359,38.33015809186814,9800
2021-09-20,36.76844787597656,37.25371438203149,36.28895883311087,37.15550485360374,13500
2021-09-21,36.78963088989258,37.08425581373976,36.68371929739161,37.08425581373976,7300
2021-09-22,37.392364501953125,37.56856430092932,36.85703268821669,36.85703268821669,12000
2021-09-23,37.942138671875,38.02205351790939,37.59840713492426,37.59840713492426,6300
2021-09-24,37.75246047973633,37.75246047973633,37.61766523494422,37.721652236866674,4200
2021-09-27,37.72453308105469,37.89784227452896,37.55026158925697,37.55026158925697,3800
2021-09-28,36.525821685791016,37.40584368245294,36.50078723268709,37.40584368245294,11700
2021-09-29,36.13490295410156,36.84932128120737,36.13490295410156,36.68371415384247,5000
2021-09-30,36.26777648925781,36.35539338785168,35.97700444939276,36.35539338785168,4600
2021-10-01,36.44397735595703,36.57781029023384,35.92308744050785,36.56817996053205,11100
2021-10-04,35.50233459472656,36.38524711480076,35.44167673499669,36.38524711480076,10400
2021-10-05,35.95293426513672,36.13105864004792,35.94619450333781,36.00492776269828,5800
2021-10-06,35.9904899597168,35.9904899597168,35.48018892994928,35.62461451199379,5700
2021-10-07,36.564327239990234,36.822362753952085,36.454562794766474,36.454562794766474,7100
2021-10-08,36.36309814453125,36.664466507415774,36.36309814453125,36.645209520058934,4200
2021-10-11,36.24177932739258,36.751114295183044,36.106021801977064,36.106021801977064,7000
2021-10-12,36.260074615478516,36.51426095440929,36.20230365739624,36.510408088045985,4100
2021-10-13,36.56240463256836,36.5874390837815,36.27644405919668,36.27644405919668,4100
2021-10-14,37.11314392089844,37.136250102151315,36.85895756264273,36.96294088762289,2500
2021-10-15,37.373104095458984,37.41931645345489,37.27681916739806,37.30955567564933,5400
2021-10-18,37.884368896484375,37.9161431107833,37.38658878834592,37.482870056827274,7500
2021-10-19,38.10774230957031,38.208838740586,37.983539696991684,38.05093731766881,5100
2021-10-20,38.0615348815918,38.2001830210108,38.04805535440783,38.10871689963139,3800
2021-10-21,38.220394134521484,38.3782992322617,37.983540160806065,37.983540160806065,4300
2021-10-22,37.55989074707031,38.03167773248361,37.434725844586765,38.03167773248361,8400
2021-10-25,38.29452896118164,38.39755365637762,37.550264606086195,37.73320047038659,10600
2021-10-26,38.339778900146484,38.85970647086131,38.16646970990821,38.51308809038476,24700
2021-10-27,38.012420654296875,38.503464624959605,38.00279399755007,38.330155420360356,8400
2021-10-28,38.68254470825195,38.68639757439743,38.22424095455063,38.24349793948937,9100
2021-10-29,38.744171142578125,38.744171142578125,38.433176140537064,38.503464323949245,7100
2021-11-01,39.55391311645508,39.55391311645508,38.79038803092253,38.99450917055757,5300
2021-11-02,39.661746978759766,39.78402499190723,39.475920540060294,39.78402499190723,7800
2021-11-03,40.39060592651367,40.39060592651367,39.80328068647675,39.88993529030014,8000
2021-11-04,40.60243606567383,40.67946403274941,40.30396187549502,40.52541177149388,10000
2021-11-05,40.67849349975586,40.98756025835822,40.5542872135024,40.872022004028295,8100
2021-11-08,41.305294036865234,41.48726760937769,40.76610940837798,40.76610940837798,22400
2021-11-09,40.29336166381836,41.40157690686556,40.15952871816481,41.40157690686556,15300
2021-11-10,39.34978485107422,40.22691976591437,38.98487545309673,39.85141774067455,16800
2021-11-11,39.580867767333984,39.97658910357393,39.42777784784357,39.97658910357393,8900
2021-11-12,40.13642120361328,40.13642120361328,39.7503265008296,39.889936905581415,6900
2021-11-15,40.251956939697266,40.438745666651336,40.01991447857611,40.438745666651336,8600
2021-11-16,40.358829498291016,40.45800132168513,40.063242297701706,40.3520897369515,3300
2021-11-17,40.09405517578125,40.525403624316354,40.09405517578125,40.371351394031294,4800
2021-11-18,39.929412841796875,40.273140700005,39.69737036813106,40.273140700005,4500
2021-11-19,40.141239166259766,40.18360233798982,40.0006627803749,40.07287557033368,9500
2021-11-22,39.95733642578125,40.727597598205264,39.769585379780864,40.5061477406893,10800
2021-11-23,39.360382080078125,40.236554799038494,38.77305682408039,40.236554799038494,7200
2021-11-24,39.53465270996094,39.61071468594366,39.273726598811734,39.273726598811734,8800
2021-11-26,38.69122314453125,38.9415566702713,38.44570111164915,38.628637008424754,6300
2021-11-29,39.239070892333984,39.33149929974386,38.94540823046039,39.29298899369607,4400
2021-11-30,38.41392135620117,39.21595669814454,38.137591117285275,39.21595669814454,18100
2021-12-01,36.84836196899414,38.96562037661709,36.84739967063122,38.96562037661709,13200
2021-12-02,37.09292221069336,37.35288234260103,36.59899134885856,36.71260499660645,11200
2021-12-03,36.00010681152344,37.290295348781804,35.38389801872436,37.290295348781804,9800
2021-12-06,36.19942092895508,36.40931585689284,35.12394219299175,35.730524467544214,9100
2021-12-07,37.473236083984375,37.5743361808267,36.394870555647415,36.394870555647415,19600
2021-12-08,37.84970474243164,37.97294505000695,37.225790125759474,37.328814821100934,7200
2021-12-09,36.80888748168945,38.09907621913795,36.78963049481474,38.09907621913795,6000
2021-12-10,36.728973388671875,37.2421612643189,36.17823750981321,37.2421612643189,7800
2021-12-13,35.614986419677734,36.548926481165545,35.48018750118008,36.48152885836421,9900
2021-12-14,35.51100158691406,35.92309308256029,35.04692025971225,35.05654691803137,6500
2021-12-15,36.15416717529297,36.15416717529297,34.7773237360255,35.52833158565,5100
2021-12-16,35.2808837890625,36.42376010838768,35.095057348106934,36.42376010838768,8400
2021-12-17,35.68430709838867,35.92308933622709,34.94100500981194,35.095057237118546,6200
2021-12-20,35.133567810058594,35.30687333521376,34.74843544263844,35.28762002244777,5900
2021-12-21,36.221561431884766,36.404500966680224,35.390642483989325,35.390642483989325,4400
2021-12-22,36.299556732177734,36.471903662920425,35.9904899533836,35.9904899533836,5400
2021-12-23,36.722232818603516,36.731863148472854,36.12528091801861,36.49115632226502,6100
2021-12-27,36.92923355102539,36.99663115523648,36.57780371090958,36.58743036598518,11000
2021-12-28,36.587432861328125,37.054404631563415,36.558549221237435,36.97256520271032,7500
2021-12-29,36.445735931396484,37.09641789952414,36.14883479599723,37.09641789952414,5100
2021-12-30,36.765769958496094,37.1503955155058,36.428382344671085,36.428382344671085,7800
2021-12-31,36.257755279541016,38.847939553121584,36.257755279541016,36.65973006830191,7700
2022-01-03,37.03182601928711,37.146537807141605,36.55369537322224,36.92000454928014,5900
2022-01-04,36.60382843017578,37.34415807080763,36.25487214722615,37.34415807080763,5000
2022-01-05,35.19449996948242,36.43802062873653,35.19449996948242,36.43802062873653,5400
2022-01-06,35.078826904296875,35.49622781159311,34.357777124047956,35.13666636082334,8400
2022-01-07,35.154022216796875,35.52225836807051,35.098113305743595,35.52225836807051,3800
2022-01-10,34.78963851928711,34.78963851928711,33.64733402365532,34.66432152987929,9500
2022-01-11,35.290897369384766,35.448022543728875,34.61611849280637,34.61611849280637,6700
2022-01-12,35.56467056274414,35.85964481905563,35.443211007468776,35.85964481905563,2200
2022-01-13,34.27873229980469,36.052435062075496,34.27873229980469,35.21377954749557,7000
2022-01-14,34.37320327758789,34.471525573522094,33.72927277098192,33.72927277098192,4300
2022-01-18,33.191375732421875,33.893145695286535,33.0737736176647,33.65215347513311,6500
2022-01-19,32.52912521362305,33.10268781024896,32.52912521362305,32.96869620964467,7400
2022-01-20,32.00762176513672,33.17980755749206,32.00762176513672,32.35079739776422,4200
2022-01-21,30.904842376708984,31.637457078126758,30.847002922419698,31.637457078126758,6000
2022-01-24,30.32839012145996,30.32839012145996,28.42165897593717,29.69988197245449,9200
2022-01-25,29.757720947265625,30.220425581031957,29.401051642930256,29.960153535054104,4900
2022-01-26,29.656503677368164,31.130411530815756,29.54564747055121,30.65421137734558,3500
2022-01-27,28.769649505615234,30.16258603052792,28.706992854525044,30.16258603052792,3000
2022-01-28,29.537935256958008,29.537935256958008,28.090053188015432,28.870869321669602,3000
2022-01-31,31.299104690551758,31.299104690551758,30.046907585968682,30.14330483374629,2200
2022-02-01,31.907367706298828,31.945927343131363,31.136193355894957,31.136193355894957,10800
2022-02-02,31.1525821685791,32.273676189227736,30.95496679211199,32.273676189227736,4300
2022-02-03,29.95340347290039,30.317783941452884,29.883033792290696,30.13366590924809,3800
2022-02-04,30.518291473388672,30.702409516684423,30.046910377251955,30.33513686945907,2300
2022-02-07,30.246456146240234,30.836404704598934,30.246456146240234,30.836404704598934,1600
2022-02-08,30.993528366088867,30.993528366088867,30.2397050863155,30.2397050863155,3300
2022-02-09,32.12522888183594,32.12522888183594,31.338628408230903,31.338628408230903,5600
2022-02-10,31.66637420654297,32.48574990835144,31.52178109016445,32.042325134525235,8400
2022-02-11,30.7313289642334,31.736749700134865,30.499013200109143,31.736749700134865,6900
2022-02-14,30.548173904418945,31.078357884346126,30.355379395604572,30.673489048111,3400
2022-02-15,31.994129180908203,31.994129180908203,31.194036838214725,31.194036838214725,3400
2022-02-16,31.80133628845215,31.907369780761357,31.43502706922615,31.695299118893338,4000
2022-02-17,30.65420913696289,31.377185784897154,30.649390101638197,31.328988077151415,3900
2022-02-18,30.173189163208008,30.65420830413087,29.883033969402597,30.65420830413087,2500
2022-02-22,29.246814727783203,29.91484589820216,29.04438031547078,29.642041804756655,2400
2022-02-23,27.955097198486328,29.71916015505272,27.955097198486328,29.71916015505272,4500
2022-02-24,29.584203720092773,29.584203720092773,26.971847251257792,26.971847251257792,6300
2022-02-25,29.89267349243164,29.89267349243164,29.626617155279767,29.69987899192667,8300
2022-02-28,30.412254333496094,30.432497591951282,29.497448429670342,29.497448429670342,5100
2022-03-01,29.767358779907227,30.47780522611545,29.733620015546055,30.365020306036815,2000
2022-03-02,29.856046676635742,29.86375786935566,29.217898594128314,29.844478048930995,2000
2022-03-03,28.963409423828125,29.208257247581248,28.919067309931844,29.208257247581248,2000
2022-03-04,28.06016731262207,28.436116398024083,27.87797800218751,28.436116398024083,1400
2022-03-07,26.659523010253906,28.22018809950568,26.659523010253906,27.781582340340506,5000
2022-03-08,26.753028869628906,27.580113986508216,26.566982108883877,26.566982108883877,4800
2022-03-09,27.842313766479492,27.974378508774365,27.60710585002889,27.617709199263373,3100
2022-03-10,27.420089721679688,27.588785349472907,26.909187480983043,27.588785349472907,4400
2022-03-11,26.353946685791016,27.309239124669542,26.353946685791016,27.309239124669542,1200
2022-03-14,25.64928436279297,26.35587337700629,25.64928436279297,26.123557621696296,3800
2022-03-15,26.562162399291992,26.562162399291992,25.882564422243476,25.882564422243476,3100
2022-03-16,28.061134338378906,28.061134338378906,27.722781427479266,27.722781427479266,2200
2022-03-17,28.51516342163086,28.51516342163086,27.521311353565974,27.521311353565974,3200
2022-03-18,29.5360050201416,29.5360050201416,28.32140404667662,28.32140404667662,1700
2022-03-21,29.338394165039062,29.80591968915486,29.13114069591298,29.80591968915486,5500
2022-03-22,30.623361587524414,30.623361587524414,29.015462278059967,29.015462278059967,2500
2022-03-23,30.743860244750977,31.261512184205017,30.51250792595931,30.68313046791345,1700
2022-03-24,31.36658477783203,31.36658477783203,30.49033484542749,30.789166521841494,3400
2022-03-25,31.231624603271484,31.444662362967787,30.962677945545998,31.256688734353233,1400
2022-03-28,32.82025146484375,32.82025146484375,31.232595233045938,31.232595233045938,5700
2022-03-29,33.61648941040039,34.21125879659506,32.989908137694584,33.40152475178661,4700
2022-03-30,32.83277893066406,33.72541278207165,32.83277893066406,33.37259910980939,31900
2022-03-31,32.21583938598633,32.842420651865005,32.21583938598633,32.842420651865005,5200
2022-04-01,31.879413604736328,33.25692594058803,31.661558641027458,32.476109833825305,3400
2022-04-04,32.6187744140625,32.6187744140625,32.01436341471091,32.11943712198114,2100
2022-04-05,31.36754608154297,32.59178691625891,31.232591035979656,32.59178691625891,2700
2022-04-06,30.440210342407227,30.596373943216285,30.440210342407227,30.557816141690804,26900
2022-04-07,30.21463966369629,30.21463966369629,29.58227596233156,29.897493454370334,2200
2022-04-08,29.61505126953125,30.13366661628371,29.61505126953125,30.13366661628371,3200
2022-04-11,29.140777587890625,29.23813827891816,28.919065195991276,29.0636601542463,2800
2022-04-12,28.95184326171875,29.256457429264994,28.793752783564962,29.256457429264994,1200
2022-04-13,29.777963638305664,29.911955254894277,29.121499222333114,29.121499222333114,2400
2022-04-14,29.126319885253906,29.940872927759017,29.126319885253906,29.940872927759017,3400
2022-04-18,28.83230972290039,29.111861587128583,28.57203767798961,28.947986800180104,3800
2022-04-19,29.629512786865234,29.629512786865234,29.468530150671544,29.468530150671544,3000
2022-04-20,28.59710121154785,29.23717612274951,28.59710121154785,29.23717612274951,3000
2022-04-21,27.86833953857422,29.275735027383707,27.863520503278924,29.25645520895317,2600
2022-04-22,27.26296615600586,28.022573699881125,27.26296615600586,28.022573699881125,1300
2022-04-25,27.473114013671875,27.473114013671875,26.94293184710356,26.94293184710356,4300
2022-04-26,26.08306884765625,27.270678770922064,26.08306884765625,27.270678770922064,1400
2022-04-27,26.0223388671875,26.470582672858267,25.98859826726107,26.43202487649528,1800
2022-04-28,26.719289779663086,26.719289779663086,25.853645035179674,25.862321505247746,1500
2022-04-29,25.68398666381836,26.92365183895416,25.68398666381836,26.316350398539907,2100
2022-05-02,26.229591369628906,26.229591369628906,25.41021932291219,25.545174372747947,3100
2022-05-03,26.35009002685547,26.35009002685547,26.297073279732132,26.297073279732132,900
2022-05-04,27.331409454345703,27.331409454345703,25.834364475286822,26.329844405940335,1700
2022-05-05,25.562524795532227,26.69229710415067,25.496975989618544,26.69229710415067,1700
2022-05-06,25.04391098022461,25.35238072664813,24.83183848921462,25.35238072664813,6200
2022-05-09,23.16609764099121,24.224534964070706,23.16609764099121,24.20525698556141,4200
2022-05-10,23.145858764648438,23.732916988683076,22.778586084832423,23.71363716790076,2400
2022-05-11,21.871490478515625,23.244183881344032,21.871490478515625,22.894262317820836,6300
2022-05-12,22.222375869750977,22.222375869750977,21.195750254844338,21.29889343287637,2500
2022-05-13,23.54686737060547,23.795570777366738,23.147784689410138,23.147784689410138,3800
2022-05-16,23.047529220581055,23.617234369258668,23.047529220581055,23.59795455299348,2300
2022-05-17,24.059701919555664,24.059701919555664,23.701105701585234,23.82931301965162,1300
2022-05-18,22.86341667175293,23.681825394646467,22.846065568414627,23.681825394646467,1700
2022-05-19,23.251893997192383,23.388777771507755,23.11597366224814,23.11597366224814,1800
2022-05-20,22.741954803466797,22.741954803466797,22.294674367819315,22.294674367819315,1800
2022-05-23,22.95210075378418,22.95210075378418,22.52795572907737,22.52795572907737,1900
2022-05-24,21.96402931213379,21.97848825600514,21.86473990636821,21.937038302974152,3400
2022-05-25,22.705326080322266,22.82485692422382,21.945718424407957,21.945718424407957,2500
2022-05-26,23.74351692199707,23.906426419878834,23.03885483438619,23.03885483438619,1700
2022-05-27,24.7981014251709,24.7981014251709,24.33057589947912,24.33057589947912,1400
2022-05-31,24.800025939941406,24.800025939941406,24.430826428926675,24.696882773195536,1200
2022-06-01,24.269845962524414,25.00149913561156,24.269845962524414,25.00149913561156,800
2022-06-02,25.237668991088867,25.237668991088867,24.051987710938214,24.272736672529856,6300
2022-06-03,24.298765182495117,24.298765182495117,24.298765182495117,24.298765182495117,500
2022-06-06,24.320934295654297,24.748936711862086,24.320934295654297,24.687243498095523,2600
2022-06-07,24.819305419921875,24.831837485502767,24.282375542067236,24.282375542067236,1500
2022-06-08,24.78267478942871,25.159587330181868,24.475168491210283,24.475168491210283,1000
2022-06-09,23.86594009399414,24.337321167859482,23.86594009399414,24.311293597205182,800
2022-06-10,22.984872817993164,23.135252088952328,22.916431854267188,23.135252088952328,1800
2022-06-13,21.500362396240234,22.171283902812792,21.440596061827218,22.171283902812792,4100
2022-06-14,21.739425659179688,21.747136851076753,21.322991878743245,21.322991878743245,2100
2022-06-15,22.580005645751953,22.85955748871641,22.017048202602417,22.017048202602417,2600
2022-06-16,21.386611938476562,22.17128172344667,21.197673044521242,22.17128172344667,3800
2022-06-17,21.893661499023438,21.893661499023438,21.39047035226116,21.65074055725472,1300
2022-06-21,22.63398551940918,23.01957264675548,22.296596093496994,22.296596093496994,2600
2022-06-22,22.746776580810547,23.144895880250903,22.286964059737162,22.286964059737162,1000
2022-06-23,23.00800895690918,23.00800895690918,22.46047387534887,22.69182802151851,700
2022-06-24,23.78304100036621,23.7849678790735,23.366605371501983,23.366605371501983,1200
2022-06-27,23.53556251525879,23.655433447213113,23.51042706826672,23.655433447213113,1800
2022-06-28,22.723527908325195,23.829445329243164,22.723527908325195,23.684438929061013,1300
2022-06-29,22.527280807495117,22.572717110018175,22.302037187662556,22.572717110018175,1000
2022-06-30,22.10386085510254,22.356172276842756,21.673674481456377,22.356172276842756,900
2022-07-01,22.353269577026367,22.553379568649433,22.1860300042875,22.215030169666456,1000
2022-07-05,22.79796028137207,22.79796028137207,21.915352470221357,21.915352470221357,2600
2022-07-06,22.862730026245117,23.008704428635504,22.814395181557092,22.862730026245117,900
2022-07-07,23.904848098754883,23.904848098754883,23.786909519348487,23.786909519348487,1200
2022-07-08,23.932880401611328,23.956081643579306,23.697003259435732,23.697003259435732,1000
2022-07-11,23.086040496826172,23.452423917335462,23.086040496826172,23.452423917335462,1400
2022-07-12,23.25521469116211,23.25521469116211,23.181744400909565,23.181744400909565,500
2022-07-13,23.283248901367188,23.283248901367188,22.650053958947918,22.650053958947918,1300
2022-07-14,23.16724395751953,23.16724395751953,22.76605775299628,22.80472710257465,800
2022-07-15,23.57809829711914,23.57809829711914,23.452426584622142,23.500761433154153,1000
2022-07-18,23.767574310302734,24.40366968030381,23.665101999689078,24.23546205082938,6600
2022-07-19,24.43943977355957,24.43943977355957,23.950283128751277,23.950283128751277,5100
2022-07-20,25.221506118774414,25.26984096185917,24.789385541189365,24.789385541189365,1900
2022-07-21,25.49798583984375,25.49798583984375,25.100668031939474,25.137403177737625,900
2022-07-22,24.664682388305664,25.511521311058978,24.55447694414128,25.511521311058978,4500
2022-07-25,24.392066955566406,24.53513911901468,24.264461056352534,24.457802266274637,3600
2022-07-26,23.588729858398438,24.167791031310426,23.588729858398438,24.167791031310426,5600
2022-07-27,24.631811141967773,24.641478479236973,24.129120667105727,24.129120667105727,2900
2022-07-28,24.98079490661621,24.98079490661621,24.457803559524177,24.457803559524177,800
2022-07-29,25.580156326293945,25.580156326293945,25.08616700361615,25.08616700361615,1900
2022-08-01,25.733867645263672,25.965878244442386,25.26017726426875,25.26017726426875,6500
2022-08-02,26.02871322631836,26.36706270882598,26.023880478847488,26.36706270882598,1900
2022-08-03,26.993488311767578,26.993488311767578,26.84944812121257,26.84944812121257,1300
2022-08-04,27.12399673461914,27.135596433925713,26.97125537535065,27.067926911663548,2600
2022-08-05,27.0611572265625,27.0611572265625,26.50046458519884,26.652237904638895,1900
2022-08-08,27.29413414001465,27.879962230221913,27.29413414001465,27.870294893119137,2400
2022-08-09,26.52366828918457,26.893918297339297,26.516901337013138,26.893918297339297,2200
2022-08-10,27.39950942993164,27.39950942993164,27.030225599217637,27.030225599217637,700
2022-08-11,27.357940673828125,28.034639608825028,27.357940673828125,27.45461221366429,2500
2022-08-12,27.90220069885254,27.90220069885254,27.489414757798233,27.493281324340533,1700
2022-08-15,28.092639923095703,28.11197459854573,27.802627166769863,27.825828408538666,2300
2022-08-16,28.31498908996582,28.567300556281342,28.01530710880356,28.1313133343916,3400
2022-08-17,27.524215698242188,28.024972020624855,27.522281493043078,27.69628989442571,1700
2022-08-18,27.259336471557617,27.783294035932236,27.193599308915328,27.783294035932236,1800
2022-08-19,26.40379524230957,26.79821451321973,26.365127734805213,26.797246488736405,2300
2022-08-22,25.460285186767578,26.352560384001144,25.460285186767578,25.753198336427907,3000
2022-08-23,25.615924835205078,25.907871801351128,25.569524194771404,25.869204293680372,11100
2022-08-24,25.658458709716797,25.782198043349915,25.36651176682091,25.36651176682091,2800
2022-08-25,26.07704734802246,26.149549616071837,25.922373630223067,25.922373630223067,2400
2022-08-26,25.188636779785156,25.240840031333615,25.188636779785156,25.231172694237383,1100
2022-08-29,25.00882911682129,25.182835650510064,25.00882911682129,25.182835650510064,4900
2022-08-30,24.536109924316406,25.153838635698776,24.390135514959592,25.11516928301801,9400
2022-08-31,24.42783546447754,24.42783546447754,24.37079946319173,24.399801476065505,800
2022-09-01,24.145557403564453,24.1967944806704,24.0856228565899,24.167792465923046,800
2022-09-02,23.869077682495117,24.45877238760422,23.83910948815169,24.19582559066006,15300
2022-09-06,23.574230194091797,23.775306396067247,23.574230194091797,23.775306396067247,2200
2022-09-07,24.085620880126953,24.085620880126953,23.737604107141877,23.737604107141877,500
2022-09-08,24.434602737426758,24.434602737426758,24.177458559887764,24.177458559887764,2000
2022-09-09,25.270811080932617,25.270811080932617,25.03783247143576,25.03783247143576,600
2022-09-12,25.794769287109375,25.794769287109375,25.45255325083116,25.61786049714012,2800
2022-09-13,24.53997802734375,24.796156051397233,24.53997802734375,24.786488712621736,900
2022-09-14,24.878326416015625,24.878326416015625,24.506142186864672,24.506142186864672,10300
2022-09-15,24.7739200592041,24.7739200592041,24.7739200592041,24.7739200592041,400
2022-09-16,24.29539680480957,24.29539680480957,24.158123560745803,24.293462599742707,900
2022-09-19,24.394001007080078,24.394001007080078,24.087553960392235,24.242227676590627,2700
2022-09-20,23.843944549560547,24.254796277350177,23.843944549560547,24.148457402171406,900
2022-09-21,23.39925765991211,23.997651727155734,23.39925765991211,23.868113445187948,1100
2022-09-22,22.677122116088867,22.746725841830727,22.677122116088867,22.746725841830727,700
2022-09-23,22.16573143005371,22.234367128620626,21.934687044471094,22.234367128620626,2600
2022-09-26,21.968523025512695,22.408376760727307,21.968523025512695,22.340707238979856,1900
2022-09-27,22.136730194091797,22.42771097547918,22.118361699220202,22.30203742865544,1100
2022-09-28,22.785390853881836,22.785390853881836,22.128026707305647,22.128026707305647,7200
2022-09-29,21.72684669494629,21.8283509849791,21.562505625621416,21.741346780992032,5400
2022-09-30,21.384626388549805,21.567334074191354,21.384626388549805,21.567334074191354,400
2022-10-03,21.529632568359375,21.529632568359375,21.26765383013866,21.383660025963298,10500
2022-10-04,22.68968963623047,22.68968963623047,22.68968963623047,22.68968963623047,400
2022-10-05,22.482810974121094,22.68871990442902,21.95885347972208,22.68871990442902,900
2022-10-06,22.310741424560547,22.69355919744651,22.27304009325883,22.27304009325883,2500
2022-10-07,21.161317825317383,21.161317825317383,21.108148388553282,21.108148388553282,600
2022-10-10,20.764965057373047,21.09364715413505,20.619958683826535,21.09364715413505,1700
2022-10-11,20.54262351989746,21.083981552847955,20.484621334473964,20.50395416704431,2300
2022-10-12,20.66829490661621,20.66829490661621,20.66829490661621,20.66829490661621,300
2022-10-13,21.04918098449707,21.04918098449707,20.95250944450217,20.95250944450217,700
2022-10-14,20.19847297668457,21.354661164063103,20.19847297668457,21.354661164063103,2600
2022-10-17,21.07528305053711,21.117817127685626,20.887740738462806,20.887740738462806,2900
2022-10-18,21.376895904541016,21.376895904541016,21.376895904541016,21.376895904541016,300
2022-10-19,21.12554931640625,21.12554931640625,21.064646750827265,21.064646750827265,1200
2022-10-20,21.119749069213867,21.465831640511016,21.119749069213867,21.13714953926012,900
2022-10-21,21.717178344726562,21.717178344726562,21.286991936081773,21.286991936081773,400
2022-10-24,21.607938766479492,21.607938766479492,21.42233066980049,21.461000022030724,900
2022-10-25,22.427709579467773,22.427709579467773,21.55766767517033,21.55766767517033,1300
2022-10-26,22.012989044189453,22.616217594138842,22.012989044189453,22.263368092796778,4700
2022-10-27,21.876684188842773,21.958855639252576,21.876684188842773,21.958855639252576,1000
2022-10-28,22.33683967590332,22.33683967590332,21.973354792104576,21.973354792104576,1100
2022-10-31,22.21310043334961,22.5147147271489,22.104827359059744,22.234367469654497,2200
2022-11-01,21.898921966552734,22.58722065481253,21.898921966552734,22.58722065481253,900
2022-11-02,21.052080154418945,21.937588385700565,21.052080154418945,21.673675410213797,1300
2022-11-03,20.86163902282715,21.141986309083386,20.86163902282715,20.876139108717542,1800
2022-11-04,21.117813110351562,21.117813110351562,21.11298036390633,21.11298036390633,400
2022-11-07,21.060779571533203,21.4029955880896,20.830703199234435,21.4029955880896,1600
2022-11-08,21.152618408203125,21.412662975355385,21.02597867876993,21.02597867876993,500
2022-11-09,20.026399612426758,20.339615478349145,20.026399612426758,20.339615478349145,500
2022-11-10,21.737476348876953,21.737476348876953,21.270554853899164,21.270554853899164,4700
2022-11-11,22.63845443725586,22.63845443725586,21.693011595810773,21.693011595810773,900
2022-11-14,22.35810661315918,22.560148987854674,22.273036624828467,22.282702118441613,1900
2022-11-15,22.883031845092773,23.20108044682771,22.717724604185467,22.717724604185467,2600
2022-11-16,22.26820182800293,22.476044972026934,22.23436706910191,22.476044972026934,1400
2022-11-17,22.012989044189453,22.012989044189453,21.876681990199895,21.876681990199895,700
2022-11-18,21.830284118652344,21.881519351507745,21.74811266609536,21.74811266609536,900
2022-11-21,21.36626434326172,21.712346989392486,21.32082987519753,21.69881308266828,1400
2022-11-22,21.591503143310547,21.591503143310547,21.26765563572654,21.26765563572654,1900
2022-11-23,22.014925003051758,22.014925003051758,21.95402059102562,21.95402059102562,800
2022-11-25,21.891185760498047,21.898918893167096,21.731677453169976,21.731677453169976,400
2022-11-28,21.49676513671875,21.944353812081772,21.49676513671875,21.944353812081772,700
2022-11-29,21.453264236450195,21.453264236450195,21.277323484461984,21.277323484461984,600
2022-11-30,22.445114135742188,22.445114135742188,21.451334560316383,21.451334560316383,900
2022-12-01,22.589155197143555,22.621055757248403,22.582388244043457,22.621055757248403,700
2022-12-02,22.616220474243164,22.688722744821025,22.400644179975956,22.400644179975956,1700
2022-12-05,21.88828468322754,22.51471450603206,21.85735030967257,22.51471450603206,500
2022-12-06,21.252187728881836,21.88635069025564,21.235753439428006,21.88635069025564,1200
2022-12-07,20.980541229248047,21.21932059015727,20.943807928645473,21.21932059015727,2600
2022-12-08,21.291826248168945,21.306328178461378,20.755300923757975,20.755300923757975,600
2022-12-09,21.09171485900879,21.394295330077295,21.09171485900879,21.190318750803712,3400
2022-12-12,21.159385681152344,21.159385681152344,20.91964012293515,20.987309645381554,4800
2022-12-13,21.2028865814209,22.050691613065887,21.170984183296667,21.480331607761965,9700
2022-12-14,21.033714294433594,21.34499597356847,21.033714294433594,21.244457860202786,1000
2022-12-15,20.31834602355957,20.32994756693299,20.27194353777835,20.32994756693299,600
2022-12-16,19.97709846496582,20.388916386765015,19.827257485431772,20.388916386765015,9300
2022-12-19,19.511140823364258,19.788585843773692,19.511140823364258,19.759585675760135,8400
2022-12-20,19.450239181518555,19.61941298248449,19.24722877650329,19.24722877650329,1200
2022-12-21,19.747020721435547,19.778921279494135,19.701584414188584,19.701584414188584,800
2022-12-22,19.158292770385742,19.34776743291698,18.781273962758746,19.34776743291698,1900
2022-12-23,19.166990280151367,19.166990280151367,19.121555823942156,19.121555823942156,400
2022-12-27,18.21575927734375,19.02469873044289,18.21575927734375,19.02469873044289,7200
2022-12-28,18.137788772583008,18.294702859935036,18.137788772583008,18.294702859935036,900
2022-12-29,18.973041534423828,19.014951593372984,18.654339191271866,18.654339191271866,3500
2022-12-30,18.952571868896484,18.952571868896484,18.771292531768413,18.771292531768413,3500
2023-01-03,18.67188262939453,19.21962075624132,18.67188262939453,19.20987427483783,1800
2023-01-04,19.05491065979004,19.140677095499896,18.764471827996967,18.764471827996967,1100
2023-01-05,18.767398834228516,18.876556470759144,18.722564640123515,18.722564640123515,2000
2023-01-06,19.188434600830078,19.21377582621038,19.1767399376209,19.21377582621038,700
2023-01-09,19.43696403503418,19.67964454730131,19.42429342313492,19.42429342313492,3100
2023-01-10,19.697185516357422,19.697185516357422,19.37555909319662,19.385305573771323,2200
2023-01-11,20.251750946044922,20.251750946044922,20.028561525447497,20.028561525447497,5200
2023-01-12,20.428157806396484,20.43790428839178,19.999323752311646,20.311203740355662,1500
2023-01-13,20.632827758789062,20.632827758789062,20.41841075722381,20.41841075722381,2500
2023-01-17,20.93496322631836,20.983695635153925,20.506129182273305,20.506129182273305,2300
2023-01-18,20.558757781982422,21.25269129104455,20.554859561098283,21.246843030242687,1900
2023-01-19,20.241029739379883,20.295608550189886,20.155263302242922,20.155263302242922,700
2023-01-20,20.924243927001953,20.924243927001953,20.808263947134822,20.808263947134822,800
2023-01-23,21.67568016052246,21.67568016052246,20.915471276407626,20.915471276407626,2800
2023-01-24,21.571393966674805,21.656186313857418,21.492449880387916,21.492449880387916,1400
2023-01-25,21.669832229614258,21.669832229614258,21.669832229614258,21.669832229614258,200
2023-01-26,22.07819938659668,22.07819938659668,21.841365273957003,21.88035120047526,800
2023-01-27,22.937820434570312,22.937820434570312,22.270202212797063,22.328679246358966,12400
2023-01-30,22.14934539794922,22.708780017829827,22.14934539794922,22.708780017829827,1800
2023-01-31,22.6688232421875,22.6688232421875,22.17273792961778,22.17273792961778,2500
2023-02-01,23.271142959594727,23.3910211548178,22.582081747571735,22.689291189395746,5600
2023-02-02,24.190214157104492,24.38514007759508,23.85884120764131,24.08690479486848,7700
2023-02-03,23.679506301879883,23.9563003961752,23.679506301879883,23.9563003961752,2900
2023-02-06,23.679506301879883,23.679506301879883,23.581069266626084,23.581069266626084,800
2023-02-07,23.834474563598633,23.834474563598633,23.43000581139202,23.576199313888974,1900
2023-02-08,23.457298278808594,23.54501476355154,23.352037009955875,23.54501476355154,1200
2023-02-09,22.959260940551758,22.959260940551758,22.959260940551758,22.959260940551758,400
2023-02-10,22.346220016479492,22.346220016479492,22.250707103779984,22.299437650558982,3800
2023-02-13,22.572336196899414,22.616194437732112,22.21172564689849,22.32867971648474,2200
2023-02-14,22.929046630859375,22.929046630859375,22.58597903375323,22.58597903375323,3600
2023-02-15,23.51772117614746,23.51772117614746,22.85497715308394,22.85497715308394,1600
2023-02-16,22.957313537597656,23.439752320566278,22.957313537597656,23.186351220614885,2000
2023-02-17,22.806243896484375,22.806243896484375,22.601573365860553,22.601573365860553,3000
2023-02-21,22.131803512573242,22.623014648032445,22.131803512573242,22.623014648032445,600
2023-02-22,22.144474029541016,22.24096103445636,22.05578160715515,22.05578160715515,1900
2023-02-23,22.221467971801758,22.27994685949765,21.812125052686667,22.27994685949765,1600
2023-02-24,21.798480987548828,21.798480987548828,21.704918110614067,21.704918110614067,500
2023-02-27,22.223419189453125,22.31893210855343,22.085022122226608,22.085022122226608,1800
2023-02-28,22.27410125732422,22.435889519813202,22.242913628868276,22.326731890741677,1000
2023-03-01,21.67860221862793,21.987558054381893,21.63766811250634,21.987558054381893,800
2023-03-02,21.66008758544922,21.66008758544922,21.30532343446223,21.412531022724558,1600
2023-03-03,22.283845901489258,22.283845901489258,21.797507063583136,21.797507063583136,4500
2023-03-06,22.26630401611328,22.387156304413246,22.261429845589486,22.387156304413246,600
2023-03-07,21.763395309448242,22.240961756238175,21.763395309448242,22.0850217678558,1700
2023-03-08,21.848188400268555,21.848188400268555,21.656186609152567,21.656186609152567,600
2023-03-09,21.252689361572266,21.881323431112683,21.252689361572266,21.881323431112683,600
2023-03-10,20.855043411254883,20.90572399709034,20.837498630082045,20.90572399709034,1400
2023-03-13,20.93496322631836,20.93496322631836,20.447650291670627,20.447650291670627,1000
2023-03-14,21.23807144165039,21.393037332532902,21.23807144165039,21.393037332532902,700
2023-03-15,21.11234474182129,21.159125248495904,20.92521527931808,20.986618296046437,2800
2023-03-16,21.75364875793457,21.75364875793457,21.75364875793457,21.75364875793457,0
2023-03-17,21.544103622436523,21.675678333149623,21.4222753931412,21.675678333149623,600
2023-03-20,21.6279239654541,21.6279239654541,21.354053945688662,21.354053945688662,1000
2023-03-21,22.277023315429688,22.277023315429688,22.007051539544925,22.007051539544925,2600
2023-03-22,22.061628341674805,22.761410037321898,22.061628341674805,22.348168924209396,1000
2023-03-23,22.139602661132812,22.357919780781586,22.139602661132812,22.27994977925377,1300
2023-03-24,22.080150604248047,22.080150604248047,21.919336437209413,21.919336437209413,800
2023-03-27,22.015825271606445,22.015825271606445,22.015825271606445,22.015825271606445,200
2023-03-28,21.93785285949707,21.984633366054858,21.86085696038652,21.86085696038652,2400
2023-03-29,22.437837600708008,22.437837600708008,22.30431469559392,22.309187007319373,400
2023-03-30,22.676620483398438,22.740945776436934,22.588904005714003,22.6454328568543,3300
2023-03-31,23.203893661499023,23.203893661499023,22.80624537767363,22.80624537767363,3600
2023-04-03,23.02553939819336,23.058677069068562,22.757517618258674,22.90371114740927,2400
2023-04-04,22.78675079345703,22.97875257025287,22.78675079345703,22.97875257025287,3300
2023-04-05,22.45147705078125,22.6015706139147,22.309181787115786,22.6015706139147,500
2023-04-06,22.652252197265625,22.652252197265625,22.256554009783308,22.256554009783308,500
2023-04-10,22.752639770507812,22.752639770507812,22.30431277236639,22.30431277236639,1200
2023-04-11,22.789676666259766,22.789676666259766,22.789676666259766,22.789676666259766,200
2023-04-12,22.38910484313965,22.723401906713395,22.38910484313965,22.723401906713395,600
2023-04-13,22.765308380126953,22.765308380126953,22.679541952457225,22.679541952457225,600
2023-04-14,22.698062896728516,22.73802291685507,22.58208291646728,22.660052916661172,3000
2023-04-17,22.83548355102539,22.854976513822084,22.621064678164263,22.854976513822084,1700
2023-04-18,22.78870391845703,22.843282733676038,22.78870391845703,22.843282733676038,400
2023-04-19,22.62496566772461,22.66979799679889,22.50411152426658,22.552842074266714,1000
2023-04-20,22.100618362426758,22.38715713914345,22.100618362426758,22.38715713914345,500
2023-04-21,22.156169891357422,22.156169891357422,21.968068182530033,22.063581102169426,1400
2023-04-24,22.072351455688477,22.254606761087334,21.841365600364835,22.254606761087334,1000
2023-04-25,21.607454299926758,21.84136427144605,21.607454299926758,21.84136427144605,1800
2023-04-26,21.65131187438965,21.89009414973037,21.636693082538503,21.851110085143603,1900
2023-04-27,22.32770347595215,22.32770347595215,22.036290561639614,22.036290561639614,500
2023-04-28,22.527503967285156,22.527503967285156,22.190282742517038,22.190282742517038,2300
2023-05-01,22.474872589111328,22.543096104240828,22.333553247322232,22.543096104240828,1700
2023-05-02,22.239986419677734,22.239986419677734,22.211722925763063,22.211722925763063,800
2023-05-03,22.12887954711914,22.28969370246546,22.12887954711914,22.278971271614697,500
2023-05-04,22.189308166503906,22.29456757088468,22.189308166503906,22.19223229703551,1800
2023-05-05,22.874469757080078,22.893962721699918,22.56258975896834,22.56258975896834,900
2023-05-08,23.14736557006836,23.216563177488645,22.806246126719174,22.806246126719174,3900
2023-05-09,23.092782974243164,23.098631234432514,23.001168286731524,23.001168286731524,400
2023-05-10,23.205841064453125,23.400766978843883,23.147364033716414,23.391020497229217,1900
2023-05-11,23.182449340820312,23.199018173284497,23.06939350283376,23.06939350283376,6100
2023-05-12,22.8549747467041,23.34228762523552,22.738018837918073,23.34228762523552,4100
2023-05-15,22.962182998657227,23.001168922395486,22.582079536964986,22.582079536964986,2100
2023-05-16,22.936845779418945,23.076216937803796,22.913454594779722,22.913454594779722,800
2023-05-17,23.445598602294922,23.445598602294922,23.196093885523602,23.196093885523602,4500
2023-05-18,23.87053680419922,23.87053680419922,23.595690857992427,23.595690857992427,2900
2023-05-19,23.759431838989258,23.759431838989258,23.759431838989258,23.759431838989258,0
2023-05-22,24.145381927490234,24.170721293425284,23.751633722851178,23.9368113032381,1200
2023-05-23,23.91634178161621,24.27890232195245,23.91634178161621,24.0245253035759,2800
2023-05-24,23.729215621948242,23.729215621948242,23.430006260166483,23.430006260166483,1300
2023-05-25,24.137584686279297,24.248690487252066,24.06351291299659,24.248690487252066,3000
2023-05-26,24.68824577331543,24.804227597974656,24.48844755670488,24.48844755670488,3500
2023-05-30,24.912412643432617,25.22331667467372,24.852959662349832,25.22331667467372,1800
2023-05-31,24.79155921936035,24.80422983191785,24.567395709111132,24.80422983191785,1000
2023-06-01,25.045934677124023,25.045934677124023,24.570316421698124,24.609302347416374,1000
2023-06-02,25.32857894897461,25.427990092641327,25.26230361389587,25.359766576502267,4400
2023-06-05,25.411418914794922,25.5400694930616,25.340271274677004,25.496211256881995,3000
2023-06-06,25.660926818847656,25.660926818847656,25.301288493901296,25.457230354436774,1700
2023-06-07,25.373409271240234,26.012763950228898,25.340271606323952,26.012763950228898,2400
2023-06-08,25.606346130371094,25.606346130371094,25.34027256942642,25.34027256942642,2900
2023-06-09,25.77690315246582,25.944539652870727,25.77690315246582,25.944539652870727,1100
2023-06-12,26.28565788269043,26.28565788269043,26.05174790730484,26.266166778955057,4500
2023-06-13,26.753480911254883,26.753480911254883,26.33536557964934,26.73398794768021,3500
2023-06-14,26.763227462768555,27.055616360605544,26.431856352875627,27.055616360605544,6800
2023-06-15,27.031248092651367,27.114090396219627,26.75347987876176,26.821703389688857,8100
2023-06-16,26.87920570373535,27.231045681007796,26.87920570373535,27.211552718638675,3400
2023-06-20,27.06536102294922,27.11409157316919,26.753481040058194,27.11409157316919,7300
2023-06-21,26.49130630493164,27.045868679034925,26.422108698959462,27.045868679034925,3900
2023-06-22,26.517620086669922,26.517620086669922,26.1979418141072,26.1979418141072,3200
2023-06-23,26.216459274291992,26.33049105678005,26.080986349043386,26.11997041396721,2000
2023-06-26,25.75351333618164,26.402614511317054,25.75351333618164,26.402614511317054,2200
2023-06-27,26.39498519897461,26.39498519897461,26.00418240195971,26.00418240195971,600
2023-06-28,26.722623825073242,26.82821988907718,26.290372466836263,26.290372466836263,1500
2023-06-29,26.838092803955078,26.872633313736706,26.75420924657587,26.867699761903594,3800
2023-06-30,27.306856155395508,27.36113463092123,27.148956162402342,27.148956162402342,3900
2023-07-03,27.938459396362305,27.95819736837503,27.760821412881015,27.760821412881015,3400
2023-07-05,28.041091918945312,28.096356729459362,27.91872064522839,27.91872064522839,3800
2023-07-06,27.733184814453125,27.733184814453125,27.385805218175317,27.632524184104824,5900
2023-07-07,28.038131713867188,28.333207409899362,27.810164364978704,27.810164364978704,42500
2023-07-10,28.214784622192383,28.392422601043666,27.97990727892275,28.392422601043666,12100
2023-07-11,28.38156509399414,28.491108380355286,28.05688245244282,28.491108380355286,30700
2023-07-12,28.667755126953125,28.767429417886632,28.520710465962534,28.757560433931722,10800
2023-07-13,29.18586540222168,29.211525137717363,28.836511265739283,28.9944112489986,4100
2023-07-14,28.925331115722656,29.477982956147425,28.826643152624207,29.477982956147425,11800
2023-07-17,29.11284065246582,29.19179065351883,28.895728620149168,29.19179065351883,3100
2023-07-18,29.270736694335938,29.33981770062132,28.984543685108452,28.984543685108452,4100
2023-07-19,29.40890121459961,29.653647523241595,29.320082232568748,29.320082232568748,5500
2023-07-20,28.652956008911133,29.16218284195715,28.5601898074525,29.11283979861489,8200
2023-07-21,28.5009765625,28.769408070331686,28.313471487565774,28.708221490475317,3400
2023-07-24,28.915464401245117,28.915464401245117,28.550321356125846,28.85625237166403,5100
2023-07-25,28.772367477416992,28.994413048564432,28.772367477416992,28.885857979783754,1500
2023-07-26,28.988494873046875,29.015139063180712,28.658878665154514,28.658878665154514,2100
2023-07-27,28.685522079467773,29.685227877710197,28.685522079467773,29.685227877710197,4500
2023-07-28,29.435548782348633,29.48785271103892,29.236200170700254,29.236200170700254,5300
2023-07-31,29.790822982788086,29.790822982788086,29.507588952746723,29.507588952746723,7900
2023-08-01,29.59640884399414,29.675358842912544,29.507589859921378,29.675358842912544,8400
2023-08-02,28.759536743164062,29.260869111921323,28.62334739149691,29.260869111921323,10900
2023-08-03,28.778287887573242,28.974677489848563,28.609532572788133,28.609532572788133,2100
2023-08-04,28.436830520629883,29.132577977715318,28.436830520629883,29.132577977715318,3000
2023-08-07,28.530582427978516,28.57992547058734,28.447685212883812,28.50097547302337,4200
2023-08-08,28.427949905395508,28.427949905395508,28.145704061191154,28.155573047100503,5100
2023-08-09,27.702594757080078,28.2769572995401,27.701608423208462,28.2769572995401,5200
2023-08-10,27.701608657836914,28.214784622905466,27.632527639907796,27.879246636692688,5800
2023-08-11,27.47561264038086,27.53679921968406,27.35817491556923,27.504233262367727,4500
2023-08-14,27.521995544433594,27.521995544433594,27.050268232403283,27.237775180202252,6600
2023-08-15,27.097637176513672,27.453899417368664,27.097637176513672,27.306854750582144,2300
2023-08-16,26.794666290283203,27.070992216286548,26.794666290283203,27.00092487158489,1300
2023-08-17,26.349586486816406,26.867695942199287,26.349586486816406,26.754205443006185,59900
2023-08-18,26.292348861694336,26.319981267412032,26.004181269314643,26.004181269314643,1200
2023-08-21,26.707820892333984,26.711768109627055,26.398929021934613,26.428535975107103,4800
2023-08-22,26.546958923339844,26.97131582298313,26.408796912224815,26.97131582298313,3400
2023-08-23,26.84006690979004,26.91605603005176,26.834145141835037,26.86572476706741,2100
2023-08-24,26.197607040405273,26.754206114310172,26.197607040405273,26.69499220534565,2300
2023-08-25,26.417680740356445,26.417680740356445,26.033786065874782,26.335771740218814,2600
2023-08-28,26.578540802001953,26.578540802001953,26.477880168535233,26.54992206364288,1800
2023-08-29,27.40949249267578,27.40949249267578,26.5469623799693,26.5469623799693,2400
2023-08-30,27.632524490356445,27.70160550041172,27.301921975858672,27.301921975858672,3000
2023-08-31,27.610816955566406,27.741084555539064,27.610816955566406,27.731215569805794,5800
2023-09-01,27.58318328857422,27.672002273800263,27.453902028384856,27.672002273800263,3800
2023-09-05,27.68976593017578,27.739108974692,27.58515619114363,27.58515619114363,2800
2023-09-06,27.37593650817871,27.59304852273994,27.247643472828067,27.53383649737167,2000
2023-09-07,27.15685272216797,27.15685272216797,26.793682333405172,26.793682333405172,1900
2023-09-08,27.05915069580078,27.22790600649121,27.000925003123605,27.22790600649121,2000
2023-09-11,27.593050003051758,27.691737972170852,27.28711899286736,27.28711899286736,8100
2023-09-12,27.425281524658203,27.746015055285397,27.425281524658203,27.746015055285397,3600
2023-09-13,27.49041748046875,27.59305078778437,27.40554571167363,27.509167235153225,1600
2023-09-14,27.797334671020508,27.810164540228794,27.42528352251213,27.42528352251213,1400
2023-09-15,27.44205665588379,27.668051321468347,27.395674498709422,27.668051321468347,1600
2023-09-18,27.18842887878418,27.35619784835599,27.18842887878418,27.35619784835599,1300
2023-09-19,26.961450576782227,27.060138547967167,26.961450576782227,27.060138547967167,2000
2023-09-20,26.603214263916016,27.089744110992143,26.603214263916016,27.089744110992143,600
2023-09-21,25.962732315063477,26.221292948310317,25.962732315063477,26.201554978112913,1700
2023-09-22,25.72983169555664,26.201557176019943,25.72983169555664,26.089054877553682,2000
2023-09-25,25.875883102416992,25.875883102416992,25.619295165524047,25.619295165524047,1600
2023-09-26,25.613378524780273,25.708117394950765,25.613378524780273,25.648905365804648,700
2023-09-27,25.730815887451172,25.730815887451172,25.51469019590607,25.51469019590607,600
2023-09-28,26.097930908203125,26.097930908203125,25.811737897568428,25.811737897568428,900
2023-09-29,26.23807144165039,26.47294878203436,26.23807144165039,26.47294878203436,700
2023-10-02,26.28938865661621,26.379193977517264,26.181819914768955,26.379193977517264,1700
2023-10-03,25.60745620727539,26.083130744837945,25.60745620727539,26.083130744837945,900
2023-10-04,26.190698623657227,26.190698623657227,25.722920418835887,25.722920418835887,1000
2023-10-05,25.841346740722656,25.841346740722656,25.719961794546236,25.719961794546236,600
2023-10-06,26.280506134033203,26.280506134033203,26.280506134033203,26.280506134033203,400
2023-10-09,26.39498519897461,26.39498519897461,26.11273747958615,26.11273747958615,1300
2023-10-10,26.73841667175293,26.92197641036408,26.73841667175293,26.92197641036408,700
2023-10-11,26.845985412597656,26.867697933208728,26.69302084606641,26.867697933208728,1100
2023-10-12,26.609132766723633,26.89236678181404,26.594330231386785,26.89236678181404,600
2023-10-13,26.155174255371094,26.566701356777894,26.155174255371094,26.566701356777894,1300
2023-10-16,26.493671417236328,26.493671417236328,26.014049663388064,26.014049663388064,1600
2023-10-17,26.46011734008789,26.46011734008789,26.46011734008789,26.46011734008789,400
2023-10-18,25.727855682373047,25.935100610412153,25.727855682373047,25.935100610412153,1000
2023-10-19,25.409093856811523,25.67851168860787,25.409093856811523,25.67851168860787,700
2023-10-20,24.959077835083008,25.3627104549364,24.948222516809345,25.3627104549364,1200
2023-10-23,25.07948112487793,25.264027216993217,24.632425266004624,24.632425266004624,2100
2023-10-24,25.415016174316406,25.415016174316406,25.283762247370156,25.392317320092328,600
2023-10-25,24.677820205688477,25.05677945136593,24.677820205688477,25.05677945136593,800
2023-10-26,24.201160430908203,24.52288221207995,24.010692583208098,24.52288221207995,2400
2023-10-27,24.13503646850586,24.454785556139864,24.13503646850586,24.454785556139864,2400
2023-10-30,24.36004638671875,24.573211204088448,24.326492212315838,24.395573228841524,1100
2023-10-31,24.573211669921875,24.573211669921875,24.21793759500964,24.326492673472224,1400
2023-11-01,24.941314697265625,24.941314697265625,24.701503829517414,24.720253582689576,1300
2023-11-02,25.925230026245117,25.925230026245117,25.461397154261157,25.461397154261157,500
2023-11-03,26.39991569519043,26.40189024502051,26.152210395438846,26.152210395438846,6300
2023-11-06,26.299257278442383,26.299257278442383,26.222279945651245,26.27162487239338,1300
2023-11-07,26.54005241394043,26.55485683195906,26.300241547518397,26.300241547518397,7300
2023-11-08,26.485776901245117,26.547949816925716,26.280506516721932,26.458144494275963,5100
2023-11-09,26.037736892700195,26.546963759180805,26.037736892700195,26.507489698378517,2500
2023-11-10,26.493671417236328,26.493671417236328,26.468998013563535,26.468998013563535,3000
2023-11-13,26.65157127380371,26.65157127380371,26.398930529456976,26.398930529456976,4100
2023-11-14,27.37495231628418,27.40554560628668,27.208169663194212,27.208169663194212,1500
2023-11-15,27.656211853027344,27.82200629020498,27.479560214287034,27.523969707433398,1500
2023-11-16,27.46475601196289,27.46475601196289,27.46475601196289,27.46475601196289,600
2023-11-17,27.56640625,27.583183336777925,27.43515043959817,27.43515043959817,2100
2023-11-20,27.889116287231445,27.93845933483798,27.78055932371713,27.81016628167102,6000
2023-11-21,27.61377716064453,27.70160793157319,27.514100971883977,27.70160793157319,1700
2023-11-22,27.696674346923828,27.834836378994893,27.53383890999735,27.834836378994893,2000
2023-11-24,27.703580856323242,27.735160478650727,27.703580856323242,27.735160478650727,700
2023-11-27,27.74799156188965,27.849638534528054,27.575287141850275,27.790426504782562,1900
2023-11-28,28.08648681640625,28.08648681640625,27.61772227633661,27.92858682520706,17800
2023-11-29,28.064777374267578,28.096356997388693,28.064777374267578,28.096356997388693,500
2023-11-30,27.84174346923828,27.898982830009846,27.73910828276617,27.898982830009846,1300
2023-12-01,28.123004913330078,28.123004913330078,27.6917398333845,27.6917398333845,3700
2023-12-04,27.82003402709961,27.839770115872184,27.60292010975257,27.78055808492141,2700
2023-12-05,27.823978424072266,27.823978424072266,27.823978424072266,27.823978424072266,600
2023-12-06,27.738121032714844,28.11609392698937,27.738121032714844,28.10622494219499,1200
2023-12-07,28.211822509765625,28.211822509765625,27.86937643668024,27.86937643668024,1200
2023-12-08,28.491107940673828,28.491107940673828,28.10622506132711,28.10622506132711,1900
2023-12-11,28.204912185668945,28.39241912732853,28.204912185668945,28.39241912732853,1700
2023-12-12,28.259191513061523,28.259191513061523,28.096356086679556,28.096356086679556,1600
2023-12-13,28.757564544677734,28.757564544677734,28.165440481271787,28.165440481271787,3600
2023-12-14,29.364492416381836,29.364492416381836,29.08323292742048,29.08323292742048,2000
2023-12-15,29.451337814331055,29.487850987737335,29.37929591899243,29.487850987737335,1100
2023-12-18,29.61713409423828,29.626016745855893,29.48785283159772,29.48785283159772,3500
2023-12-19,29.956615447998047,30.07997492707791,29.75430597759972,29.823386984713842,2600
2023-12-20,29.262847900390625,30.001030358531004,29.262847900390625,29.991161372542816,2500
2023-12-21,29.714834213256836,29.73753118459146,29.50758929362559,29.586539291028824,1600
2023-12-22,29.726747512817383,29.84589173079722,29.58774340015664,29.826035623642714,3200
2023-12-26,29.912418365478516,30.054399485856038,29.86575224876526,30.054399485856038,8300
2023-12-27,30.05936050415039,30.133827060704974,29.99482294805396,30.07127606220546,1000
2023-12-28,30.018651962280273,30.21325696113721,30.004751740487862,30.054396742434463,2700
2023-12-29,29.717811584472656,30.104040811255015,29.638381472586623,30.064326702193625,3000
2024-01-02,28.929468154907227,29.41895674703956,28.803373814979267,29.41895674703956,3400
2024-01-03,28.495580673217773,28.594866893105124,28.495580673217773,28.594866893105124,1100
2024-01-04,28.33572769165039,28.416152033694566,28.33572769165039,28.416152033694566,800
2024-01-05,28.381399154663086,28.575011835590992,28.33672149032971,28.575011835590992,1300
2024-01-08,29.021804809570312,29.021804809570312,28.495581020211755,28.495581020211755,1400
2024-01-09,28.87187957763672,28.87187957763672,28.743798693339407,28.743798693339407,800
2024-01-10,28.990036010742188,29.091308799534158,28.922519555705232,28.922519555705232,900
2024-01-11,28.823230743408203,29.131022197967177,28.81330174245297,29.131022197967177,1500
2024-01-12,28.516429901123047,28.624652785611044,28.46579256743406,28.624652785611044,1300
2024-01-16,28.407217025756836,28.46579681095847,28.11828932173062,28.11828932173062,4700
2024-01-17,28.138145446777344,28.138145446777344,27.87999709755073,27.87999709755073,2300
2024-01-18,28.35459327697754,28.35459327697754,28.35459327697754,28.35459327697754,600
2024-01-19,28.81826400756836,28.81826400756836,28.366504900001885,28.461821789899794,3300
2024-01-22,28.874858856201172,29.23030873868659,28.803371189433587,28.803371189433587,5100
2024-01-23,28.91259002685547,29.02677069786156,28.892732024829197,28.892732024829197,2100
2024-01-24,28.937410354614258,29.175700687528277,28.937410354614258,29.175700687528277,1500
2024-01-25,28.773584365844727,28.91258847882278,28.684225255274267,28.91258847882278,1900
2024-01-26,28.742807388305664,28.803373728078114,28.742807388305664,28.803373728078114,1400
2024-01-29,29.28988265991211,29.28988265991211,28.813301972830295,28.813301972830295,2600
2024-01-30,29.016841888427734,29.200523673975198,29.010884109027856,29.081379448557556,2600
2024-01-31,28.415157318115234,28.684226998094164,28.415157318115234,28.684226998094164,600
2024-02-01,28.73685073852539,28.73685073852539,28.368492943444778,28.644512733320873,1700
2024-02-02,29.39115333557129,29.41498255759516,28.743798800839492,28.89273001816631,7000
2024-02-05,29.00194549560547,29.279951825880975,28.86294327734931,29.200521716339857,4200
2024-02-06,29.607603073120117,29.637390076178853,28.99202016001269,28.99202016001269,3200
2024-02-07,29.984895706176758,30.044467814893935,29.776390485021853,29.776390485021853,5700
2024-02-08,30.538921356201172,30.610409026292437,30.282759572244906,30.282759572244906,2600
2024-02-09,30.967845916748047,30.967845916748047,30.73948268079368,30.749411681814593,3300
2024-02-12,31.28754997253418,31.513926643067766,30.97578730490328,30.977773862545117,7800
2024-02-13,30.35722541809082,30.61040830645231,30.278787638603156,30.35225997088503,2400
2024-02-14,31.136634826660156,31.136634826660156,30.6799102532074,30.739482364957485,2900
2024-02-15,31.42456817626953,31.474213180702893,31.156490833619237,31.17634883539258,1700
2024-02-16,31.260744094848633,31.517898208411598,31.19620653658873,31.225993538961745,2300
2024-02-20,30.729557037353516,31.01749050562259,30.391978561615016,31.01749050562259,3200
2024-02-21,30.424741744995117,30.424741744995117,30.292689626823623,30.38204874410514,4100
2024-02-22,31.10883331298828,31.139612646650587,30.441618866758645,30.441618866758645,4800
2024-02-23,30.91819953918457,31.226985207809026,30.814940205666733,31.226985207809026,3500
2024-02-26,31.20613670349121,31.28655915101134,30.89834524252154,30.89834524252154,2300
2024-02-27,31.48811149597168,31.513925381702865,31.424566272898538,31.513925381702865,1300
2024-02-28,31.393789291381836,31.623144859494044,31.374925515061225,31.374925515061225,2000
2024-02-29,31.8475341796875,31.8475341796875,31.573499060715026,31.772075288775174,4500
2024-03-01,32.12554168701172,32.12554168701172,31.801863427069456,31.801863427069456,20000
2024-03-04,31.89618492126465,32.1166038145284,31.89618492126465,32.099726596362494,3200
2024-03-05,31.53378677368164,31.63307489344952,31.384855540911502,31.63307489344952,2300
2024-03-06,31.940866470336914,32.02029848614495,31.940866470336914,31.950797366076408,1900
2024-03-07,32.57630920410156,32.57630920410156,32.15929872215094,32.15929872215094,3700
2024-03-08,32.17915344238281,33.07274453574866,32.12652955118108,32.85431031569782,6100
2024-03-11,32.00639724731445,32.347948844416386,32.00639724731445,32.07987148085457,4600
2024-03-12,32.42936325073242,32.42936325073242,31.98058295973578,32.14937410210567,2200
2024-03-13,32.19007873535156,32.34298118419462,32.17915550863709,32.233764067156265,1700
2024-03-14,31.623144149780273,32.149369829922634,31.49406903306457,32.09972671965553,2500
2024-03-15,31.555627822875977,31.78200260332792,31.555627822875977,31.78200260332792,900
2024-03-18,32.06001281738281,32.218873053163875,31.891221686381616,31.891221686381616,2600
2024-03-19,31.88129425048828,31.88129425048828,31.672789009569957,31.672789009569957,1300
2024-03-20,32.50580978393555,32.50580978393555,31.81179100521797,31.81179100521797,1100
2024-03-21,32.40751266479492,32.84438107653074,32.40751266479492,32.764949078932915,2100
2024-03-22,32.51375961303711,32.546521720789485,32.238732134154866,32.238732134154866,2900
2024-03-25,32.726226806640625,32.79473558185419,32.43729915248364,32.43729915248364,2300
2024-03-26,32.543540954589844,33.01317151158934,32.543540954589844,32.88409639705165,2500
2024-03-27,32.53361129760742,32.81459653445181,32.351916070924865,32.81459653445181,1600
2024-03-28,32.258583068847656,32.586230587261795,32.258583068847656,32.34794217160171,3300
2024-04-01,32.32212829589844,32.566374504451964,32.22879607279648,32.2982971804144,5300
2024-04-02,31.78200340270996,31.835619629864382,31.633074067591355,31.633074067591355,1700
2024-04-03,31.970653533935547,32.073912876039564,31.70257617726972,31.70257617726972,1900
2024-04-04,31.49307632446289,32.173196774557155,31.49307632446289,32.173196774557155,1800
2024-04-05,31.714487075805664,31.714487075805664,31.714487075805664,31.714487075805664,600
2024-04-08,31.888242721557617,32.01334472341467,31.874342499129053,31.874342499129053,1500
2024-04-09,31.930936813354492,32.06497359492284,31.72938358124396,32.02029593024228,1100
2024-04-10,31.672786712646484,31.672786712646484,31.454354379977804,31.474212381246748,2700
2024-04-11,32.083839416503906,32.083839416503906,31.732360726759055,31.732360726759055,1000
2024-04-12,31.329254150390625,31.702575505270303,31.2657089214933,31.702575505270303,2200
2024-04-15,30.492258071899414,31.513928243231945,30.492258071899414,31.513928243231945,2700
2024-04-16,30.453536987304688,30.453536987304688,30.29269019443143,30.29269019443143,900
2024-04-17,30.017658233642578,30.017658233642578,30.017658233642578,30.017658233642578,500
2024-04-18,29.87071418762207,29.935251745673053,29.87071418762207,29.935251745673053,800
2024-04-19,29.018827438354492,29.716821274766502,28.990034659981546,29.716821274766502,3000
2024-04-22,29.409029006958008,29.409029006958008,29.101235653784414,29.101235653784414,1500
2024-04-23,29.96305274963379,30.02262675529908,29.567888738375824,29.567888738375824,1400
2024-04-24,30.16361427307129,30.51112173830238,29.960074483884462,30.332403505111344,2900
2024-04-25,30.084184646606445,30.170564874884334,29.468601715346626,29.468601715346626,1500
2024-04-26,30.774234771728516,30.774234771728516,30.33240275339451,30.33240275339451,1100
2024-04-29,31.086990356445312,31.260745034867863,30.908272124359634,30.908272124359634,4500
2024-04-30,30.524030685424805,30.878488274350858,30.524030685424805,30.878488274350858,700
2024-05-01,30.143756866455078,30.878485876118297,30.143756866455078,30.32247509194999,1200
2024-05-02,30.943025588989258,30.943025588989258,30.560767556449882,30.560767556449882,700
2024-05-03,31.516904830932617,31.633072053194105,31.41463783056476,31.523854941879435,1200
2024-05-06,32.238731384277344,32.238731384277344,31.77207777987682,31.77207777987682,2100
2024-05-07,31.627117156982422,32.0600125265044,31.57350092835516,32.0600125265044,4600
2024-05-08,31.3649959564209,31.3649959564209,31.166419726899633,31.166419726899633,2000
2024-05-09,31.359039306640625,31.359039306640625,31.295495971412564,31.295495971412564,2100
2024-05-10,31.14755630493164,31.176349082096532,31.106847969103136,31.176349082096532,1200
2024-05-13,31.811792373657227,31.811792373657227,31.384854794444113,31.384854794444113,2400
2024-05-14,32.523681640625,32.76693551827976,31.921006665672845,31.921006665672845,11900
2024-05-15,32.44325637817383,32.92381012835901,31.871358858436675,32.92381012835901,5600
2024-05-16,31.871362686157227,32.377732275788844,31.871362686157227,32.357874273496755,2600
2024-05-17,32.099727630615234,32.1195818452643,32.040153624088134,32.1195818452643,1600
2024-05-20,32.26553726196289,32.26553726196289,32.099726924346974,32.099726924346974,1100
2024-05-21,32.45219802856445,32.45219802856445,32.1990132400598,32.1990132400598,1200
2024-05-22,32.308231353759766,32.421417801218794,32.308231353759766,32.387659575874046,1300
2024-05-23,31.90909194946289,32.655734606910436,31.90909194946289,32.655734606910436,1700
2024-05-24,32.50084686279297,32.50084686279297,31.96071909379735,31.96071909379735,1800
2024-05-28,32.956581115722656,32.956581115722656,32.60609474881969,32.60609474881969,2000
2024-05-29,32.60609436035156,32.933741936785296,32.518719905790086,32.596167252743705,2300
2024-05-30,32.70042037963867,32.923816292246826,32.51673668675343,32.62595381292699,3700
2024-05-31,32.65375518798828,32.65375518798828,32.56638072706229,32.56638072706229,800
2024-06-03,33.093597412109375,33.99711568150613,32.74509572265092,32.92381395506141,3200
2024-06-04,33.184940338134766,33.184940338134766,32.90395510593503,32.90395510593503,500
2024-06-05,33.934566497802734,33.934566497802734,33.33089531818809,33.33089531818809,2100
2024-06-06,34.478660583496094,34.49256080579578,33.75782990027807,33.75782990027807,3300
2024-06-07,33.923641204833984,34.46277289408168,33.923641204833984,34.274127555701696,3000
2024-06-10,33.79555892944336,33.881941050383304,33.747904268783635,33.78761648600007,6300
2024-06-11,34.036827087402344,34.036827087402344,33.55925407621412,33.59897007969827,3000
2024-06-12,34.32377243041992,34.70603236174352,33.708189484716215,34.52234867379987,4700
2024-06-13,34.40717315673828,34.46873182896255,34.333702712893675,34.462774049389004,2000
2024-06-14,34.28703308105469,34.40320030201351,34.125192079731924,34.333699193324705,4000
2024-06-17,34.63156509399414,34.82517588578931,34.27412862067177,34.27412862067177,5100
2024-06-18,34.571990966796875,34.71099319760397,34.56206385925068,34.56206385925068,2800
2024-06-20,34.55213165283203,34.89566788880386,34.55213165283203,34.750707883959976,4400
2024-06-21,34.08548355102539,34.37143045947086,34.08548355102539,34.29398689963425,1700
2024-06-24,33.886905670166016,34.30987012652187,33.886905670166016,34.015977001138545,3200
2024-06-25,34.462772369384766,34.59184748711464,33.916690577102834,33.916690577102834,2300
2024-06-26,35.20314025878906,35.20314025878906,34.978246636880634,34.978246636880634,1600
2024-06-27,35.35737991333008,35.406144063694995,35.067805284473856,35.067805284473856,2800
2024-06-28,35.038944244384766,35.5892434736375,35.038944244384766,35.5892434736375,2900
2024-07-01,35.36036682128906,35.3613613882502,35.03894327815751,35.11755962077268,1700
2024-07-02,35.90370178222656,35.983308899097445,35.36633950813334,35.36633950813334,2900
2024-07-03,36.55250930786133,36.58037236574029,36.16740312819344,36.16740312819344,3600
2024-07-05,37.16649627685547,37.16649627685547,36.46593774104013,36.62017913182116,3600
2024-07-08,37.42323303222656,37.45607272018983,37.09783124146257,37.296854706984035,5100
2024-07-09,37.58544158935547,37.774511809098094,37.47597848464131,37.47597848464131,8900
2024-07-10,38.109867095947266,38.18250844645466,37.7645625491478,37.80436800490765,4200
2024-07-11,37.178436279296875,38.31187051777411,37.0381264269863,38.1725552323513,5400
2024-07-12,37.71977996826172,38.08896930210347,37.71977996826172,37.864071896458015,2900
2024-07-15,38.00338363647461,38.03224505625805,37.85411888738812,38.013336897381116,2800
2024-07-16,38.19246292114258,38.311875496156624,37.8242681377585,38.311875496156624,3100
2024-07-17,37.07594299316406,37.73470697011562,36.98837174875044,37.456076368877596,7000
2024-07-18,36.70576095581055,37.24212483508336,36.60525275359882,37.15057532748279,5000
2024-07-19,36.351497650146484,36.72267610658096,36.351497650146484,36.61022930522586,1700
2024-07-22,36.99135971069336,37.05803366085207,36.77741012603753,36.93861729077164,3500
2024-07-23,36.948570251464844,37.1575432033144,36.948570251464844,37.12769100906654,4200
2024-07-24,35.03794860839844,37.28690744858864,35.03794860839844,36.06291818787221,3000
2024-07-25,34.670753479003906,35.455899588290684,34.2717119428382,34.721502968130615,4600
2024-07-26,34.85882568359375,34.88868167076311,34.80907076638729,34.88868167076311,1300
2024-07-29,34.97824478149414,35.13746280666726,34.894655602982546,35.13746280666726,2700
2024-07-30,34.5145149230957,35.167311417034135,34.271707744149836,35.167311417034135,1900
2024-07-31,35.380271911621094,35.445947499956425,35.380271911621094,35.445947499956425,1100
2024-08-01,34.0826416015625,35.48575165871884,33.93337303962912,35.435996736760124,2900
2024-08-02,32.92134475708008,33.12733400954542,32.674555480925044,33.10743128120479,5200
2024-08-05,31.75407600402832,31.90831740302111,29.90316403188575,29.90316403188575,10900
2024-08-06,32.4188117980957,32.78899571795154,31.997878387637588,32.42080472820014,1300
2024-08-07,31.79487419128418,32.69943282984247,31.79487419128418,32.69943282984247,1300
2024-08-08,33.087528228759766,33.087528228759766,32.27153535507343,32.27153535507343,2600
2024-08-09,33.29650115966797,33.29650115966797,32.9780651016481,32.9780651016481,4500
2024-08-12,33.04772186279297,33.38606063984176,33.04772186279297,33.326356253105416,2800
2024-08-13,34.0557746887207,34.0557746887207,33.45572050822909,33.45572050822909,2100
2024-08-14,34.09458541870117,34.09458541870117,33.97317991168883,33.99805927173382,2500
2024-08-15,34.963314056396484,34.9981428799472,34.51053935023712,34.51053935023712,2300
2024-08-16,35.15238952636719,35.26284719936608,35.03794978934411,35.03794978934411,1000
2024-08-19,35.73453140258789,35.73453140258789,35.207122377174535,35.207122377174535,3100
2024-08-20,35.5494384765625,35.834040277310585,35.40614490721568,35.7743358887685,1700
2024-08-21,35.79423904418945,35.79423904418945,35.505655175934116,35.62606231751407,3800
2024-08-22,35.01804733276367,35.92360058576376,35.01804733276367,35.92360058576376,4200
2024-08-23,35.920616149902344,35.920616149902344,35.515603422033806,35.515603422033806,1800
2024-08-26,35.52555465698242,35.9335510625095,35.52555465698242,35.83403742941939,4500
2024-08-27,35.52157211303711,35.53550364187569,35.396188353489826,35.396188353489826,3000
2024-08-28,34.912567138671875,34.9334644343401,34.640902294984976,34.8588301509372,2300
2024-08-29,34.93246841430664,35.39619096387095,34.93246841430664,35.33648278042072,3900
2024-08-30,35.47380828857422,35.47380828857422,35.23697228523549,35.23697228523549,600
2024-09-03,34.331417083740234,35.217067525777765,34.331417083740234,35.217067525777765,900
2024-09-04,34.1423454284668,34.1423454284668,34.08263725210167,34.08263725210167,900
2024-09-05,34.52048873901367,34.67970676004239,34.480687080799285,34.61303660999763,2600
2024-09-06,33.694549560546875,34.71951542855431,33.55125218953782,34.71951542855431,1300
2024-09-09,34.40803909301758,34.50058316029542,34.12244276414237,34.12244276414237,5100
2024-09-10,34.734439849853516,34.734439849853516,34.63990663684106,34.63990663684106,600
2024-09-11,35.46186828613281,35.46186828613281,34.65980700237094,34.65980700237094,800
2024-09-12,35.71164321899414,35.71164321899414,35.42604306145872,35.42604306145872,4100
2024-09-13,35.935543060302734,35.963406120577176,35.935543060302734,35.963406120577176,700
2024-09-16,35.81911087036133,35.883795680047825,35.56535965039046,35.784282048244336,8100
2024-09-17,35.90071487426758,36.202235707647674,35.90071487426758,36.202235707647674,900
2024-09-18,35.780303955078125,36.24701017372163,35.780303955078125,35.93355077314017,1400
2024-09-19,36.65998840332031,36.78238848016064,36.650038936709514,36.650038936709514,1300
2024-09-20,36.50574493408203,36.580375419590396,36.321647545694475,36.580375419590396,3300
2024-09-23,36.79930114746094,36.8590093311367,36.59032819868158,36.59032819868158,2700
2024-09-24,37.08888244628906,37.08888244628906,36.80428062790885,36.876921984084056,1400
2024-09-25,37.096839904785156,37.17047961837566,36.96847243456625,36.96847243456625,2100
2024-09-26,37.310791015625,37.59539282363469,37.310791015625,37.565540628601966,800
2024-09-27,37.39238739013672,37.47597656486031,37.39238739013672,37.47597656486031,700
2024-09-30,37.38045120239258,37.38045120239258,37.26700981673125,37.26700981673125,1100
2024-10-01,36.75949478149414,36.75949478149414,36.54057237221805,36.65998494055565,2200
2024-10-02,36.46096420288086,36.610232771564114,36.46096420288086,36.480866931775786,1800
2024-10-03,36.621177673339844,36.621177673339844,36.3913074126477,36.3913074126477,600
2024-10-04,37.3038215637207,37.3038215637207,36.98836922876966,37.06798013573228,3600
2024-10-07,36.861995697021484,37.276957923621715,36.83910926651695,37.276957923621715,4000
2024-10-08,37.18739318847656,37.3635302346131,36.93861479503682,36.93861479503682,4400
2024-10-09,37.54364776611328,37.54364776611328,37.20729811320882,37.41627106498796,2200
2024-10-10,37.422245025634766,37.55559293466312,37.422245025634766,37.42622708998716,2600
2024-10-11,37.40532684326172,37.40532684326172,37.227200653619114,37.227200653619114,2400
2024-10-14,37.764564514160156,37.84417163376488,37.50583283431567,37.50583283431567,4000
2024-10-15,37.3167610168457,37.7645629082593,37.137640260280264,37.74466018019012,2300
2024-10-16,37.51976013183594,37.595388974759274,37.14759091088293,37.35656384683282,4500
2024-10-17,37.46702575683594,37.62524922513849,37.46702575683594,37.62524922513849,1400
2024-10-18,37.775508880615234,37.7844675761435,37.61529627689896,37.61529627689896,2100
2024-10-21,37.78446578979492,37.79441525584131,37.508818888805834,37.67500268299842,4800
2024-10-22,37.91382598876953,37.91382598876953,37.555588287625724,37.555588287625724,1100
2024-10-23,37.27496337890625,37.70485164109032,37.2670030475409,37.694902175897866,2000
2024-10-24,38.20240783691406,38.20240783691406,37.87999354317457,37.93372672809325,2900
2024-10-25,38.40839767456055,38.71986794128943,38.2820193474233,38.57059939089622,4300
2024-10-28,38.70295333862305,38.82933166780763,38.69996584177491,38.69996584177491,5200
2024-10-29,38.788536071777344,38.788536071777344,38.51090002425177,38.640265865040746,1600
2024-10-30,38.40143585205078,38.869140481640066,38.40143585205078,38.78952956764304,2800
2024-10-31,37.41229248046875,38.10489071253848,37.41229248046875,38.10489071253848,3400
2024-11-01,37.55359649658203,37.62524707582944,37.55359649658203,37.62524707582944,2000
2024-11-04,37.30880355834961,37.39637480938731,37.24710623540038,37.39637480938731,1600
2024-11-05,38.60045623779297,38.60045623779297,37.82426507295122,37.82426507295122,2100
2024-11-06,40.043373107910156,40.06327203946617,39.34479989567674,39.396547746682394,24100
2024-11-07,40.7479133605957,40.82950960821173,40.18268804877757,40.18268804877757,8000
2024-11-08,41.29522705078125,41.29522705078125,40.75985390652507,40.75985390652507,7700
2024-11-11,42.122161865234375,42.228641266987715,41.76093666337894,42.0136971256159,13400
2024-11-12,41.815670013427734,42.10823214697971,41.69526287298223,42.02364839896096,2300
2024-11-13,41.914180755615234,42.45154297203441,41.914180755615234,42.113204220517545,6200
2024-11-14,41.19670867919922,41.97389448234335,41.167851051165414,41.97389448234335,10000
2024-11-15,41.064353942871094,41.064353942871094,40.75984944439376,40.97877563662704,5600
2024-11-18,41.383792877197266,41.536045143154,41.33702165527513,41.33702165527513,3300
2024-11-19,41.9539909362793,41.9539909362793,41.1280485885227,41.1280485885227,2500
2024-11-20,41.73506164550781,41.88433019902392,41.24745812332827,41.78482036071785,4100
2024-11-21,41.65545654296875,42.0037447898937,41.37582758238856,42.0037447898937,7000
2024-11-22,41.967918395996094,41.967918395996094,41.476332821477925,41.476332821477925,2600
2024-11-25,42.073402404785156,42.56897007805253,42.05349967696902,42.49135209680963,7100
2024-11-26,42.10226058959961,42.29232917532605,42.04852739944667,42.14306061275495,2600
2024-11-27,42.1112174987793,42.27242465451596,41.8246227818507,42.162961552747,2800
2024-11-29,42.39979934692383,42.46149286356695,42.18286228753907,42.22266774013074,2100
2024-12-02,42.68838119506836,42.750078510380014,42.620716478066555,42.680420863424445,3300
2024-12-03,42.92621612548828,42.92621612548828,42.710273621012774,42.710273621012774,7600
2024-12-04,43.456607818603516,43.456607818603516,43.0088097485492,43.10831958721526,11600
2024-12-05,43.71533966064453,43.92431260037531,43.6456820140676,43.6456820140676,60000
2024-12-06,44.499488830566406,44.499488830566406,43.95914287031302,43.993971694747664,15900
2024-12-09,44.115379333496094,44.92938309381062,44.053682013498374,44.81991998426442,14800
2024-12-10,43.89247512817383,44.51143367011631,43.8646120670964,44.362168898368964,9100
2024-12-11,44.85275650024414,44.85275650024414,44.19697625248504,44.352212210482065,7900
2024-12-12,44.710453033447266,44.95425479536305,44.680600841065704,44.790060145150434,12000
2024-12-13,44.73732376098633,44.848776000575356,44.45172360098223,44.76021018988558,6200
2024-12-16,45.28761672973633,45.28761672973633,44.73035556211325,44.85972138862161,13300
2024-12-17,45.47669219970703,45.47669219970703,44.90947775238323,45.237863265859424,16100
2024-12-18,43.36705017089844,45.55331323522287,43.36705017089844,45.227911439628,12200
2024-12-19,43.40287780761719,44.07358419089742,43.40287780761719,44.07358419089742,7300
2024-12-20,44.063629150390625,44.18702378386287,42.789884952586796,42.92920024971444,28900
2024-12-23,44.282554626464844,44.282554626464844,43.82480328744722,44.093484411494195,6300
2024-12-24,45.307518005371094,45.307518005371094,44.523370332022175,44.53133066329653,9900
2024-12-26,45.09257888793945,45.17218980164406,44.917440192269545,45.148305009109755,6100
2024-12-27,44.15796661376953,44.797646621739354,43.72652773212858,44.78768440456908,6000
2024-12-30,43.60895538330078,43.82617049488243,43.39772292352898,43.502343311754025,4600
2024-12-31,42.97724151611328,43.92082419935408,42.96329213243509,43.781326561650225,8700
2025-01-02,42.84173583984375,43.24328045114286,42.401330601287796,43.16356751346381,10000
2025-01-03,44.412044525146484,44.412044525146484,43.21338575311469,43.21338575311469,6900
2025-01-06,44.88732147216797,45.20616563234176,44.78569241422354,45.07663780540517,13400
2025-01-07,43.702613830566406,45.02681325639339,43.56710335827944,45.02681325639339,7800
2025-01-08,43.402706146240234,43.51230574330863,43.09382418835006,43.4425588174822,12300
2025-01-10,42.764015197753906,44.837501837621296,42.30268967751094,42.91447089917843,5800
2025-01-13,42.42524337768555,42.42524337768555,41.788550903880754,41.908120313712715,26500
2025-01-14,42.14326477050781,43.004143166791124,42.14326477050781,42.90450580087899,6100
2025-01-15,43.433589935302734,43.433589935302734,43.04400301482097,43.04400301482097,5600
2025-01-16,43.263206481933594,43.71158227062723,43.24328204770028,43.57208842546081,6900
2025-01-17,43.964664459228516,44.16992185015054,43.920824624650265,43.98060552618024,4300
2025-01-21,44.169921875,44.29944969566915,43.668736098087784,44.27952146150728,10000
2025-01-22,44.63323974609375,44.942121678927684,44.50869113137521,44.50869113137521,6600
2025-01-23,44.66811752319336,44.66811752319336,44.380159663082964,44.399092056182354,7800
2025-01-24,44.539581298828125,44.98696123115469,44.46186384492906,44.76775445259223,11100
2025-01-27,43.32299041748047,43.78132841514535,42.78493948061014,43.02407449730433,34600
2025-01-28,44.26955795288086,44.26955795288086,43.532228514098506,43.532228514098506,3700
2025-01-29,44.03242111206055,44.3193793310356,43.81122264706894,44.17988548841424,3500
2025-01-30,44.50171661376953,44.50171661376953,44.23069946563473,44.23069946563473,4000
2025-01-31,44.255611419677734,45.0955658041576,44.15995741270076,44.668117899420125,3300
2025-02-03,43.72951889038086,43.75642181783643,42.9244379536445,42.95432840596304,9800
2025-02-04,44.8624153137207,44.8624153137207,44.299453107821286,44.299453107821286,4700
2025-02-05,44.637229919433594,44.637229919433594,44.42898498648854,44.42898498648854,2700
2025-02-06,44.92119598388672,44.92119598388672,44.64818716348357,44.64818716348357,4200
2025-02-07,44.476810455322266,45.225098009754156,44.44891168634005,44.91721570933209,3900
2025-02-10,44.957069396972656,45.06268942558822,44.71793817197195,44.78768509600735,4700
2025-02-11,44.45488739013672,44.802626136181466,44.45488739013672,44.75778666010712,4900
2025-02-12,44.747825622558594,44.82454723384998,44.040390411422884,44.040390411422884,3600
2025-02-13,45.50508117675781,45.644578821473935,44.8972871146445,44.8972871146445,2000
2025-02-14,45.95744323730469,46.0032747559928,45.71432485698889,45.82392824667959,4100
2025-02-18,46.03316879272461,46.25237177015731,45.69638809158497,46.112877929721385,8900
2025-02-19,45.7103385925293,46.0730263874468,45.654541054991554,45.973385212613564,4700
2025-02-20,45.26594924926758,47.208908416740755,44.73786433435084,45.515046480971264,15000
2025-02-21,43.89093017578125,45.22609145050131,43.85904804202104,45.22609145050131,9300
2025-02-24,43.05396270751953,43.98060467246714,43.05396270751953,43.86103907080607,6900
2025-02-25,42.144264221191406,42.89454345714066,41.92206991146,42.89454345714066,6800
2025-02-26,42.2498779296875,42.70522838164106,42.10839241029251,42.70522838164106,1900
2025-02-27,41.2803955078125,42.71519426241998,41.2803955078125,42.615556885362544,3800
2025-02-28,41.78157424926758,41.78157424926758,40.79216004486641,40.80212606234541,3800
2025-03-03,40.58292007446289,42.34254174385351,40.31389461115227,42.22696330549822,5100
2025-03-04,40.214256286621094,40.214256286621094,39.35736123140997,39.85555567737718,8100
2025-03-05,41.06218338012695,41.06218338012695,40.044870357828074,40.423499221437886,2600
2025-03-06,39.636348724365234,40.582918927576955,39.636348724365234,40.25710009587921,6000
2025-03-07,39.85356521606445,39.966156130454,38.679817666642386,39.61642188544266,4400
2025-03-10,37.56983947753906,38.95880274518016,37.50806309480711,38.95880274518016,15300
2025-03-11,37.89765167236328,38.24937759273791,37.46422113238382,37.55389628545122,3800
2025-03-12,38.74258804321289,38.88905656926157,38.29720361489236,38.84920390296806,6600
2025-03-13,37.932525634765625,38.77945469091409,37.8727409316207,38.77945469091409,7100
2025-03-14,39.14712905883789,39.14712905883789,38.53036098103206,38.53036098103206,3100
2025-03-17,39.323486328125,39.51180302070018,39.148123178557114,39.168051413882004,1600
2025-03-18,38.4895133972168,38.59014662140313,38.4735685273172,38.4735685273172,1200
2025-03-19,39.30754089355469,39.550659256034706,39.098300147271296,39.126198913442416,26900
2025-03-20,39.14812088012695,39.29259772705832,38.799382483799576,38.799382483799576,8600
2025-03-21,39.480918884277344,39.480918884277344,39.37729433547793,39.37729433547793,800
2025-03-24,40.9117317199707,40.9117317199707,40.254115163968585,40.254115163968585,4900
2025-03-25,41.140899658203125,41.140899658203125,40.801131429803704,40.802127271396714,3200
2025-03-26,40.05483627319336,41.160828608192645,39.8635282581917,41.07115345127589,5300
2025-03-27,39.61642074584961,39.96515913923955,39.61642074584961,39.743960683182166,4100
2025-03-28,38.441680908203125,39.45699838609545,38.33606088875271,39.45699838609545,5000
2025-03-31,38.29122543334961,38.30118764986646,37.04573931803358,37.47418684577606,4100
2025-04-01,38.769493103027344,38.769493103027344,38.236425177668714,38.29122687287661,2200
2025-04-02,39.168052673339844,39.26769005224591,38.12184119021431,38.12184119021431,1800
2025-04-03,36.91621017456055,37.6136832061167,36.91621017456055,37.11548872656548,9100
2025-04-04,34.584659576416016,36.009496080396204,34.37541880893081,35.72054237238966,9900
2025-04-07,34.62052917480469,34.88357579929496,32.62177620606709,32.8011227219266,19300
2025-04-08,33.857295989990234,36.50769043909015,33.857295989990234,36.36819659454628,4400
2025-04-09,38.41378402709961,38.41378402709961,33.797510865983014,33.797510865983014,14700
2025-04-10,36.698997497558594,37.42436927118477,35.88195888575538,37.42436927118477,4700
2025-04-11,37.341670989990234,37.341670989990234,36.404067074536634,36.70697017586844,15200
2025-04-14,37.65453338623047,38.311154068395304,37.42436855315381,38.311154068395304,7200
2025-04-15,37.73424530029297,37.972384485306875,37.66449837604345,37.66449837604345,4100
2025-04-16,36.40705490112305,36.90624518479896,35.82018114893083,36.80660401582091,2800
2025-04-17,36.482784271240234,36.74283957596686,36.32834139430609,36.69700805454162,4400
2025-04-21,35.52126693725586,35.90985801249081,35.0828533746957,35.90985801249081,2500
2025-04-22,36.46783447265625,36.77671641907126,36.46783447265625,36.77671641907126,15400
2025-04-23,37.727272033691406,38.171664483319056,37.633613503697696,38.07202330139522,5100
2025-04-24,38.79042053222656,38.79042053222656,37.812963911135625,37.812963911135625,2600
2025-04-25,39.69514083862305,39.69514083862305,38.849207576908626,38.849207576908626,2600
2025-04-28,39.824668884277344,39.89541164330807,39.24775735133075,39.89541164330807,2200
2025-04-29,40.067787170410156,40.067787170410156,39.586529639851115,39.586529639851115,1500
2025-04-30,39.875484466552734,39.875484466552734,38.99866116518339,39.09830233631743,4100
2025-05-01,40.214256286621094,40.92866617950943,40.214256286621094,40.622775580277334,3200
2025-05-02,41.02930450439453,41.29035563536787,40.841983660380045,40.841983660380045,1400
2025-05-05,40.57295608520508,40.89180022017973,40.50619669285481,40.60284653507085,4400
2025-05-06,40.019962310791016,40.019962310791016,39.74694967609801,39.93327467979136,1900
2025-05-07,40.09469223022461,40.22422005450791,39.83562897981376,40.134544898738326,1500
2025-05-08,40.78219985961914,41.190719175399835,40.57295909320219,40.57295909320219,5600
2025-05-09,41.00140380859375,41.2305727941913,40.742340572059526,40.94161910764233,2700
2025-05-12,42.66736602783203,42.85468687593004,42.34653018610257,42.844724658880246,7600
2025-05-13,43.826168060302734,43.94972083598763,43.02407466087862,43.02407466087862,3800
2025-05-14,44.476810455322266,44.578443314152736,44.11013929116069,44.11013929116069,6700
2025-05-15,44.09120559692383,44.140028441202396,43.077879767054974,44.090209755335586,3000
2025-05-16,44.590396881103516,44.619291491487324,44.26956104020671,44.34927017916473,4600
2025-05-19,44.325355529785156,44.325355529785156,43.61393317405521,43.73150709164818,4100
2025-05-20,44.22771453857422,44.33930961783588,44.22771453857422,44.300448988054846,1700
2025-05-21,43.463478088378906,44.4090524509675,43.440562329833845,43.97064270841276,5300
2025-05-22,43.75143814086914,44.078252830908376,43.41266574971615,43.41266574971615,5100
2025-05-23,43.392738342285156,43.54219820629057,43.044003727502165,43.044003727502165,3600
2025-05-27,44.54854965209961,44.54854965209961,44.11013987643025,44.11013987643025,4900
2025-05-28,44.26955795288086,44.73786193971243,44.26955795288086,44.73786193971243,22700
2025-05-29,44.2496337890625,44.97699727749141,44.20977731823625,44.97699727749141,6300
2025-05-30,44.02046203613281,44.12009940605839,43.592014503793195,44.09020895526512,5000
2025-06-02,44.18088150024414,44.18088150024414,43.72154765942514,43.78132856310912,3300
2025-06-03,44.57345962524414,44.62826132075505,44.23967024416653,44.23967024416653,3500
2025-06-04,44.485774993896484,44.56847545581066,44.428981616659534,44.56847545581066,3900
2025-06-05,43.303062438964844,44.46883947575012,43.0041465170196,44.46883947575012,4000
2025-06-06,44.08124542236328,44.24863803907351,43.910861479827645,43.97064618619084,5700
2025-06-09,44.56648254394531,44.618292910949286,44.0373980104125,44.14999272112768,19500
2025-06-10,45.067665100097656,45.15634441111009,44.62825951312783,44.62825951312783,3800
2025-06-11,44.85742950439453,45.335695728496596,44.727897880912074,45.335695728496596,6000
2025-06-12,44.43695068359375,44.56847398487002,44.4090519166843,44.488764851238116,2000
2025-06-13,43.9915657043457,44.278523903122,43.821181779467295,43.821181779467295,4700
2025-06-16,44.918209075927734,45.02183361228367,44.48876570521876,44.48876570521876,2600
2025-06-17,44.44691848754883,44.87735770886086,44.44691848754883,44.69800739982717,2200
2025-06-18,44.75579833984375,44.86241420814834,44.740853113670006,44.740853113670006,3000
2025-06-20,44.530616760253906,45.14638516824563,44.384144420694206,45.14638516824563,2400
2025-06-23,45.14937210083008,45.14937210083008,44.47880200473446,44.47880200473446,3300
2025-06-24,46.007259368896484,46.10291336916744,45.704356301679105,45.704356301679105,8200
2025-06-25,46.018226623535156,46.2922313137554,45.95345890694382,46.26234086051161,6400
2025-06-26,46.487449645996094,46.56332491801752,46.15399909552137,46.15399909552137,5200
2025-06-27,46.55533981323242,46.643196395777686,46.20391729147751,46.63321070244751,3400
2025-06-30,46.73004913330078,46.88279748150175,46.61524032446299,46.88279748150175,3000
2025-07-01,46.05815505981445,46.40358690972068,45.71472263352844,46.23386821598492,3000
2025-07-02,46.524391174316406,46.524391174316406,46.06414669766853,46.06414669766853,2100
2025-07-03,46.860836029052734,46.8927849155751,46.860836029052734,46.8927849155751,1600
2025-07-07,46.26980972290039,46.463491038495,46.0741327920515,46.37363884251373,4500
2025-07-08,46.39859390258789,46.49343894195049,46.37363728746811,46.37363728746811,1800
2025-07-09,46.822898864746094,46.88279778855778,46.53337470490298,46.53337470490298,2200
2025-07-10,47.192291259765625,47.192291259765625,46.738037425898085,47.01258686487584,5300
2025-07-11,47.13738250732422,47.312094059779035,46.99262041859703,46.99262041859703,1800
2025-07-14,47.43289566040039,47.43289566040039,47.142373685561125,47.142373685561125,3400
2025-07-15,47.576656341552734,47.941057975491056,47.56267941778829,47.93107228227297,7100
2025-07-16,47.83922576904297,47.881156541474766,47.50178397426121,47.62158563714832,5400
2025-07-17,48.38832092285156,48.460204967433405,48.09081047629851,48.1107780548809,6900
2025-07-18,48.50413131713867,48.63990932802173,48.42026977221427,48.58998847739189,3200
2025-07-21,48.64689636230469,48.909464490532336,48.64689636230469,48.669857363190694,14900
2025-07-22,48.589988708496094,48.62992386581942,48.00096227589492,48.62992386581942,4500
2025-07-23,48.90147399902344,48.90147399902344,48.619939911257376,48.85954322814653,4900
2025-07-24,48.659873962402344,48.86453496558203,48.540068498251046,48.82959265731106,3600
2025-07-25,48.979347229003906,49.1390840382909,48.729758226466345,48.729758226466345,4000
2025-07-28,49.17901611328125,49.238918845811554,49.09914961166685,49.15905234419715,7100
2025-07-29,48.685829162597656,49.26886872044136,48.65987473920058,49.25888683581572,5200
2025-07-30,48.7057991027832,48.91944800502496,48.7057991027832,48.75971118428438,2600
2025-07-31,48.56902313232422,49.308806113878575,48.56902313232422,49.27885665021625,3800
2025-08-01,47.55768966674805,47.93207317986661,47.192290230650215,47.83123748369107,7100
2025-08-04,48.337406158447266,48.337406158447266,47.98099459160798,47.98099459160798,4400
2025-08-05,48.348388671875,48.7597101194031,48.348388671875,48.5800057239413,3400
2025-08-06,48.99931716918945,48.99931716918945,48.14073034970711,48.14073034970711,4800
2025-08-07,49.36870574951172,49.598327176164915,49.11911674552878,49.42760686547242,8200
2025-08-08,49.8578987121582,49.91780144492548,49.568378358181405,49.57836024276295,7100
2025-08-11,50.02762222290039,50.506832669391656,49.95773760414704,49.95773760414704,5500
2025-08-12,50.634620666503906,50.634620666503906,50.15740964306827,50.38703107762746,6300
2025-08-13,50.93413162231445,50.97506077843889,50.74644095503238,50.946109122641175,15600
2025-08-14,50.726470947265625,50.770397332687715,50.52679898079305,50.59668359779455,6100
2025-08-15,50.57172393798828,50.94610745262172,50.57172393798828,50.94610745262172,3000
2025-08-18,50.64360809326172,50.64360809326172,50.47188997061003,50.526799857553456,16600
2025-08-19,49.60931396484375,50.56174423520337,49.55839530632881,50.56174423520337,6900
2025-08-20,49.248905181884766,49.52844365382446,48.387321148568844,49.40864199562545,8100
2025-08-21,49.026268005371094,49.189002049090114,48.83957515357727,49.129099316264075,5700
2025-08-22,50.1993408203125,50.30716117236621,49.03924852121383,49.03924852121383,5200
2025-08-25,50.22929000854492,50.36706363132595,50.15740977423574,50.15740977423574,4600
2025-08-26,50.53578567504883,50.53578567504883,50.17737468613127,50.30716204232425,3900
2025-08-27,50.52779769897461,50.56673504704543,50.49685042878452,50.53678177605785,3100
2025-08-28,50.81332778930664,50.81332778930664,50.466898114321786,50.53678273390725,6100
2025-08-29,50.192352294921875,50.75642209615951,50.15740998525983,50.696519361699096,3600
2025-09-02,49.89284133911133,49.89284133911133,49.288836394785754,49.388674283368104,10600
2025-09-03,50.35009002685547,50.4888614587938,50.2272949426031,50.36706418219191,2500
2025-09-04,50.754425048828125,50.754425048828125,50.29717780476544,50.37704430669976,3100
2025-09-05,50.835289001464844,51.15576423984573,50.716485152800075,51.15576423984573,3300
2025-09-08,50.982051849365234,51.21566451399325,50.966075501928536,51.210671667392646,2600
2025-09-09,51.61500930786133,51.61500930786133,51.09586369719426,51.29553567182408,5500
2025-09-10,51.87458038330078,52.04430289525561,51.7248292581448,52.04430289525561,10300
2025-09-11,52.22400665283203,52.32983138932821,51.95445006073992,51.95445006073992,2700
2025-09-12,52.723182678222656,52.76311402453635,52.3657695176268,52.413690941629206,4400
2025-09-15,53.43201446533203,53.5108831586751,53.1924073456411,53.31221280969955,13200
2025-09-16,53.66163635253906,53.71155339211204,53.386089114636874,53.5817660424815,9400
2025-09-17,53.558807373046875,53.661638687929575,52.91287163647009,53.531851332650604,3700
2025-09-18,54.07096481323242,54.27063678970927,53.8014082162526,53.94117745725854,7300
2025-09-19,54.240684509277344,54.36048616557126,54.060980120623476,54.26064827830468,13000
2025-09-22,54.75982666015625,54.75982666015625,54.21073160596288,54.21073160596288,5100
2025-09-23,54.33552551269531,55.009415063094764,54.250666165195774,55.009415063094764,7600
2025-09-24,54.57014083862305,54.789780385493756,54.280616673825484,54.6000903010414,5400
2025-09-25,53.891258239746094,54.130865363531015,53.571784613650216,53.891258239746094,4800
2025-09-26,54.148834228515625,54.20674134708806,53.57178531704065,54.060981455662684,15100
2025-09-29,54.630043029785156,54.699927647018534,54.444347986096744,54.520223257439554,9300
2025-09-30,54.749847412109375,54.749847412109375,54.270636952185974,54.36048915144825,5000
2025-10-01,55.13920211791992,55.16915157960109,54.510236763633685,54.510236763633685,5400
2025-10-02,55.130218505859375,55.68829763261843,55.118237197715516,55.56849597645785,6100
2025-10-03,54.78878402709961,55.41674779742788,54.689943943337724,55.29894175145992,6500
2025-10-06,55.84104537963867,55.91791845728491,55.578477261469615,55.84803384124288,6900
2025-10-07,55.46267318725586,56.05769406690568,55.46267318725586,55.9179210199899,6600
2025-10-08,56.27433395385742,56.27433395385742,55.428726289123965,55.58846309883913,7200
2025-10-09,56.199459075927734,56.38714974076464,55.957856330831284,56.38714974076464,5800
2025-10-10,53.88926315307617,56.307282373863174,53.88926315307617,56.307282373863174,15200
2025-10-13,55.17913818359375,55.17913818359375,54.51622831785708,54.80974751919791,10700
2025-10-14,54.6949348449707,55.109253510638155,53.82137332041756,54.35050079659342,7400
2025-10-15,55.31092071533203,55.69628391541024,54.9994333624982,55.31890698462121,3500
2025-10-16,54.808746337890625,55.5954529058851,54.51023809610346,55.56849686634274,6400
2025-10-17,55.070316314697266,55.18912016441758,54.44035314131093,54.44035314131093,13300
2025-10-20,55.881980895996094,55.94487705330887,55.44869625673031,55.44869625673031,3700
2025-10-21,55.69828414916992,56.0077720828634,55.648367109067046,55.87798854028112,16200
2025-10-22,54.98945236206055,55.647365578285914,54.38045456996456,55.54852930555112,8200
2025-10-23,55.58846664428711,55.5984485293446,54.75583804209363,54.7997644298285,5700
2025-10-24,56.213436126708984,56.36718228981939,56.11759327457035,56.33723282668586,5000
2025-10-27,57.25771713256836,57.31562044266446,56.95521384916048,57.0061286974027,16300
2025-10-28,57.58816909790039,57.764880063774285,57.365536131455215,57.48534159620653,9200
2025-10-29,57.896663665771484,58.01446970817594,57.80481585519158,57.93459939746226,5800
2025-10-30,56.56285858154297,57.375523391759565,56.56285858154297,57.375523391759565,3000
2025-10-31,57.24074172973633,57.56520819926528,56.83640875865812,57.525273044277654,3600
2025-11-03,57.52827072143555,57.704977880565146,57.3156196374829,57.69499599595387,8000
2025-11-04,55.871002197265625,56.88632861796416,55.871002197265625,56.2873164971615,3400
2025-11-05,56.749549865722656,57.076011949775626,55.99778942639563,56.06767404326165,6200
2025-11-06,55.37881088256836,56.70662243838565,55.29195210931509,56.70662243838565,4800
2025-11-07,55.15317916870117,55.15317916870117,54.00107699779974,54.90958081901366,10200
2025-11-10,56.5738410949707,56.63673725079385,56.080653733000275,56.13755923468416,8500
2025-11-11,56.54988479614258,56.62675787889309,56.16651338162698,56.307284239080886,5000
2025-11-12,56.447052001953125,56.8763454082864,55.99779101760132,56.78649321141604,4600
2025-11-13,54.71490478515625,55.634392158672235,54.5102399625218,55.634392158672235,8500
2025-11-14,54.43735885620117,54.964490710249144,53.60173307407292,53.65165392156346,17700
2025-11-17,53.94517135620117,54.570141696876874,53.6816054191815,54.10091313333729,8200
2025-11-18,53.377105712890625,53.67661176254304,53.05263923892299,53.47195075517721,4200
2025-11-19,53.38608932495117,53.70456514197223,52.97876292901615,53.35214482388558,4400
2025-11-20,52.214019775390625,54.76581755254554,52.214019775390625,54.49027412084753,3700
2025-11-21,52.67825698852539,53.11254324641704,51.75477839309827,52.57343005905351,2800
2025-11-24,54.27762222290039,54.27762222290039,53.322194782220485,53.322194782220485,6700
2025-11-25,54.70391845703125,54.70990911109464,53.82137286301992,53.971127789326744,5100
2025-11-26,55.301937103271484,55.36882448939681,55.05933655760338,55.05933655760338,2400
2025-11-28,55.73622131347656,55.75818450701224,55.528563069896464,55.528563069896464,3300
2025-12-01,55.55451965332031,55.79811800712997,55.24902295133329,55.24902295133329,3300
2025-12-02,55.8021125793457,56.16750820279131,55.67632026880614,55.79811754047934,3100
2025-12-03,56.189476013183594,56.25736120748155,55.66833099283391,55.66833099283391,3600
2025-12-04,56.377166748046875,56.38714863273066,56.047707427091346,56.38714863273066,7800
2025-12-05,56.429080963134766,56.766526562848725,56.417099654442254,56.49696996782413,5400
2025-12-08,56.04071807861328,56.496967512492155,55.91293015286727,56.437064780059096,4500
2025-12-09,56.24837875366211,56.39713587937311,56.0277413926549,56.0277413926549,9700
2025-12-10,56.54389190673828,56.73657541404307,56.17849246988099,56.20744412467268,3700
2025-12-11,56.19746398925781,56.19746398925781,55.518581558252926,56.087644212414936,5800
2025-12-12,56.171504974365234,56.795477508260134,55.69828517961643,56.36718190790723,5500
2025-12-15,56.00178527832031,56.75653915143124,56.00178527832031,56.576834760187865,3600
2025-12-16,56.4071159362793,56.51194286286657,55.7581829906331,55.79811814602617,5200
2025-12-17,55.2270622253418,56.55687325029779,55.2270622253418,56.506952399737834,3300
2025-12-18,56.105613708496094,56.63673679786635,56.06767416872622,56.06767416872622,8500
2025-12-19,56.78449249267578,56.80146664739616,56.377166097350745,56.47700017674049,4200
2025-12-22,56.905296325683594,57.16586502733109,56.905296325683594,57.15588314266428,3300
2025-12-23,57.003135681152344,57.003135681152344,56.71660874309937,56.766525784065145,2300
2025-12-24,57.0999755859375,57.0999755859375,56.826423959239534,56.91627615516153,1800
2025-12-26,56.891319274902344,57.15887643774624,56.891319274902344,57.10596597480619,3400
2025-12-29,56.47700119018555,56.486986883359315,56.387148993752035,56.486986883359315,3500
2025-12-30,56.25,56.470001220703125,56.25,56.470001220703125,3700
2025-12-31,55.869998931884766,56.38999938964844,55.869998931884766,56.279998779296875,4500
2026-01-02,55.86899948120117,56.64500045776367,55.58000183105469,56.40999984741211,17600
2026-01-05,56.47999954223633,56.6150016784668,56.35100173950195,56.52000045776367,3500
2026-01-06,56.40399932861328,56.52000045776367,56.150001525878906,56.52000045776367,12300
2026-01-07,56.310001373291016,56.71699905395508,56.310001373291016,56.439998626708984,8400
2026-01-08,56.349998474121094,56.470001220703125,56.108001708984375,56.43000030517578,5500
2026-01-09,56.63600158691406,56.72999954223633,56.2400016784668,56.2400016784668,3200
2026-01-12,56.9010009765625,57.09000015258789,56.38999938964844,56.38999938964844,8600
2026-01-13,56.93000030517578,57.189998626708984,56.75,57.04999923706055,8200
2026-01-14,56.36199951171875,56.63999938964844,56.040000915527344,56.63999938964844,4900
2026-01-15,56.279998779296875,56.810001373291016,56.27000045776367,56.77000045776367,10500
2026-01-16,56.130001068115234,56.59000015258789,56.066001892089844,56.59000015258789,7400
2026-01-20,54.79999923706055,55.459999084472656,54.779998779296875,55.22999954223633,8400
2026-01-21,55.57699966430664,55.66999816894531,54.93000030517578,55.0,10000
2026-01-22,56.19499969482422,56.22999954223633,55.95000076293945,56.04999923706055,3700
2026-01-23,56.28300094604492,56.3390007019043,56.22999954223633,56.22999954223633,2900
2026-01-26,56.01499938964844,56.349998474121094,56.0099983215332,56.22999954223633,5000
2026-01-27,55.770999908447266,55.970001220703125,55.770999908447266,55.970001220703125,10700
2026-01-28,55.74399948120117,56.220001220703125,55.70000076293945,56.09000015258789,3500
2026-01-29,55.27000045776367,55.939998626708984,54.98400115966797,55.939998626708984,2700
2026-01-30,54.97100067138672,55.24599838256836,54.97100067138672,55.119998931884766,3000
2026-02-02,55.09000015258789,55.279998779296875,54.650001525878906,54.650001525878906,5900
2026-02-03,54.54899978637695,55.439998626708984,53.97999954223633,55.439998626708984,8500
2026-02-04,53.3650016784668,54.2599983215332,52.91999816894531,54.2599983215332,4100
2026-02-05,52.29600143432617,52.869998931884766,52.130001068115234,52.72999954223633,6200
2026-02-06,53.584999084472656,53.584999084472656,52.7400016784668,52.7400016784668,6100
2026-02-09,53.93000030517578,54.10499954223633,53.33000183105469,53.33000183105469,4200
2026-02-10,53.790000915527344,54.22999954223633,53.790000915527344,54.06999969482422,1700
2026-02-11,53.707000732421875,54.310001373291016,53.474998474121094,54.310001373291016,2400
2026-02-12,52.72999954223633,53.939998626708984,52.65999984741211,53.939998626708984,4900
2026-02-13,53.1150016784668,53.51499938964844,52.63999938964844,53.04999923706055,19600
2026-02-17,52.895999908447266,52.959999084472656,52.66999816894531,52.72999954223633,6200
2026-02-18,53.191001892089844,53.584999084472656,53.09000015258789,53.150001525878906,2600
2026-02-19,52.94499969482422,53.09000015258789,52.70000076293945,52.84000015258789,2800
2026-02-20,53.279998779296875,53.29999923706055,52.63999938964844,52.63999938964844,4700
2026-02-23,52.65999984741211,53.15999984741211,52.53499984741211,53.150001525878906,2600
2026-02-24,53.35599899291992,53.40999984741211,52.790000915527344,52.790000915527344,2700
2026-02-25,54.040000915527344,54.20000076293945,53.959999084472656,53.959999084472656,1900
2026-02-26,53.349998474121094,53.95000076293945,53.09000015258789,53.95000076293945,8000
2026-02-27,53.54999923706055,53.54999923706055,52.95000076293945,53.029998779296875,4700
2026-03-02,53.220001220703125,53.32500076293945,52.40999984741211,52.40999984741211,3800
2026-03-03,52.72700119018555,52.893001556396484,51.900001525878906,52.130001068115234,6400
2026-03-04,53.599998474121094,53.790000915527344,53.0099983215332,53.0099983215332,4200
2026-03-05,53.5099983215332,53.68000030517578,52.93000030517578,53.2400016784668,3200
2026-03-06,52.87900161743164,53.22999954223633,52.72999954223633,52.72999954223633,4800
2026-03-09,53.5,53.529998779296875,52.099998474121094,52.2400016784668,4200
2026-03-10,53.59000015258789,54.03900146484375,53.5099983215332,53.66999816894531,4700
2026-03-11,53.790000915527344,53.994998931884766,53.59000015258789,53.83000183105469,5500
2026-03-12,52.880001068115234,53.349998474121094,52.8114013671875,53.459999084472656,3191
