date,close,high,low,open,volume
2021-03-15,40.06440353393555,40.09223779032233,38.86748095696561,39.006659317804996,372200
2021-03-16,39.9713249206543,40.129573750245704,39.59898120867256,40.06441351187473,220100
2021-03-17,39.831695556640625,40.13887901634171,39.301103039093434,40.055101063520226,312000
2021-03-18,39.25455856323242,39.785154653280074,39.133548721664226,39.57105266996202,577300
2021-03-19,38.61226272583008,39.440731641890274,38.44470681573177,39.39418912263332,1005500
2021-03-22,39.29179000854492,39.56174156794635,37.88618616467364,38.90082861986668,339000
2021-03-23,38.733280181884766,39.55244210045455,38.64019158263424,39.37557553736203,304000
2021-03-24,38.993919372558594,39.43142689158784,38.640189813535656,38.742585492539675,239600
2021-03-25,39.88754653930664,40.02717764916713,38.798436665874675,39.07769533462903,319100
2021-03-26,40.03648376464844,40.19473258872841,39.617597547128646,40.129572352626816,246300
2021-03-29,40.41813278198242,40.688084325164745,39.5524321089266,39.719984443317415,373300
2021-03-30,39.76653289794922,40.455370644979574,39.58966636890028,40.27850766689693,464800
2021-03-31,39.12423324584961,39.971319786841285,39.10561552999673,39.757221380982536,434200
2021-04-01,39.08700942993164,39.62690909719767,37.83965061815116,37.83965061815116,389100
2021-04-05,39.431427001953125,39.46866244005277,38.89152380240871,39.394191563853475,385800
2021-04-06,39.738616943359375,39.766545301953755,38.96600100761793,39.142864040867806,180000
2021-04-07,39.14285659790039,39.962018458547355,39.03115383766522,39.841005063561994,211500
2021-04-08,39.14285659790039,39.394190471654575,39.01253611913157,39.22663455581846,271100
2021-04-09,39.198707580566406,39.533819393662114,39.03115167401855,39.31972096884353,284100
2021-04-12,39.35694885253906,39.5617401732746,39.05907250472347,39.48726931083762,248400
2021-04-13,39.403499603271484,39.52450944267393,39.124237386886534,39.16147282253341,241400
2021-04-14,39.32903289794922,39.589673873152826,38.90083599555273,39.263872654148315,324300
2021-04-15,39.533817291259766,39.79445822048824,38.7053484368124,39.36626139362251,174000
2021-04-16,40.53915023803711,40.61362110612576,39.79445931198276,39.803766395010626,309200
2021-04-19,40.68809509277344,40.71602344836787,40.10165288979562,40.71602344836787,308100
2021-04-20,40.595001220703125,41.423470053620946,40.51122327406164,40.69739688337229,339200
2021-04-21,41.1255989074707,41.423475299705856,40.5856957271903,40.706709121212924,324500
2021-04-22,40.641544342041016,41.172136828369695,40.4926061625622,41.02319864889088,155600
2021-04-23,40.8370246887207,41.07905144766477,40.548458965858664,40.818406972573754,182900
2021-04-26,40.31574630737305,41.47001640001373,40.29712858962509,41.06043726245842,230100
2021-04-27,40.12025833129883,40.520530348397585,39.94339535552092,40.25988942599514,359500
2021-04-28,38.416786193847656,40.427453782807284,38.370243669527206,39.70138046070067,538900
2021-04-29,39.39418411254883,39.56174000133767,38.1654432954081,38.29576375314028,486400
2021-04-30,39.25455856323242,39.56174558636703,38.947375091064465,39.180091241572505,739900
2021-05-03,39.6082878112793,40.0085598712493,39.23594410381958,39.561745291717656,440600
2021-05-04,39.7106819152832,39.86893073669775,39.589668528432846,39.7386067157231,564300
2021-05-05,40.241275787353516,40.42744941549025,39.28248639625423,39.682758453909905,390600
2021-05-06,40.129573822021484,40.55777068950135,39.72930175647436,40.55777068950135,406700
2021-05-07,40.23196792602539,40.37159548120339,39.822385241850235,40.110954537431226,240600
2021-05-10,40.06440734863281,40.706702549897386,40.01786483566572,40.287812831261306,214100
2021-05-11,40.129573822021484,40.23196949706377,39.59898127949933,39.96201790849168,287500
2021-05-12,39.515201568603516,40.06441180502291,39.5058909343948,40.03648345336327,231000
2021-05-13,40.5484619140625,40.81840994040501,39.53381939156174,39.70137529810069,368900
2021-05-14,40.27851867675781,41.09768066156631,40.2505938702081,40.892889277622366,301600
2021-05-17,40.79048156738281,40.86495243086341,40.03648005398973,40.42744498533044,287100
2021-05-18,40.68809509277344,40.920811267247274,40.57639232329676,40.809108497770595,356100
2021-05-19,39.85962677001953,40.61362846671935,39.57105743032692,40.39953000861208,385100
2021-05-20,40.26919174194336,40.59499640734784,39.92477291368452,40.37158739247146,267600
2021-05-21,40.222652435302734,40.5205287782102,39.98062923830271,40.5205287782102,456700
2021-05-24,40.194732666015625,40.40883109232775,40.045794475930386,40.22265746697956,217700
2021-05-25,39.645530700683594,40.306443835223874,39.57105981461113,40.306443835223874,262600
2021-05-26,39.3476448059082,39.71998849392112,39.03115071806568,39.477965274261045,334200
2021-05-27,39.282493591308594,39.88755355486864,39.14286245688929,39.5896771156769,343900
2021-05-28,39.347869873046875,39.53466322208877,39.12371714163925,39.19843590637072,287500
2021-06-01,39.58135986328125,39.87088616375766,39.282491936010075,39.422584272850905,272700
2021-06-02,39.33852005004883,39.590690484298726,39.095691240837475,39.52531336017313,231700
2021-06-03,39.357200622558594,39.4319193734033,38.92757849355992,39.14238955805926,170100
2021-06-04,39.5346565246582,39.68409046601926,39.282486080589,39.515976836639794,234600
2021-06-07,38.7127685546875,39.777485845679784,38.58201429969353,39.497297647437534,293400
2021-06-08,38.7127685546875,38.918237999912485,38.32984385243964,38.89022024892414,209400
2021-06-09,38.84352493286133,38.9462614424825,38.413902767887734,38.62871385037453,283200
2021-06-10,39.36655044555664,39.459945340775086,38.89956884389066,38.99296373910911,331000
2021-06-11,39.75881576538086,39.77749545814923,39.375890970596934,39.47862749942944,269600
2021-06-14,39.31051254272461,39.992305273948915,39.10503949177397,39.81485354262872,348400
2021-06-15,39.45994186401367,39.61871388445322,39.03965774698757,39.30116984357413,378600
2021-06-16,38.99296188354492,39.61871548986179,38.93692281140847,39.459943462988576,352800
2021-06-17,38.41389846801758,39.03965195615874,38.09635091145438,38.946257083022644,366700
2021-06-18,37.8348388671875,38.255122922022316,37.75078205622054,38.04965348849221,554800
2021-06-21,38.28314208984375,38.62870737655795,38.07766910503679,38.19908528358507,314700
2021-06-22,38.899566650390625,39.254470082437635,38.348528248985694,38.348528248985694,948200
2021-06-23,38.53531265258789,39.170407791458224,38.25512445903596,38.96493834967277,2135000
2021-06-24,38.22710418701172,38.516633986829824,37.68540396079449,38.516633986829824,401100
2021-06-25,38.890220642089844,39.01163683557724,38.311164551496994,38.32984423994015,640600
2021-06-28,38.479278564453125,38.79682614554819,38.283147178043734,38.79682614554819,250800
2021-06-29,38.45125961303711,38.72210977060091,38.171071391978856,38.694092017331045,257300
2021-06-30,38.75947189331055,38.918243923458746,38.45126233438271,38.488621716577626,476000
2021-07-01,38.61003112792969,39.095692322576205,38.507294626379405,38.96493807070717,286300
2021-07-02,38.70342254638672,38.81550066322087,38.3111598258247,38.77814129094282,215900
2021-07-06,38.479278564453125,38.768804831213764,38.2364461750818,38.65673026223501,468400
2021-07-07,38.862213134765625,39.14240140969715,38.29249495682544,38.53532384502284,275900
2021-07-08,38.460594177246094,38.86219852670937,38.292480562922584,38.61936616700392,293800
2021-07-09,38.890220642089844,38.983619084305644,38.460598496256,38.61937050384344,280700
2021-07-12,38.70342254638672,38.94625490340821,38.53530893392133,38.8341803493599,210700
2021-07-13,38.087013244628906,38.918239815397236,38.03097774003822,38.666072919166325,252200
2021-07-14,38.06832504272461,38.544648101949285,37.79747851793427,38.08700472767318,249900
2021-07-15,38.12437438964844,38.19909314961386,37.6760725182156,37.9002252353253,283000
2021-07-16,37.816162109375,38.27380196814069,37.6854043012274,38.09635028697648,321600
2021-07-19,37.19041061401367,37.77880836866052,36.89154270497101,37.5266379023833,342300
2021-07-20,37.19041061401367,38.14305341013212,37.106353791921265,37.386542011300456,520100
2021-07-21,36.910213470458984,37.685400808742315,36.86351603898407,37.38653297196011,278100
2021-07-22,36.555320739746094,36.89154807707677,36.247114722384325,36.89154807707677,306700
2021-07-23,36.4619140625,36.695404797691026,35.83615703953938,36.695404797691026,257800
2021-07-26,36.9569206237793,36.966262250203066,36.34984316655141,36.34984316655141,301700
2021-07-27,36.76079177856445,37.461264172019455,36.62069587475872,36.90088411958335,429800
2021-07-28,37.25578308105469,37.82550107469462,36.415218528177554,37.068989770597746,445000
2021-07-29,37.47993850708008,37.84418352957613,37.078334107203325,37.143711236226395,409700
2021-07-30,37.84417724609375,37.93757211125231,37.22776187280436,37.330498362150216,516600
2021-08-02,37.14371871948242,38.423247368871344,37.06899994966761,37.84419115395466,550800
2021-08-03,37.21842956542969,37.56399849115052,36.96626265382001,37.31182801675422,211100
2021-08-04,36.89154052734375,37.24644748442747,36.443238690242026,37.08767191305332,266600
2021-08-05,37.00361633300781,37.12503253131937,36.639371300859565,36.910221449867485,308700
2021-08-06,37.059661865234375,37.63871807984481,36.99428472307451,37.50796379552507,252400
2021-08-09,37.59201431274414,37.6293736913535,36.82616486518444,36.984936880094565,262400
2021-08-10,38.33918380737305,38.61003395624885,37.629373432608155,37.70408862652668,332000
2021-08-11,38.77814865112305,38.87154353675889,38.18041283236598,38.46993911550902,358500
2021-08-12,38.628719329833984,38.97428472347998,38.53532087020876,38.90890758313579,151800
2021-08-13,39.011634826660156,39.0303145141414,38.600692390431085,38.628710140259905,159900
2021-08-16,39.656063079833984,39.684084388963626,38.61936371167849,38.94625285776288,336100
2021-08-17,39.0583381652832,39.600038495726324,38.75947024599963,39.600038495726324,709100
2021-08-18,38.94625473022461,39.338517449042335,38.824838552253766,38.96493441628057,254800
2021-08-19,38.57267379760742,39.02097564040911,38.48861697940796,38.61003317520415,232800
2021-08-20,38.936912536621094,39.12370583166433,38.55398788503606,38.57266757081896,257000
2021-08-23,38.81550598144531,39.12371193800282,38.69408978629898,39.12371193800282,248500
2021-08-24,39.25446701049805,39.52531715806431,37.58267580935167,37.58267580935167,306800
2021-08-25,39.656063079833984,39.92691317044474,39.15172226892823,39.17040195408611,466300
2021-08-26,39.357200622558594,39.8428618146908,39.32918287238489,39.62805075019146,204900
2021-08-27,39.56267166137695,39.77748271521672,39.273141860400244,39.347860607537186,337600
2021-08-30,39.93626403808594,40.22579390669879,39.58136059463549,39.76815394332808,195400
2021-08-31,39.758216857910156,40.26421434432515,39.627033118726004,39.964364776336,229700
2021-09-01,39.78633499145508,39.96437316729074,39.0741930115811,39.0741930115811,150400
2021-09-02,40.15177917480469,40.17989253703623,39.60830302302203,39.75822784846102,249800
2021-09-03,40.15177917480469,40.311076312484126,40.029967711597244,40.07681854933009,197200
2021-09-07,39.046085357666016,40.15178237380609,39.03671661916893,40.133044896811924,219600
2021-09-08,39.23349380493164,39.327199065951994,38.793091588851745,38.97112622305509,191100
2021-09-09,38.53070831298828,39.411519617077026,38.48385748445973,39.18663063585526,196700
2021-09-10,38.586936950683594,38.9992293047726,38.02471977924498,38.26834626700449,263000
2021-09-13,38.08094024658203,38.961751696888065,37.95912521259487,38.961751696888065,201300
2021-09-14,37.69675064086914,38.024713582839034,37.33130918153645,38.024713582839034,269100
2021-09-15,38.3526725769043,38.60567133270726,37.4156417366662,37.75297341107016,369100
2021-09-16,38.19337463378906,39.092926937208816,38.02471237479232,38.52133756533956,381900
2021-09-17,36.975242614746094,38.024719914413545,36.78783569877051,38.024719914413545,1334600
2021-09-20,37.218868255615234,37.32194222587932,36.394280067991765,36.450503208451046,676900
2021-09-21,37.15328598022461,37.76235407406216,37.1064315638224,37.52809629001154,373700
2021-09-22,36.87216567993164,37.39690428775027,36.80657380076548,37.39690428775027,378600
2021-09-23,36.7878303527832,37.47186603286386,36.75035183462614,36.909645366638685,224500
2021-09-24,36.431766510009766,36.937760536580335,36.37554336283987,36.619173426086455,314000
2021-09-27,36.422393798828125,36.81594867572241,36.263100245328,36.34743317791324,286400
2021-09-28,36.29121017456055,36.70350252744323,36.26310038841774,36.41302520532868,305800
2021-09-29,36.30057907104492,36.72224012147472,36.22561488239742,36.22561488239742,324000
2021-09-30,35.944515228271484,36.46925038083653,35.710257442450626,36.36617995764706,513400
2021-10-01,35.27922439575195,35.69151681690416,34.76385440119896,35.4572590282856,1056000
2021-10-04,36.02885055541992,36.48799384426072,35.52285284672606,35.52285284672606,473600
2021-10-05,36.384918212890625,36.5723215675513,35.82269742543901,36.047586455317635,378600
2021-10-06,37.443756103515625,37.50934798440576,36.29120845781688,36.4598743156742,647900
2021-10-07,38.155906677246094,38.3714233964577,37.49998420710778,37.49998420710778,317800
2021-10-08,37.668643951416016,38.29645295626978,37.546828930142404,38.29645295626978,242100
2021-10-11,37.218868255615234,37.996602038944715,37.209495944960764,37.55619994939253,713700
2021-10-12,37.28446960449219,37.556209490681404,37.08769392462693,37.153285817915354,257300
2021-10-13,37.2657356262207,37.48125239857361,36.85344313665308,37.28447668135888,166300
2021-10-14,38.11842727661133,38.17465043214556,37.16265507947032,37.40628160447169,240200
2021-10-15,38.052833557128906,38.41827511434698,38.00598271700941,38.32457343410798,154900
2021-10-18,37.7248649597168,38.090310037490916,37.66864538966651,37.86542103382141,163000
2021-10-19,37.61241912841797,37.92164103602904,37.46249432989146,37.92164103602904,234600
2021-10-20,38.034088134765625,38.20275399940233,37.66864661954928,37.74360724022694,162800
2021-10-21,37.668643951416016,38.127787103579955,37.63116185648732,38.00597565679566,219600
2021-10-22,37.46250534057617,37.88417007739222,37.46250534057617,37.69676313053062,167500
2021-10-25,36.90027618408203,37.453124533209454,36.731610343704915,37.368791613020896,382900
2021-10-26,36.68477249145508,37.256358514365,36.637918072397106,36.8534383914909,352700
2021-10-27,37.3406867980957,37.537466039873806,35.7758466232466,35.7758466232466,1026200
2021-10-28,37.94975662231445,38.024720820286426,37.45313132146408,37.490609845960364,449000
2021-10-29,37.668643951416016,38.08093627216374,37.471868314774326,37.837309804105836,593000
2021-11-01,37.5749397277832,37.790459992192815,37.07831446729271,37.64053160843329,413300
2021-11-02,38.40890121459961,38.40890121459961,37.481238977140016,37.68738693535092,331200
2021-11-03,39.608299255371094,39.617667992230565,38.380787406391974,38.65252724367956,455500
2021-11-04,38.98986053466797,39.589559803560974,38.85867676640883,39.5052268704673,320400
2021-11-05,38.42764663696289,39.4396420144231,38.39016810684566,39.102310221936364,594100
2021-11-08,38.44638442993164,38.727496616165816,38.202757919617284,38.64316367519355,272000
2021-11-09,38.96174240112305,39.06481278660896,38.230855946069795,38.41826282107034,586000
2021-11-10,38.89615249633789,39.41152236961311,38.53071100400771,39.08355939802985,230200
2021-11-11,39.34593200683594,39.37404179210199,38.59630437117271,38.93363609232326,355300
2021-11-12,39.711368560791016,39.85192104408226,39.092928340638046,39.514589365000816,345700
2021-11-15,40.02996063232422,40.067439151188566,39.514590784936345,39.63640580109068,332200
2021-11-16,40.4422607421875,40.70462829732774,40.07681919767364,40.133042348556486,425100
2021-11-17,40.47037124633789,40.592186288160796,39.880044236828994,40.414151668950325,184000
2021-11-18,39.68326187133789,40.339184293692576,39.53333705261307,40.26422367157498,376900
2021-11-19,39.54270553588867,39.767590954957555,39.28970675856921,39.54270553588867,270200
2021-11-22,39.636409759521484,39.908149601738955,38.802452758810176,39.58955892539525,188700
2021-11-23,39.701995849609375,40.001845433656136,39.486479184481325,39.76758772271404,206600
2021-11-24,39.608299255371094,40.03933264069587,39.49585654061016,40.029963903836396,366500
2021-11-26,39.88941192626953,40.12366969119923,38.83056582793016,39.26160283201306,208100
2021-11-29,39.94563293457031,40.3298155054735,39.81444916516283,39.96437398369847,267800
2021-11-30,38.9867057800293,39.785804874520984,38.826883809371004,39.7670020787808,397300
2021-12-01,38.64826583862305,39.76700538106578,38.46964105739142,39.24994100720626,253000
2021-12-02,39.249942779541016,39.55078037741697,38.71407558418278,38.71407558418278,222300
2021-12-03,39.353363037109375,40.00204354489873,39.17473821757824,39.2311466215777,247000
2021-12-06,39.983238220214844,40.4156954510496,39.00551771646859,39.513178975354506,233900
2021-12-07,39.720001220703125,40.274671203685514,39.58838522241357,40.14305520539596,239700
2021-12-08,39.25933837890625,40.11484588298302,38.96790400298121,39.80460871082625,209800
2021-12-09,39.080726623535156,39.597791092731974,38.73288377498712,39.20294303539651,257700
2021-12-10,39.63538360595703,40.46268863524157,39.11831930750409,39.3157432709789,207400
2021-12-13,39.202938079833984,39.7011996852781,38.97730808540118,39.47557327711239,250500
2021-12-14,39.231136322021484,39.447363101184116,38.91149595581005,39.09012072844588,401700
2021-12-15,39.80461502075195,39.92683142249887,39.20293979102441,39.400363803353656,268400
2021-12-16,39.93623733520508,40.28408020989322,39.785818504020924,39.842226910565415,215800
2021-12-17,39.785804748535156,40.26526707272517,39.212332032208494,39.93622352771374,1394500
2021-12-20,38.817501068115234,39.31576281975689,37.90558480301878,39.31576281975689,465700
2021-12-21,38.883304595947266,39.53198511763942,38.30983169493195,39.01492062183254,202000
2021-12-22,38.83628845214844,39.06191483693184,38.563653283124,38.855091248591506,211800
2021-12-23,38.66706848144531,39.127724461559694,38.582457687059645,38.9961084672413,178200
2021-12-27,39.37215805053711,39.40036045382451,38.648266480602594,38.676468883889996,143600
2021-12-28,39.91742706298828,40.049043067360685,39.42856505655709,39.42856505655709,125400
2021-12-29,40.30287551879883,40.36868352106487,39.78581110687978,39.88922470651702,180000
2021-12-30,40.1524543762207,40.688321555604695,39.95503038092491,40.47209476271878,211300
2021-12-31,40.27467727661133,40.58491452132138,40.15246086565645,40.15246086565645,207700
2022-01-03,39.81401824951172,40.43449633490287,39.53198340820076,40.368688324805895,184600
2022-01-04,40.05844497680664,40.67892296773715,39.691799380293205,39.87982018836479,309100
2022-01-05,40.321678161621094,41.16778616786685,39.52257894504121,40.293475756835285,581300
2022-01-06,40.077247619628906,40.59431201235699,39.8892232260186,40.27467161909957,194700
2022-01-07,39.88922119140625,40.21826117374083,39.738802401443756,40.07724557542608,234200
2022-01-10,39.945640563964844,40.09605939527904,39.41917286123123,39.86102974720887,186700
2022-01-11,39.69179916381836,40.067844364177645,39.23113957951449,39.97383396065458,217500
2022-01-12,39.84221649169922,40.114848086367346,39.49437012170619,39.84221649169922,180400
2022-01-13,40.500301361083984,40.660119763602125,39.86102057847744,39.88922298215311,230200
2022-01-14,40.406288146972656,40.44389374343973,39.84221854503475,40.26527253962171,174300
2022-01-18,40.049041748046875,40.24646933436888,39.419164151795165,40.19946054612691,371300
2022-01-19,40.75413513183594,40.90455394687693,39.96443545630385,40.09605505744873,236400
2022-01-20,40.049041748046875,40.79173613255888,39.8610209401471,40.79173613255888,329600
2022-01-21,39.40976333618164,40.208866163012395,39.343955332194874,40.18066375738014,387500
2022-01-24,38.83628845214844,39.118323226261055,38.140599328821715,39.09012082472981,536300
2022-01-25,38.9961051940918,40.78233133174315,38.22520850384645,38.7046672409438,722700
2022-01-26,39.60719299316406,40.462700675728044,39.09952814779183,40.1712626527327,440600
2022-01-27,41.64724349975586,42.192513881341576,40.29347432416428,40.547306717012766,571700
2022-01-28,41.835262298583984,41.919873084885715,41.14897640358841,41.50622234422533,456100
2022-01-31,42.0984992980957,42.13610489345427,41.205389719065145,41.60023771152915,346800
2022-02-01,42.7565803527832,43.085623913384445,42.145505602409614,42.27712159214341,370600
2022-02-02,41.919883728027344,42.69078060504954,41.797667319835796,42.52155898948199,447700
2022-02-03,41.72245407104492,42.40874004760658,41.543829286363376,42.18311006189667,213800
2022-02-04,41.4874267578125,41.82586996182863,40.90455075699931,41.51562916272479,230400
2022-02-07,41.03617477416992,41.628446858815316,40.932761163314126,41.48743123277631,246000
2022-02-08,41.13018035888672,41.67545075705275,40.8481455536792,40.9891611631494,374700
2022-02-09,40.89515686035156,42.20192106898296,40.78234363868485,41.374615742135845,345700
2022-02-10,40.51909637451172,41.083169493450605,40.11484522779883,40.63191315005947,333100
2022-02-11,39.91742706298828,40.772934677676076,39.861022253267045,40.25587026638427,370400
2022-02-14,40.077247619628906,40.49089841655797,39.550780034773446,40.26527201323921,562000
2022-02-15,40.1524543762207,40.73533034271345,39.98323278417661,40.11484878104047,361800
2022-02-16,40.28407287597656,40.54730847232634,39.98323526837724,40.16186006344802,275900
2022-02-17,40.11484909057617,40.22766587698739,39.71060149120372,40.17125748378178,305300
2022-02-18,39.87982940673828,40.78234599093035,39.76701617856472,40.23707547993373,560200
2022-02-22,39.5037727355957,40.058442694850605,39.23113755864891,39.69179711922339,422100
2022-02-23,39.22174072265625,40.114850331981465,38.80808633221468,39.34395353231664,1206400
2022-02-24,38.71407699584961,38.83629339515166,37.99018537885621,38.73287979468586,2629000
2022-02-25,39.62599563598633,39.861025257584664,38.81749316388527,38.99611438524373,355900
2022-02-28,39.37215805053711,39.73880363834111,38.85509366808873,39.127725267823145,577600
2022-03-01,38.52604675292969,39.776405788973214,38.159401196876814,39.30634664813279,617800
2022-03-02,38.70467758178711,39.18414003325043,38.31922913368303,38.58246475682139,427800
2022-03-03,38.9867057800293,39.2875433393391,38.56365184154157,39.04311058098327,343800
2022-03-04,39.325157165527344,39.35335957190993,38.441443512021436,38.62006831582404,368300
2022-03-07,39.861019134521484,40.97975867042337,39.484970363222146,39.578980762913545,945900
2022-03-08,39.33456039428711,40.21827054290059,38.72348190043387,39.70120605609198,644700
2022-03-09,39.84221649169922,40.81993684558533,39.32515211885941,39.91742409449036,489500
2022-03-10,40.05844497680664,40.1242529768851,39.22174018758018,39.522577784015155,462100
2022-03-11,40.2464714050293,40.82934382929455,40.05844700118873,40.114851811953855,525200
2022-03-14,41.44042205810547,41.562634871722906,40.481500830488635,40.55670843992496,425400
2022-03-15,41.86347198486328,42.004491181999164,41.44982117220766,41.61904277426386,482900
2022-03-16,42.30691909790039,42.59940801349876,41.712507765838794,41.95782197871461,611700
2022-03-17,42.5522346496582,42.56167175081733,41.58042198384067,42.09935097240733,324100
2022-03-18,42.448448181152344,42.90133182052655,41.96725683986778,42.54279758965559,1013800
2022-03-21,43.495750427246094,43.627844670994364,42.3258016333624,42.429588168135986,737700
2022-03-22,43.44855880737305,44.326021861005096,43.240989417781776,43.9297500815319,1068500
2022-03-23,42.476749420166016,43.80709614588819,42.476749420166016,43.24099253463581,2653500
2022-03-24,42.61827850341797,42.74093561989503,42.25974785402257,42.55223319436096,495200
2022-03-25,43.59009552001953,43.64670372925938,42.665457577374205,42.665457577374205,496900
2022-03-28,43.5240478515625,43.86371148539587,43.18438421772913,43.5240478515625,417200
2022-03-29,43.44855880737305,43.731610592596574,42.90132583583405,43.52404120300531,548700
2022-03-30,43.703311920166016,43.95805963825704,43.12777117920472,43.49573890560315,251100
2022-03-31,43.61840057373047,44.1656372696194,43.58065936728305,43.70331648863739,364800
2022-04-01,43.60896301269531,43.99580134477646,43.10890107181051,43.75048712490107,408600
2022-04-04,43.08060073852539,43.71275334579181,42.89189830654141,43.67501213955511,526000
2022-04-05,42.79755401611328,43.33535367220148,42.68433398304207,42.901340546095206,526700
2022-04-06,43.47687530517578,43.78823125218136,42.599412073942716,42.83528920923764,700900
2022-04-07,43.00511932373047,43.731617704241316,42.816416903161716,43.429695271011035,337000
2022-04-08,43.21269226074219,43.53348532203327,42.92964040647349,43.09947223887463,222200
2022-04-11,43.26929473876953,43.65613302931506,43.20324944032509,43.20324944032509,304600
2022-04-12,42.5899772644043,43.542922957817844,42.552236056918694,43.20325928884667,416700
2022-04-13,43.0428581237793,43.06172872628014,42.42957973889932,42.75037278301479,245900
2022-04-14,42.87302780151367,43.24099916436412,41.72194980225687,42.929639610998244,295600
2022-04-18,42.12765121459961,43.59008850486344,41.8634664169321,42.74092951093017,291700
2022-04-19,42.75981140136719,42.8730314307209,42.25975297245512,42.27862357721405,261500
2022-04-20,43.533477783203125,43.552348383446436,42.85415057123982,42.976807673221856,365800
2022-04-21,43.59952926635742,44.231681866943774,43.45800514326459,43.892018212801794,273500
2022-04-22,42.7503776550293,43.42970142648113,42.67489523642364,43.42970142648113,242100
2022-04-25,42.014434814453125,42.79754864294343,41.080363360287016,42.61827971395435,476800
2022-04-26,41.165279388427734,42.32579448272599,41.127538182304335,42.15596265437019,518400
2022-04-27,41.901214599609375,43.222128010489534,41.33511090877472,43.222128010489534,654400
2022-04-28,42.363525390625,42.542790677333976,41.83515943093733,42.25030179977852,451200
2022-04-29,41.86347198486328,42.50505806578987,41.75025197034664,42.344663345157905,511800
2022-05-02,41.98612594604492,42.87302259166543,41.570983524537276,42.439009569289375,535400
2022-05-03,42.59941482543945,42.882466686235794,41.92008748016849,41.92008748016849,513400
2022-05-04,43.60896301269531,43.759924225234315,42.78810804526522,42.83528634853302,496900
2022-05-05,43.96748733520508,44.222235019667266,42.59940311749145,43.495733163800736,843400
2022-05-06,42.62771224975586,43.78822721654693,42.20313272551544,43.55235010299104,762900
2022-05-09,42.061607360839844,42.92019988457566,41.872904955790425,42.43900857173968,505200
2022-05-10,41.37284469604492,42.54279677475067,41.09922997694688,42.316353159801466,389400
2022-05-11,40.75013732910156,42.146529700270605,40.674658508627495,41.37285289461208,424900
2022-05-12,40.91053009033203,41.41058845525483,40.353859918376706,40.570866446535646,414200
2022-05-13,41.04261779785156,41.66533323426479,40.81617418497442,40.938831291916166,506200
2022-05-16,41.50494384765625,41.59929326558953,40.816179419784895,40.948273643770904,258700
2022-05-17,41.93894958496094,42.0521695864949,41.36340887843165,41.93894958496094,311000
2022-05-18,40.90109634399414,41.8540420449326,40.76900571595111,41.674773107560185,429400
2022-05-19,40.061370849609375,40.8067434433654,39.76888551223123,40.60860751819968,332200
2022-05-20,40.18403244018555,40.523696120698,39.58962099928876,40.23120715154566,452200
2022-05-23,40.334983825683594,40.64634332318153,40.089673226999466,40.26893852606868,554100
2022-05-24,41.155845642089844,41.9012183273878,40.10855048159268,40.21233700729237,780000
2022-05-25,40.41047286987305,41.042621869908764,39.04238475436953,41.042621869908764,3144100
2022-05-26,41.21244430541992,41.514366684278784,40.702948941396095,40.882217828292625,485200
2022-05-27,42.10878372192383,42.11821722290854,41.08979285401516,41.17470875967422,368800
2022-05-31,41.48383712768555,42.089854694673804,41.39861568156847,42.033039193212545,403000
2022-06-01,42.08037567138672,42.46860582749531,41.08612806302559,41.5879855883943,513400
2022-06-02,42.733741760253906,42.86630762824048,41.919404443023275,42.16559768183419,620400
2022-06-03,42.96100616455078,43.29242452120772,42.55383741435641,42.62012036325783,325100
2022-06-06,42.86630630493164,43.538606678765774,42.67692495130472,43.36816382171643,353400
2022-06-07,43.32081985473633,43.40604128418242,42.44019962117633,42.60117503775181,289900
2022-06-08,42.67692947387695,43.273479536767425,42.63905247670788,43.1125041048735,253300
2022-06-09,42.03303909301758,42.68640471574092,41.95728870339943,42.68640471574092,399500
2022-06-10,41.3607292175293,42.05196807248369,41.26604034890769,41.711082366007815,303300
2022-06-13,39.91197204589844,40.726305778404765,39.76046767564736,40.66002284217924,379200
2022-06-14,39.760467529296875,40.21498063837713,39.28701592248631,39.750996474357166,524500
2022-06-15,39.33436584472656,40.631622416849,38.80409867079531,39.93091235173091,444200
2022-06-16,37.876121520996094,38.87036898849256,37.7530231146513,38.81355711798606,752900
2022-06-17,37.876121520996094,38.25488418106543,37.66780169674312,37.876121520996094,1078600
2022-06-21,37.876121520996094,38.23594568684712,37.55417434358169,37.961342938904274,675600
2022-06-22,37.66780471801758,37.99922297519788,37.25116864824234,37.85718606324222,692300
2022-06-23,38.141258239746094,38.16019673645899,37.29851500284101,37.724622148509,496000
2022-06-24,40.19603729248047,40.27178766211615,38.425329507981154,38.425329507981154,987600
2022-06-27,40.33807373046875,40.41382771815063,39.87409319843857,40.10134793718631,354000
2022-06-28,39.72259521484375,41.59746336529473,39.58055827120296,40.470649708672795,385100
2022-06-29,39.627899169921875,40.19604328150934,39.334361477143425,39.75099760258821,273000
2022-06-30,39.15445327758789,39.57109307613221,37.99923361144617,39.15445327758789,312600
2022-07-01,39.779396057128906,40.78311460352148,38.37797995840911,39.04081282443634,331900
2022-07-05,39.09763717651367,39.429051878623156,38.13179540045972,39.391174880625115,372500
2022-07-06,39.01240539550781,39.533201337403206,38.37797848974011,39.078688318359134,382600
2022-07-07,38.813568115234375,39.37224121044673,38.78515855978327,38.88931850142193,369300
2022-07-08,36.787193298339844,38.538966643877195,36.66409846494041,38.05604391788085,1264400
2022-07-11,37.090206146240234,37.525784475462814,36.541004027355214,36.71144693614883,568500
2022-07-12,37.734100341796875,38.13180166178098,36.91029536689041,37.32693157683335,416400
2022-07-13,37.393218994140625,37.781449265860395,37.06180061789447,37.307997538780185,476300
2022-07-14,37.42161178588867,37.50683321128856,36.72090188680641,36.862938799855804,367000
2022-07-15,37.24170684814453,37.98029023304405,37.08073141606558,37.98029023304405,295500
2022-07-18,37.203826904296875,37.67727849550814,37.07126103670156,37.28904833520087,277200
2022-07-19,38.3211784362793,38.652593152727555,37.27958261916428,37.27958261916428,310900
2022-07-20,38.482147216796875,38.52949165651607,37.93294521418559,38.235953962967514,356700
2022-07-21,39.031349182128906,39.04081662432786,37.98975354494959,38.425331741227644,301100
2022-07-22,39.21126174926758,39.28701573983665,38.72834270191155,39.11657287320533,270900
2022-07-25,39.15445327758789,39.769941918810325,38.83250598423534,39.277551728262324,511200
2022-07-26,39.80780792236328,40.14869362257066,39.268073434417836,39.4195777887157,945000
2022-07-27,41.59745788574219,41.767900750799214,39.43851974455189,39.43851974455189,2662000
2022-07-28,42.12771987915039,42.31709760660302,41.218690171494146,41.79630163181106,551900
2022-07-29,42.1371955871582,42.4212658462148,41.92887571151368,42.1750725849389,602300
2022-08-01,41.8720588684082,42.402322325945704,41.73949300402383,41.92887074620214,312600
2022-08-02,41.26603698730469,41.86258331289297,41.256565933924776,41.56904567678878,413600
2022-08-03,41.247108459472656,41.46489578190529,40.87781314353971,41.46489578190529,277000
2022-08-04,40.48957443237305,41.01037402021976,40.139221301397775,40.811521626610734,334500
2022-08-05,40.41382598876953,40.50851485717102,39.93090336833507,40.04453434499541,317700
2022-08-08,41.08612823486328,41.4175465138024,40.62214770135705,40.62214770135705,260400
2022-08-09,42.194007873535156,42.336041186182314,41.266043171407354,41.40807648405451,418200
2022-08-10,43.31135177612305,44.087812072047456,42.54435892237627,42.56329741888038,639300
2022-08-11,42.724266052246094,43.44391441743345,42.68639267419565,43.17877909818877,457300
2022-08-12,44.09728240966797,44.31506971554199,43.03675182084475,43.03675182084475,295100
2022-08-15,44.45711135864258,44.52339430171609,43.803745759561544,43.860561258831474,303100
2022-08-16,44.845340728759766,44.949500669385046,44.22038469715751,44.2677291395828,347500
2022-08-17,44.19197463989258,44.589675898475186,44.11622425530265,44.589675898475186,272800
2022-08-18,44.580204010009766,44.69383138163993,43.87002661606046,44.324539714730136,325400
2022-08-19,44.173038482666016,44.59914205954923,43.80374317740501,44.58967461630374,362800
2022-08-22,43.37764358520508,43.91737820350999,43.02728674640044,43.72799681186011,536700
2022-08-23,44.06887435913086,44.28666165457736,43.36816442461474,43.434447357483286,811400
2022-08-24,44.47604751586914,44.627551893793154,43.85109150541392,44.154100261261945,2616000
2022-08-25,44.79799270629883,44.8642756428271,44.49498396441267,44.59914028456487,398700
2022-08-26,44.106754302978516,45.176752354939055,43.898434435944104,44.835866613300624,649800
2022-08-29,44.18250274658203,44.53285591584244,43.71851859365688,44.201441243859485,387200
2022-08-30,43.680641174316406,44.334003015334844,43.48178877735542,44.18249866326613,444600
2022-08-31,43.28156280517578,43.70915307103235,42.96799902669527,43.61413462294042,608100
2022-09-01,42.95849609375,43.072522584010514,42.616423872411545,42.80646439812419,446300
2022-09-02,42.81596755981445,43.75666252491862,42.67343626220644,43.65214005663561,628900
2022-09-06,42.882476806640625,43.37658066309383,42.65442747876949,42.9584908327836,508700
2022-09-07,44.146244049072266,44.32678417635443,42.78745920820824,42.94899492079115,632100
2022-09-08,44.84938430786133,44.86838871892228,43.6996446240797,43.823167858894706,412100
2022-09-09,45.28647994995117,45.32448877632147,44.79237608130086,44.79237608130086,345900
2022-09-12,46.02763748168945,46.189173193830335,45.438515126510616,45.63805604322452,465100
2022-09-13,44.9729118347168,45.58103849880762,44.71635771866833,45.38149399206714,496500
2022-09-14,44.63085174560547,45.25798299057952,44.10823935419225,44.887405931011465,412600
2022-09-15,44.659339904785156,44.877885175735734,44.3267718021909,44.659339904785156,331500
2022-09-16,44.155738830566406,44.78286988554816,43.60462179375662,44.68784783193231,1061800
2022-09-19,44.668846130371094,44.70685495412266,43.74715571508155,43.74715571508155,459600
2022-09-20,43.28156280517578,44.16524814637219,43.110526698833155,44.16524814637219,390200
2022-09-21,42.587913513183594,43.72815289416961,42.55940870669329,43.56661719970873,383800
2022-09-22,41.14360427856445,42.77794725385688,41.10559545943661,42.77794725385688,433000
2022-09-23,40.449974060058594,40.782542284177694,39.936865693084734,40.497483288543926,444500
2022-09-26,40.00337600708008,40.67802004439686,39.70881664016406,40.27893458396147,568000
2022-09-27,39.39524459838867,40.582993195479894,38.9296491781727,40.269429450702766,346400
2022-09-28,40.354949951171875,40.68751812871311,39.44275621829068,39.6423007495367,360600
2022-09-29,39.80384063720703,40.03189002134513,39.319240679906315,40.03189002134513,383500
2022-09-30,39.94636154174805,40.335942935185564,39.66130260442907,39.77532545441245,434300
2022-10-03,40.28843688964844,40.69702272771805,39.984373515929846,40.15540599201539,395600
2022-10-04,41.65672302246094,41.81825510762135,40.80154249890164,40.86805613687609,455300
2022-10-05,41.68522644042969,41.97028539719515,41.020086458162744,41.19112255716628,385900
2022-10-06,40.94407653808594,41.59971256693497,40.77304042191286,41.49519009319346,436200
2022-10-07,40.041385650634766,40.85855737815328,39.91785876456947,40.81104815265788,307800
2022-10-10,40.68751907348633,40.81104595289337,40.069888301172476,40.30743804056682,529100
2022-10-11,40.544986724853516,41.19112228916938,40.183913740169736,40.37395425168404,414000
2022-10-12,40.29793930053711,40.678020349063075,40.193416830956394,40.678020349063075,310200
2022-10-13,41.04859161376953,41.286141329561346,39.27172075456865,39.860843034810465,249500
2022-10-14,40.659019470214844,41.41917800865504,40.602006220561144,41.267146300967,243400
2022-10-17,41.76124572753906,41.84676378038306,41.16261935763106,41.16261935763106,350800
2022-10-18,42.51190185546875,42.739947569535026,41.99879356173771,42.454888614591546,361600
2022-10-19,42.15081787109375,42.56890402354556,41.64721368464945,42.31234992156809,213500
2022-10-20,41.50468826293945,42.435882750443206,41.18162049178744,42.1793286123471,240500
2022-10-21,42.730445861816406,43.01550480799896,41.47618359883623,41.68522489285215,369800
2022-10-24,42.84447479248047,43.509614844398506,42.61642542835481,43.0250113049021,349700
2022-10-25,42.70193862915039,42.89197914018298,41.29564464706322,41.96078462331666,587100
2022-10-26,44.364784240722656,44.97291456647353,42.93948592591363,44.6498468034613,573100
2022-10-27,44.4408073425293,45.115447757701325,44.29827604367481,44.31728045850351,319300
2022-10-28,45.34349060058594,45.60954512054507,44.62133743966689,44.706855481756755,401900
2022-10-31,45.001426696777344,45.22947243441711,44.64985407016173,45.11544956559723,412800
2022-11-01,44.659339904785156,45.619039018500345,44.5643214825355,45.25796611417528,313800
2022-11-02,43.69965744018555,45.01092956547007,43.69015341950737,44.69736575280528,282700
2022-11-03,43.899192810058594,44.203256188202886,43.29106605377001,43.29106605377001,298300
2022-11-04,45.410011291503906,45.46702091194774,44.469312682243604,44.61184398279629,407900
2022-11-07,45.95162582397461,45.96112621942876,45.30549019144243,45.571544760818625,344600
2022-11-08,47.034847259521484,47.50044633232138,46.2176755958653,46.2176755958653,251700
2022-11-09,46.2841911315918,47.2723989340149,46.21767749342115,46.95883153287776,275300
2022-11-10,47.272396087646484,47.899527227438476,46.97783311868312,47.5954638641891,410500
2022-11-11,46.60725021362305,47.6809758679043,46.38870492553407,47.57645342040072,462800
2022-11-14,46.588253021240234,47.5479559836349,46.46472976843403,46.63576586817326,341200
2022-11-15,46.96833419799805,47.51944770190792,46.86381173396653,47.196379915229265,207700
2022-11-16,47.4149169921875,47.68097147059047,47.01583164986263,47.025335666788685,255700
2022-11-17,47.348411560058594,47.57645725963175,46.79729447410155,46.79729447410155,243300
2022-11-18,48.2606086730957,48.5551680468943,47.89003163849645,47.89003163849645,539300
2022-11-21,49.13478469848633,49.21080235104779,47.98504488890312,48.14657696351445,302300
2022-11-22,49.6859016418457,50.084983442316194,49.28681621665405,49.32482504280967,447300
2022-11-23,50.455570220947266,50.64561076386089,49.43885748478952,49.43885748478952,273600
2022-11-25,50.46506881713867,51.120704813757605,50.132496996607905,50.49357362685904,144000
2022-11-28,49.4958610534668,50.43655956328735,49.391338594073275,50.08498335901437,301600
2022-11-29,49.619384765625,49.95195291094919,49.1157769137786,49.23930377835084,303200
2022-11-30,50.42000198364258,50.562967667521065,48.99985292094029,49.47641247225691,536900
2022-12-01,50.69641876220703,50.801262476259716,49.972049629629645,50.66782634414245,366200
2022-12-02,51.63999557495117,52.030774279027135,50.353286183346675,50.353286183346675,221700
2022-12-05,51.1634407043457,51.3445320496562,50.91562766775099,51.24922158072675,233600
2022-12-06,51.18250274658203,51.47796737728476,50.83937924627835,51.125314284577655,360700
2022-12-07,50.60110092163086,51.88781044954031,50.55344568649743,50.99187966710318,619600
2022-12-08,50.848915100097656,50.94422921517503,50.343763015703594,50.925166392159554,435900
2022-12-09,50.181732177734375,51.17297347815149,50.16266935559114,50.71547665429861,393300
2022-12-12,50.02922439575195,50.31515940564954,49.61938288174975,50.31515940564954,346100
2022-12-13,50.60110092163086,51.37312881989336,50.39141352401012,51.36359559134984,516100
2022-12-14,50.80125045776367,51.52562305483181,50.534378256665434,50.6582847654015,299300
2022-12-15,49.69563674926758,50.59157116465662,49.64798151428891,50.47719423767416,322300
2022-12-16,49.89579391479492,50.15313656217124,49.047518319292394,49.26673532205112,1688900
2022-12-19,49.06657409667969,49.99110084867492,48.92360840368297,49.857664747533555,452600
2022-12-20,49.11424255371094,49.514554600796586,48.76158938631938,49.0665873098789,327300
2022-12-21,50.27703857421875,50.324693807780356,49.17142043062773,49.419229826664825,323400
2022-12-22,49.65751266479492,50.46766622829393,49.34298519537924,50.03876182830757,262200
2022-12-23,50.362823486328125,50.486730012210316,49.66704684013998,49.68610966226505,208500
2022-12-27,50.60110092163086,50.791725498025954,50.21985176884068,50.35329151742021,197800
2022-12-28,49.56220626831055,50.82032352117564,49.552676674576595,50.64876174707024,225600
2022-12-29,50.000633239746094,50.21032063091361,49.77188666380086,49.77188666380086,232100
2022-12-30,49.409706115722656,49.9625134353903,49.200018700058195,49.88626577978794,271100
2023-01-03,49.3906364440918,49.790948397045355,48.91407684610877,49.609853422860645,239300
2023-01-04,49.16189193725586,50.019697068124444,48.86642366519081,49.59079268475948,530700
2023-01-05,50.248451232910156,50.25798082623981,48.97127121090054,49.36204998292563,493500
2023-01-06,50.02922439575195,50.93468465445081,49.87672548141585,50.92515506299396,386100
2023-01-09,49.70517349243164,50.44860539107879,49.54314131901322,50.44860539107879,447300
2023-01-10,49.81001281738281,49.99110781060404,49.390641635983926,49.7528279865648,288300
2023-01-11,49.619384765625,50.23891003794749,49.476415437317705,50.03875588700612,304400
2023-01-12,50.01016616821289,50.01016616821289,49.180949836763645,49.99110334768818,410500
2023-01-13,50.257972717285156,50.43906404822312,49.87672723596402,49.98156728912113,335700
2023-01-17,49.92438507080078,51.010940384827514,49.79094896358504,50.534380781422016,347600
2023-01-18,48.85689163208008,50.076886756373376,48.7806439819838,49.97204305611224,402000
2023-01-19,48.437522888183594,48.93314536409949,48.35174200512389,48.61861424759337,381700
2023-01-20,48.68532943725586,48.77110667298979,48.27548789917518,48.67579620937801,421200
2023-01-23,48.037208557128906,48.74251472057167,47.88470963239578,48.7043890804231,384500
2023-01-24,48.408931732177734,48.41846132571608,47.25565821336732,47.70362182690375,557500
2023-01-25,50.28657531738281,50.63923209478157,47.179407835472304,48.037216705007424,1099200
2023-01-26,50.162662506103516,50.686877317947726,49.73375815609968,50.43906429978504,554500
2023-01-27,49.93391418457031,50.46766224417957,49.67657156489413,49.905321772115585,374700
2023-01-30,50.21985626220703,50.50579497031441,49.35251781607352,49.80048506530416,320500
2023-01-31,51.36359786987305,51.43031592919178,50.28657205594538,50.51532228493927,545700
2023-02-01,51.50656509399414,51.63046797855699,50.67734872945656,50.90609894901968,466000
2023-02-02,52.60264587402344,52.69795997288551,51.153904294069825,51.39218408743336,566200
2023-02-03,52.2690544128418,52.81233203831905,51.96405657523565,52.50733420071291,448700
2023-02-06,52.316715240478516,52.42155894009654,51.802029971005375,52.040309784369455,301500
2023-02-07,51.84968948364258,52.059373249610566,50.88703698966327,52.059373249610566,487700
2023-02-08,51.11579132080078,51.811568004038946,51.11579132080078,51.68766147155875,362500
2023-02-09,51.020469665527344,51.802027119470374,51.010940073296375,51.430311212822005,431600
2023-02-10,51.23015594482422,51.46843573991642,50.55344219936903,50.85844004621816,312700
2023-02-13,51.51609420776367,51.68765596187566,51.09672305096846,51.42078373808428,333400
2023-02-14,51.25876235961914,52.011727590412086,51.249232764991056,51.55423069515947,297700
2023-02-15,51.773441314697266,51.954532677087826,50.82032199206166,50.89657328308611,283800
2023-02-16,51.05860137939453,51.58281627512019,51.049071786030055,51.27781838539393,331600
2023-02-17,51.22063064575195,51.43984763930667,51.020472837844224,51.182505002735105,585200
2023-02-21,50.305633544921875,50.92516252030583,50.076886957851286,50.92516252030583,385400
2023-02-22,50.7059440612793,51.030004746818946,50.486727073393844,50.782191709479676,324000
2023-02-23,50.97281265258789,51.26828090348659,50.36281696699413,50.91562419361557,157800
2023-02-24,50.915626525878906,51.09672150298936,50.35328968160064,50.58203625624583,168600
2023-02-27,50.896568298339844,51.69718859637647,50.82031701478335,51.239688166760125,316600
2023-02-28,50.896568298339844,51.59234489941695,50.8679722490755,50.925160711742876,336900
2023-03-01,51.4017219543457,51.4017219543457,50.35329222326798,50.76313015984963,324400
2023-03-02,51.50656509399414,51.592345971847635,51.03953506215591,51.23968923186027,308200
2023-03-03,52.107025146484375,52.107025146484375,51.30640850541259,51.76390528710842,291100
2023-03-06,50.80125045776367,52.05936745702829,50.62968871824022,51.944994175966336,588400
2023-03-07,50.62016677856445,50.9346942579965,50.10548148219028,50.73454007691596,281300
2023-03-08,50.40093994140625,50.848903454156655,49.857662335408286,50.49625039879292,283300
2023-03-09,49.800479888916016,50.59157059695817,49.70516942002817,50.42953843681524,363800
2023-03-10,49.1237678527832,49.76235601592667,48.94267286525303,49.628919900395886,506700
2023-03-13,48.74251174926758,49.657505241889055,48.49470237513045,48.685326928391824,385900
2023-03-14,49.78141403198242,49.88625772288182,49.047511831547745,49.54313423843328,451200
2023-03-15,48.60908508300781,49.390642630728415,47.96096365769878,48.923616202287924,462300
2023-03-16,49.01081466674805,49.22124112536874,47.910843749397074,48.20735856897383,343800
2023-03-17,48.303001403808594,49.01080936645815,48.06387763448281,48.71429457894808,909700
2023-03-20,49.71862030029297,49.98643779000063,48.87690349854651,48.87690349854651,341800
2023-03-21,49.69948959350586,50.3977306499319,49.316893703694944,50.349906619797984,275000
2023-03-22,49.21167755126953,50.359472492598115,49.14472318082648,49.680358144370835,342600
2023-03-23,48.57081985473633,49.52731495167081,48.36039341455342,49.09689507704168,294600
2023-03-24,49.049072265625,49.19254800388416,47.70998118641106,48.102144069081234,191100
2023-03-27,49.35514831542969,49.79513885778301,49.07776749477537,49.30732428764373,260600
2023-03-28,49.95773696899414,49.986430653440614,49.096893596947965,49.240365667919434,254800
2023-03-29,50.09164810180664,50.41685658653746,49.74730927694585,50.26381751423703,394800
2023-03-30,50.36903381347656,50.6751119656909,50.11077968840708,50.32120978633171,270400
2023-03-31,51.335086822509766,51.507256220861336,50.359465096836225,50.684673554973735,472400
2023-04-03,51.21074295043945,51.717684130613165,50.86640416815586,51.382912341581246,380200
2023-04-04,50.2064323425293,51.220314872668666,49.900350535777264,51.220314872668666,344800
2023-04-05,49.79513931274414,50.39772863608382,49.20210968681379,50.3116439257868,534200
2023-04-06,50.08208465576172,50.110778341529524,49.68992180573144,49.87165456349303,366800
2023-04-10,50.129905700683594,50.235120740561406,49.556010127018,49.556010127018,340200
2023-04-11,50.158599853515625,50.49337531523185,49.99599744399506,50.474244976099,339300
2023-04-12,49.69948959350586,50.43599133353487,49.55601750310412,50.31164593619501,367900
2023-04-13,50.11077880859375,50.20643050994346,49.4412314941031,49.77600697571809,219800
2023-04-14,49.71862030029297,50.24469193310714,49.450802810585316,49.93861375951564,215100
2023-04-17,50.2064323425293,50.2064323425293,49.536885003599494,49.85252650772645,195100
2023-04-18,50.531639099121094,50.56989613099893,49.996000516698786,50.292515318372814,214000
2023-04-19,51.0672721862793,51.23944159409179,50.34990086997365,50.60815498169239,326200
2023-04-20,51.76551818847656,51.794215525057446,50.90467471458077,51.30640093931756,363700
2023-04-21,51.72726821899414,52.062040118663425,51.39249267058481,52.062040118663425,376400
2023-04-24,51.92811965942383,52.530708943065555,51.59334418643919,51.59334418643919,427000
2023-04-25,51.0672721862793,51.80377384220179,51.05770884084047,51.53595638504423,499000
2023-04-26,46.418704986572266,50.14903725178106,45.710900671859086,49.55601132482748,1368100
2023-04-27,46.256103515625,46.91608381959253,45.65351058233511,46.686527039403494,806100
2023-04-28,47.11695098876953,47.37520512536854,46.19871649113275,46.466537622831474,714400
2023-05-01,47.47085189819336,47.99692346306774,47.07868906087909,47.116946091082575,441000
2023-05-02,46.48566818237305,47.13608525115435,45.89264214274533,47.13608525115435,515200
2023-05-03,45.6917724609375,46.983039417417686,45.56742707330762,46.41870714893049,610100
2023-05-04,45.19439697265625,46.045677093739705,45.09874891474961,45.816120295267964,483300
2023-05-05,45.91176223754883,46.179579683004704,45.42395136922005,45.42395136922005,253500
2023-05-08,45.79698944091797,46.1413282835078,45.54829865516332,46.01698289063047,239100
2023-05-09,45.05092239379883,45.7300367578354,44.79267190107208,45.7300367578354,335100
2023-05-10,45.6917724609375,45.701335806721644,44.668322971285356,45.2709159203878,483700
2023-05-11,46.141319274902344,46.15088261922293,45.40481770509925,45.510032736319516,472300
2023-05-12,46.17958068847656,46.66739521616561,45.672639470329116,46.313489414120106,321800
2023-05-15,45.75872802734375,46.409145019898176,45.59612195483543,46.23697560135498,439700
2023-05-16,45.280479431152344,45.6535119466618,44.72571050642798,45.6535119466618,424300
2023-05-17,45.672637939453125,45.73002895512204,44.88831230233965,45.32829914291765,401100
2023-05-18,45.27091979980469,45.50047660568899,44.46746368173036,45.50047660568899,455600
2023-05-19,45.538734436035156,45.90220361277251,45.261349968295086,45.83524559578403,346100
2023-05-22,45.42395782470703,45.54829957134595,44.66832575479567,45.376130146587926,273000
2023-05-23,45.089176177978516,45.61524772695317,45.02222181622206,45.23265189530754,383000
2023-05-24,44.34312057495117,44.95527695392972,44.304859889080056,44.95527695392972,529900
2023-05-25,44.333553314208984,44.50572275086042,43.79791831017323,44.123126840654855,466700
2023-05-26,44.42919921875,44.58223829256879,44.11355407658288,44.524847271609495,407000
2023-05-30,44.123111724853516,44.63005286535819,43.89355133838168,44.410059471389395,286200
2023-05-31,43.201290130615234,44.16153215148389,43.172480379127,44.00789357466621,550700
2023-06-01,42.68275833129883,43.22049151576039,42.59633640336285,43.22049151576039,461500
2023-06-02,43.94068145751953,43.94068145751953,43.22049980756453,43.22049980756453,591200
2023-06-05,43.49896240234375,43.85425092106398,43.2396966195914,43.85425092106398,615300
2023-06-06,43.594993591308594,43.78703908434519,43.13407415152843,43.326123307598,554600
2023-06-07,44.81449890136719,45.05455943629124,43.4701621036123,43.77743929527245,657900
2023-06-08,45.97638702392578,46.05320447754202,44.6224459787685,44.90091336903887,816500
2023-06-09,45.0257453918457,46.06280847780792,44.8144909862536,45.89956543811427,510000
2023-06-12,45.44826126098633,45.53467953520455,44.46881385981693,45.12177879392986,508500
2023-06-13,45.70751190185547,46.15882675643165,45.3714287099575,45.41944007122405,386900
2023-06-14,45.131370544433594,45.98598527291324,44.910515340907686,45.64029759329625,320400
2023-06-15,45.55387878417969,45.66911046060914,44.99694033356735,45.08336225937319,351800
2023-06-16,45.74592971801758,45.937978856602705,45.14097621353584,45.80354555850291,691200
2023-06-20,44.43040084838867,45.37143763382254,44.32477363500776,45.37143763382254,570900
2023-06-21,44.40159225463867,44.72807468529898,43.9310720569393,44.42079387141347,433100
2023-06-22,44.45920944213867,44.70887444474241,43.873461162606425,44.372787504780916,396500
2023-06-23,43.93107223510742,44.34397659505924,43.72942229086098,44.02709497150118,556000
2023-06-26,44.6800537109375,45.092958014290325,43.79663293550584,44.459198517079585,524900
2023-06-27,45.91877365112305,46.08201670124733,44.891314970509086,44.97773689986132,960000
2023-06-28,44.99694061279297,45.70751764002151,44.737674833766604,45.70751764002151,2578100
2023-06-29,45.27541732788086,45.457862011604824,44.680064577350684,44.814497887782345,537000
2023-06-30,45.0257453918457,45.33302252923471,44.58403496472805,45.28501116333626,682100
2023-07-03,45.56348419189453,45.80354469484126,44.6992649160733,44.6992649160733,253700
2023-07-05,44.027099609375,45.35223475678938,43.95028214477446,45.35223475678938,391600
2023-07-06,44.43040084838867,44.45920693820791,43.537375433664465,43.79664123113596,473400
2023-07-07,45.15058135986328,45.44825771227034,44.33437342443723,44.33437342443723,678700
2023-07-10,44.718467712402344,45.217793970365015,44.21914145443968,44.39198530000492,443700
2023-07-11,45.073760986328125,45.11217154786333,44.42079609236063,44.85290575204982,276100
2023-07-12,46.00519943237305,46.21645386915133,45.41945115805722,45.505873094645345,377700
2023-07-13,45.55387878417969,46.20684363181657,45.53467350477478,45.957182325617765,347600
2023-07-14,45.304222106933594,45.59229400137592,44.78569049911768,45.59229400137592,423800
2023-07-17,45.00654220581055,45.51547296449164,44.900914998102536,45.15057997323649,261600
2023-07-18,45.25620651245117,45.64030111485913,44.737674953016274,45.0065415410051,391700
2023-07-19,45.630699157714844,45.80354300650801,45.21779481482366,45.37143338452509,360300
2023-07-20,45.88996505737305,46.302869401402155,45.630699283468786,45.937976423718474,421200
2023-07-21,46.13002395629883,46.398890528957956,45.50586522630319,45.937974834528454,448000
2023-07-24,46.15884017944336,46.37009462608758,45.82275688981221,46.120429614047474,283100
2023-07-25,46.898216247558594,46.898216247558594,45.83234711372258,46.16843398876068,558000
2023-07-26,41.16557693481445,43.52777523499514,39.677202443751355,41.933769866037395,3063100
2023-07-27,41.645694732666016,41.904960513589046,41.19438348116227,41.37682814342697,1690400
2023-07-28,42.375484466552734,42.77878438618455,41.789736205440256,41.96258007472042,1089100
2023-07-31,42.10662078857422,42.60594719329148,41.828153322682645,42.3082744430223,884000
2023-08-01,42.25065231323242,42.34667505782206,41.29041021520442,41.67450851962878,685800
2023-08-02,42.02979278564453,42.47150322658063,41.82814284474316,42.06820334477789,737800
2023-08-03,42.21223831176758,42.92281901816213,41.87615507004674,42.12581638346328,684500
2023-08-04,42.18342971801758,42.60593486294961,42.02018667956794,42.18342971801758,476200
2023-08-07,42.500308990478516,42.55792482873942,42.029792465294925,42.21223712523902,483700
2023-08-08,42.653953552246094,42.88441327461818,42.087414213440454,42.106615832524525,658800
2023-08-09,43.23970031738281,43.537376685192164,42.788389024099274,42.84600120539387,558000
2023-08-10,43.28771209716797,43.652601428036185,42.92281910326714,43.26850681716975,929800
2023-08-11,43.28771209716797,43.5085673225985,42.66355331784017,43.306913714133564,480400
2023-08-14,43.23970031738281,43.36453281524259,42.88441176827886,43.201293417530714,502900
2023-08-15,42.74037170410156,43.25890328622989,42.70196480630267,42.86520419528787,780300
2023-08-16,42.894012451171875,43.258905471439,42.62514583783445,42.62514583783445,665200
2023-08-17,43.09566116333008,43.36452774602935,42.894007563273156,42.93241812166804,588200
2023-08-18,42.98043441772461,43.24930469429404,42.82679582955617,43.105266915309244,828200
2023-08-21,42.75957489013672,43.06685203567346,42.452297744599974,42.92281793415891,917700
2023-08-22,42.56753158569336,43.0572534165936,42.56753158569336,42.80759209678877,731100
2023-08-23,42.75957489013672,43.009239860280644,42.46190221585379,42.54832414197553,635700
2023-08-24,42.970829010009766,43.26850534530711,42.39468528179246,42.58673074917657,444400
2023-08-25,43.1724853515625,43.38373979265548,42.93242481869611,43.12447397759583,555400
2023-08-28,43.383731842041016,43.80623698376458,43.17247743966305,43.2396940835047,494700
2023-08-29,43.72941970825195,43.758225794862305,43.105260969456864,43.354925930187854,439800
2023-08-30,43.71981430053711,44.11351334891611,43.61418710118601,43.88305733490671,570500
2023-08-31,43.507728576660156,43.912629217136256,43.372761696501456,43.854788369966336,512000
2023-09-01,43.334197998046875,43.85478767981351,43.324555405289196,43.69089670107737,559600
2023-09-05,41.878475189208984,43.07390293248522,41.86883627407319,43.07390293248522,643700
2023-09-06,41.72422790527344,42.032724683763426,41.213280805444086,41.897757802870515,782900
2023-09-07,40.789100646972656,41.936322868176205,40.75053762838467,41.50249810299104,798000
2023-09-08,41.11687469482422,41.29040458294045,40.73125190399449,40.808377933189036,583300
2023-09-11,40.99154281616211,41.49285092527224,40.914416794343104,41.406085989511425,425400
2023-09-12,41.550697326660156,41.72422722141308,40.97226679586483,41.06867065847351,508300
2023-09-13,41.66638946533203,41.80135635402352,41.425376113362404,41.80135635402352,513700
2023-09-14,42.41835403442383,42.437635545748144,41.878482750059696,42.0520126744063,380000
2023-09-15,42.41835403442383,42.543682019245765,42.09057569705494,42.437635545748144,1496500
2023-09-18,42.62080383300781,42.784694838348216,42.177340111029174,42.524399955211486,328300
2023-09-19,42.4376335144043,42.75576924209684,42.39907049360154,42.678646878063404,430200
2023-09-20,42.48583221435547,42.958219989264805,42.418348771878684,42.54367674115206,477900
2023-09-21,42.13876724243164,42.65935688706035,42.12912832793319,42.58223086078735,485500
2023-09-22,41.888118743896484,42.37014541833126,41.753151863466215,42.36050282540243,423300
2023-09-25,41.791709899902344,41.93631936875426,41.55069657019686,41.69530603904877,441500
2023-09-26,41.03974914550781,41.83027256613801,40.96262679298297,41.550696223395946,555200
2023-09-27,41.145790100097656,41.42536640548201,40.856574881025,41.33860147200311,478400
2023-09-28,41.60853958129883,41.86883440923086,41.22291679675402,41.29040390998507,372600
2023-09-29,41.56034469604492,42.02308990937938,41.49286124894857,41.926686035690885,375100
2023-10-02,41.01082992553711,41.49285659505897,40.7794555060351,41.36752863126323,551400
2023-10-03,40.818023681640625,41.08795747386976,40.634854847995435,40.77946066058729,554400
2023-10-04,41.09759521484375,41.36752897519733,40.7119724049915,40.93370423350646,775200
2023-10-05,40.22030258178711,41.367524620083586,40.210659989891546,41.12651130869238,426800
2023-10-06,39.67079544067383,40.22030553681313,39.130924259566996,40.181742521540166,707200
2023-10-09,40.60593032836914,40.63485443264955,39.593674940284465,39.74792334534906,603900
2023-10-10,40.18174362182617,40.885502120756605,40.17210102895812,40.76017415647343,386900
2023-10-11,40.307071685791016,40.70233341021086,39.99857490953999,40.35527361753555,336100
2023-10-12,38.63926315307617,40.22031018632285,38.600700133345285,40.22031018632285,439500
2023-10-13,38.841705322265625,39.13092055428414,38.60069201598833,38.841705322265625,425500
2023-10-16,39.86360549926758,39.93108894116633,38.94775773704974,39.17912848711067,761700
2023-10-17,40.538448333740234,40.5962928668019,39.48762988733919,39.58403744244197,586700
2023-10-18,40.1528205871582,40.45167475034324,39.86360166107133,40.12389648800667,562400
2023-10-19,39.52619171142578,40.17210576196326,39.39122481594464,39.76720507551984,519000
2023-10-20,39.40086364746094,39.931092311810716,39.32374128345453,39.690078948236085,677800
2023-10-23,38.234352111816406,39.526183626215065,38.09938524394318,39.2755313969607,902500
2023-10-24,39.73828125,39.76720167439478,38.28255859593348,38.485008921840446,873000
2023-10-25,37.44383239746094,39.371939104482465,36.74007389070668,39.20804812204836,1377700
2023-10-26,38.40789031982422,38.92848007526456,37.27994584970348,37.395634913738306,953300
2023-10-27,38.01262664794922,38.446451422499486,37.88729867361871,38.18615655776932,591000
2023-10-30,38.359676361083984,38.54284513871432,38.00297404178195,38.33075226535321,444500
2023-10-31,38.61997604370117,38.832065266326296,38.24399217219686,38.407883143504606,571200
2023-11-01,39.275535583496094,39.420141381243795,38.47536952785291,38.87063125914473,1060900
2023-11-02,39.88288116455078,40.123894472468784,39.40085454871478,39.55510291867945,530800
2023-11-03,40.8565788269043,41.213277508957745,40.2492242338944,40.39383369618246,421300
2023-11-06,40.20102310180664,40.52880136892243,40.06605622903628,40.49023835453905,385600
2023-11-07,39.88288116455078,40.22030200217872,39.82504032429605,39.99857020020271,361400
2023-11-08,39.83469009399414,40.10462389560026,39.65152125398602,40.02750152838661,314800
2023-11-09,39.651512145996094,40.05641275539922,39.42978033452704,40.05641275539922,388500
2023-11-10,39.439422607421875,39.718998962999535,39.18877035324405,39.641872929362236,336600
2023-11-13,38.870628356933594,39.51654597354315,38.57177051312064,39.294810480589746,542300
2023-11-14,40.297428131103516,40.57700447714938,39.45870277053749,39.526186208883516,476100
2023-11-15,40.84693908691406,40.89514101851873,40.307071568827205,40.36491241572414,549800
2023-11-16,40.538448333740234,40.83730623820056,40.220312595831544,40.69269674433249,447300
2023-11-17,40.64448928833008,40.933704559234855,40.24922755999349,40.82765810180304,1144600
2023-11-20,40.24923324584961,40.702339563404436,39.902173400707376,40.702339563404436,291600
2023-11-21,40.1239013671875,40.45167966938285,40.027497498483164,40.297431272912796,373800
2023-11-22,40.22030258178711,40.55771974670628,40.152819148803275,40.29742492909523,230200
2023-11-24,40.586647033691406,40.67341198757397,40.201027876769274,40.33599476557062,107200
2023-11-27,39.998573303222656,40.451675856510974,39.93108618840456,40.36491091182657,493200
2023-11-28,39.535831451416016,40.220312214656126,39.41050714732842,40.08534531636354,613700
2023-11-29,40.01785659790039,40.17210500089544,39.72864130198117,39.83468776858502,383400
2023-11-30,40.395469665527344,40.627848048605685,39.766104465313546,40.15340669522785,743500
2023-12-01,41.48959732055664,41.73166032404551,40.318013270131715,40.318013270131715,496400
2023-12-04,41.9834098815918,41.9834098815918,41.27658632154403,41.27658632154403,683000
2023-12-05,40.995792388916016,41.77039329859081,40.8311876179666,41.77039329859081,405200
2023-12-06,41.27658462524414,41.91563081036681,41.03452162037058,41.092614377643706,486700
2023-12-07,41.47991180419922,41.47991180419922,40.976420369807215,41.23784882767929,236500
2023-12-08,40.97642517089844,41.51864763152539,40.92801330863975,41.30563100528117,401100
2023-12-11,40.98611068725586,41.111980793259946,40.70531670877582,40.84087140360386,402900
2023-12-12,40.54071044921875,40.89896635075341,40.31801293111217,40.89896635075341,556500
2023-12-13,42.11895751953125,42.351339599990084,40.443882180950546,40.501978624462225,684000
2023-12-14,43.0484733581543,43.271170824871206,42.61275931736581,42.7870449336812,645500
2023-12-15,42.81610107421875,43.36800437300114,42.44816431050117,43.348638891375174,1880300
2023-12-18,43.17435836791992,43.23245481968419,42.68055145548298,43.02911908530344,578400
2023-12-19,43.522926330566406,44.00705231045349,43.31959430547498,43.4841953657143,584300
2023-12-20,43.1937255859375,43.77467535255001,43.13562913184084,43.53261233419671,553000
2023-12-21,43.852134704589844,43.96832391234086,43.43578604209471,43.53260976628917,436900
2023-12-22,44.01673889160156,44.35562933745823,43.63912116947753,43.95864613040622,377100
2023-12-26,44.34593963623047,44.71387642027097,43.95864106308251,44.026418405723106,326100
2023-12-27,44.316890716552734,44.64609651631569,44.10387411270966,44.25879427179882,386700
2023-12-28,44.16197204589844,44.43308141004494,43.92958995263852,44.31689221020902,337300
2023-12-29,43.81340789794922,44.23943749588377,43.76499603125485,44.0845173063086,335800
2024-01-02,43.90054702758789,44.36530755705965,43.522929328241354,43.522929328241354,291900
2024-01-03,42.6515007019043,43.21308864589504,42.33197945627272,43.16467678365854,491300
2024-01-04,43.00007247924805,43.15499265621333,42.506265569417565,42.54499284346761,444600
2024-01-05,43.38737487792969,43.88118178900613,42.61277029756043,42.75800957977676,695800
2024-01-08,43.37769317626953,43.600390715191736,43.11626466703339,43.154995637347334,331100
2024-01-09,42.97102355957031,43.184036481810054,42.82578428630799,43.116259139244484,267100
2024-01-10,42.55467224121094,42.903243520260034,42.515941278297056,42.70959239927855,277000
2024-01-11,42.31261444091797,42.864517802416124,42.23515250561166,42.58372382731331,495800
2024-01-12,42.051177978515625,42.78704775649389,41.876892350701986,42.699904942587075,331400
2024-01-16,41.50896453857422,41.82848948945369,41.392775326249165,41.82848948945369,294500
2024-01-17,41.48959732055664,41.50896280406635,41.08293324761773,41.15071059310755,374000
2024-01-18,41.305633544921875,41.441188245015994,40.94738130987477,41.39277637978075,360900
2024-01-19,41.78007888793945,41.81880616415907,41.07325161649998,41.55737765833664,303600
2024-01-22,42.15769577026367,42.235154014749334,41.770393467069866,41.83817081609051,275200
2024-01-23,42.47721481323242,42.84515161269874,42.26420188182629,42.53531126375499,664400
2024-01-24,42.07054901123047,42.70959516636056,41.98340618582236,42.70959516636056,505000
2024-01-25,42.58372497558594,42.80642250521407,42.16737629605859,42.699914188090084,388600
2024-01-26,42.40943145751953,43.08720850987558,42.33197322805507,42.816099166368275,547800
2024-01-29,42.15769577026367,42.27388498378642,41.69293522258421,42.27388498378642,623400
2024-01-30,42.254512786865234,42.51594124595317,41.721974974762205,42.128639004284835,568600
2024-01-31,44.48149108886719,45.99196538706017,44.02641520615077,45.62402862975908,1569800
2024-02-01,44.89784240722656,45.11085902064154,43.82308213930641,44.91720788968139,994200
2024-02-02,43.81340789794922,44.66547078740698,43.522933004194364,44.66547078740698,665900
2024-02-05,43.29054260253906,43.61006751013742,42.796735746854644,43.300227190180934,667400
2024-02-06,42.98070526123047,43.31959567401038,42.796738712753296,43.203402775783324,655200
2024-02-07,42.6515007019043,43.22276954090702,42.18674017597488,43.22276954090702,581500
2024-02-08,43.0097541809082,43.07753522234068,42.39975805031184,42.51594726181756,410900
2024-02-09,43.41641616821289,43.46482802541465,42.854828282626265,43.19371867021446,386900
2024-02-12,44.19102096557617,44.31689476056861,43.57134027267229,43.57134027267229,342500
2024-02-13,42.87419891357422,43.929593779116296,42.796740671465976,43.503564213549986,764300
2024-02-14,42.85483169555664,43.029117350233314,42.612768696682174,42.893562661837734,478100
2024-02-15,43.03879928588867,43.45514791377804,42.893560018080564,42.980702840047826,612400
2024-02-16,42.56435775756836,43.16467666716347,42.52562679044836,42.97102552515177,688800
2024-02-20,42.6805534362793,42.88388548650826,42.341662992309125,42.50626776648631,668300
2024-02-21,43.1065788269043,43.18403706505905,42.622452834275435,42.622452834275435,478200
2024-02-22,43.21308135986328,43.36800150905245,42.97101839590597,43.16466950578936,676000
2024-02-23,44.15229034423828,44.1910213112448,43.319596715127915,43.42610133401339,381100
2024-02-26,43.05815887451172,44.181330818591334,42.95165058517518,43.97799513277271,474400
2024-02-27,42.69991683959961,43.36801316355883,42.69023594361831,43.18404289761588,357700
2024-02-28,42.593406677246094,43.05816718934609,42.52562563982589,42.69991129356192,399600
2024-02-29,42.51594543457031,42.874197642575936,42.36102526135802,42.58372277950142,677800
2024-03-01,42.331974029541016,42.72895715873056,42.29324306728159,42.477209597632104,438500
2024-03-04,41.99308776855469,42.62245303943691,41.97372228552574,42.52562562429215,708000
2024-03-05,41.915626525878906,42.225466844959065,41.596101619184275,41.770387260365354,801500
2024-03-06,41.67356491088867,42.196421851559634,41.538010228549105,42.09959444018275,946400
2024-03-07,42.322288513183594,42.55467058805141,41.83816257633111,41.993082728380394,892700
2024-03-08,42.86452102661133,43.13563043339905,42.118966464356454,42.515949678690745,564400
2024-03-11,43.522926330566406,43.61975004910858,42.66118267734149,42.69022905418653,481100
2024-03-12,43.1065788269043,43.55197385366168,42.80641938178265,43.522927476052175,508900
2024-03-13,43.2816162109375,43.592788298278634,43.145480509274314,43.223274458464516,365500
2024-03-14,43.174652099609375,43.21354536208652,42.66900259321243,43.09685815581627,434900
2024-03-15,43.29133224487305,43.67056838546082,43.009334808747184,43.009334808747184,992600
2024-03-18,42.766239166259766,43.62195395792178,42.73706829351171,43.29133713224004,434500
2024-03-19,43.087127685546875,43.14546942302893,42.60092675629664,42.668994589638174,366900
2024-03-20,43.58305358886719,43.58305358886719,42.91209760205634,42.91209760205634,451200
2024-03-21,44.030357360839844,44.13732216460005,43.456640084741494,43.63167272554566,599900
2024-03-22,43.95256805419922,44.31235573028661,43.8650517319705,44.215117020885366,715300
2024-03-25,44.2248420715332,44.58462976928909,43.99146767114747,44.001190058905536,372800
2024-03-26,44.46793746948242,44.545731400302344,44.117872199630334,44.312353317261355,405000
2024-03-27,45.86819839477539,45.88764687898785,44.604076596318194,44.604076596318194,961300
2024-03-28,47.21984100341797,47.336528201192536,46.01406092835029,46.01406092835029,1138300
2024-04-01,47.32680130004883,47.4337661084493,46.66557138428233,47.17121713585335,1007000
2024-04-02,46.947566986083984,47.492113436987225,46.65584713037194,47.29763229670612,713500
2024-04-03,46.63639450073242,47.27817961002988,46.50998492379031,46.82115323681824,726200
2024-04-04,46.46136474609375,47.24901167390442,46.23771273905546,46.93784334155384,725300
2024-04-05,46.7628059387207,46.88921922008502,46.140469337263674,46.15991781973655,624400
2024-04-08,46.93783950805664,47.17121388354992,46.72390990600545,47.035078212942366,613600
2024-04-09,47.78383255004883,47.85190039167643,46.91839538413862,46.92811777176292,961500
2024-04-10,47.91997146606445,48.34783073878108,46.81143373115213,46.860053091391904,954200
2024-04-11,47.33652877807617,48.03665939209426,47.27818332376827,48.03665939209426,623600
2024-04-12,46.159915924072266,47.17121100519938,46.06267351570138,47.073972306247086,461900
2024-04-15,45.94599151611328,46.77253167866729,45.625097096432,46.548879678322315,452900
2024-04-16,45.75151062011719,45.96544023432873,45.26530964921388,45.83902694325654,493900
2024-04-17,45.498687744140625,46.208540716478446,45.459790776210575,45.887646295184055,415600
2024-04-18,45.54730987548828,45.63482620395557,45.148625203452674,45.537587487622694,336200
2024-04-19,46.09185791015625,46.12102878417141,45.187523721492546,45.401449646636,335900
2024-04-22,45.74178695678711,46.461362296375384,45.547305831967414,46.07240375615492,783400
2024-04-23,45.926544189453125,46.30578036087275,45.44034320877788,45.44034320877788,383700
2024-04-24,46.014060974121094,46.17937123810038,45.65427328346379,45.9070961637967,507000
2024-04-25,45.72234344482422,45.9751663379864,45.22641633714012,45.56675926993534,413500
2024-04-26,45.66399383544922,46.22798873651786,45.65427144827379,45.85847496372872,485600
2024-04-29,45.98488998413086,46.31550680182283,45.7126149105251,45.88764756162197,551800
2024-04-30,45.37227249145508,45.76123473510117,45.2555853021288,45.64454383635602,819900
2024-05-01,43.48582077026367,46.91839881242813,43.05796149514781,46.37385233019859,1360300
2024-05-02,44.137325286865234,44.74021347593949,43.758089108102084,44.03036047553836,1373400
2024-05-03,45.00276184082031,45.022210325288476,44.604077182770716,44.75966134909692,704400
2024-05-06,45.35282516479492,45.66399348387881,45.216689488873094,45.46951235709664,471400
2024-05-07,45.839027404785156,46.00433766545459,45.24586162080381,45.35282642898655,559800
2024-05-08,45.17779541015625,45.868199930427195,45.138898440429074,45.654274015766134,490900
2024-05-09,45.51813888549805,45.66399695962253,45.25558990077088,45.411174072155205,688200
2024-05-10,46.519710540771484,46.53915902536348,45.47924072632388,45.693170347416746,516000
2024-05-13,46.09185791015625,46.8503303099054,46.07240942433968,46.62667828714397,517000
2024-05-14,46.247440338134766,46.50998932259941,45.94599438350812,46.4127468971944,408500
2024-05-15,45.80985641479492,46.364125229018555,45.77095944657104,46.364125229018555,514800
2024-05-16,46.06268310546875,46.30578361287906,45.518140342898036,45.634827547817565,383100
2024-05-17,45.91682434082031,46.2571635623434,45.722343195913126,46.159924844599466,245200
2024-05-20,45.576480865478516,45.819581366353894,45.1194544462379,45.77096200806267,624000
2024-05-21,45.66399383544922,45.78068473806831,45.35282551396962,45.5764775131944,645000
2024-05-22,45.391719818115234,45.63482028684575,45.2069647972708,45.49868461786367,288100
2024-05-23,45.28476333618164,45.362557280985456,44.90552712881169,45.362557280985456,789800
2024-05-24,45.43061447143555,45.63481796451688,44.818000282772964,45.46950772529491,794800
2024-05-28,45.34310531616211,45.663996040311176,45.022210882593875,45.57647971383067,503100
2024-05-29,44.91524887084961,45.11945611831124,44.48739330884406,45.002765202784765,474800
2024-05-30,45.18751907348633,45.304206266963845,44.79855681600259,44.99303794474446,483200
2024-05-31,45.94599151611328,45.95571390333741,45.10000286969201,45.27503551507834,498600
2024-06-03,45.721439361572266,46.434158313084254,45.262564036523855,46.08267965767658,432700
2024-06-04,44.579132080078125,45.291851005187674,44.569370439743096,45.291851005187674,552600
2024-06-05,44.6767692565918,44.862273966912156,44.04215826828436,44.54008392755315,502000
2024-06-06,45.02824783325195,45.09659049760136,44.50103352604163,44.735350168269356,427500
2024-06-07,44.85250473022461,45.13564072988259,44.60842274246336,44.83297772427624,396800
2024-06-10,44.7060546875,45.057533321527565,44.18859837656151,44.61818502899311,488200
2024-06-11,44.58889389038086,44.72558292636003,44.33505027235321,44.55960524486874,337800
2024-06-12,44.22765350341797,45.028242090314095,44.1202568375961,44.95013779433163,493000
2024-06-13,43.339195251464844,44.42291982552938,43.27085259583874,44.12025683318848,1187500
2024-06-14,43.07558822631836,43.222038908968074,42.392157914612305,43.06582658552631,502000
2024-06-17,42.958431243896484,43.15369758533879,42.63624122185733,43.075589559003596,452900
2024-06-18,42.92913818359375,43.11463914047893,42.76316050688991,42.89008417444045,415200
2024-06-20,43.192752838134766,43.339199805122746,42.73387748123502,42.84127415833035,404700
2024-06-21,43.212276458740234,43.45635846335769,43.02677547601346,43.19275317583916,726900
2024-06-24,43.2513313293457,43.62233702653785,42.909618005876546,42.909618005876546,342500
2024-06-25,42.82174301147461,43.45635392253095,42.61671504287466,43.3001416048745,341700
2024-06-26,42.48003005981445,42.724112062219355,42.245713423167395,42.65576939949764,477800
2024-06-27,41.81612777709961,42.35310740331936,41.445122114236916,42.34334203818333,1144500
2024-06-28,41.32796096801758,42.32381212862942,41.11316764250761,42.09925716304869,1032800
2024-07-01,40.86908721923828,41.61109479774592,40.66405925043432,41.562279146753845,518400
2024-07-02,40.820274353027344,40.84956300074159,40.48832268948172,40.800747346419286,491200
2024-07-03,40.888614654541016,41.09364262550127,40.6542943131611,40.97648431700905,287400
2024-07-05,40.34187698364258,40.771460008878876,40.166137626864966,40.71288270621711,1097100
2024-07-08,41.669673919677734,41.796597586004765,41.201036987541706,41.64038527529276,846400
2024-07-09,41.34748840332031,41.63062441096495,40.85932441402777,41.18151443467077,499200
2024-07-10,41.55251693725586,41.88446857360952,41.337723606557795,41.55251693725586,453200
2024-07-11,42.401920318603516,42.77292595751635,41.55251610198297,41.91375637639016,532700
2024-07-12,43.2318000793457,43.436831777703425,42.44097682994996,42.68505881544653,553800
2024-07-15,43.700435638427734,43.95428298083765,43.12440202221498,43.12440202221498,653000
2024-07-16,44.540077209472656,44.72558189181293,43.739488639232945,43.739488639232945,373500
2024-07-17,44.66699981689453,45.262560410356365,44.56936852016761,44.56936852016761,625400
2024-07-18,44.83298110961914,45.19422516034817,44.39363647799039,44.39363647799039,485500
2024-07-19,44.2569465637207,44.67676414441751,44.05191486922776,44.55960583641829,426900
2024-07-22,44.471736907958984,44.569371936565204,43.915230280287844,44.19836627665261,368700
2024-07-23,44.823219299316406,44.95990462636583,44.33505528877086,44.6377183160916,455500
2024-07-24,45.28208923339844,45.770253185431294,44.891556582014,45.1454039227325,660800
2024-07-25,45.867881774902344,45.88740877875689,45.096581882425845,45.2332709094077,935500
2024-07-26,46.71729278564453,47.078536823152994,45.86788847801346,46.03386617283545,502000
2024-07-29,46.68800354003906,47.10782486790155,46.482975558821295,46.902796886683774,571600
2024-07-30,47.58623123168945,47.73267820589354,46.795404163161855,46.873508471191506,660400
2024-07-31,50.212547302246094,50.87645061328194,47.742438754195305,47.742438754195305,1287800
2024-08-01,51.44272232055664,51.58917301413356,50.4859213025361,50.83739998760402,1212600
2024-08-02,50.046573638916016,51.40367274157818,49.64627929191377,51.08148270100774,843000
2024-08-05,47.2542724609375,49.08000461472053,47.2347454557575,49.040950604360525,1114000
2024-08-06,47.91817855834961,48.4844468442998,47.185932580803154,47.24450987539367,881800
2024-08-07,47.55693817138672,48.640662897087196,47.44954149054852,48.25013018938392,714500
2024-08-08,47.93770217895508,48.250126833630475,47.761962845150705,47.80101685808405,377800
2024-08-09,47.8010139465332,48.11343858217888,47.342142357901054,47.83030631664685,391500
2024-08-12,47.332374572753906,47.927935167873436,46.8930262874694,47.801011502258966,517100
2024-08-13,48.00604248046875,48.172020165081804,47.254273252618546,47.43001257778743,390200
2024-08-14,47.84006881713867,48.220836115902415,47.664329490879176,48.084150800899586,303200
2024-08-15,48.45515441894531,48.78710605185985,48.152491431042385,48.30870374509656,457400
2024-08-16,48.923789978027344,49.15810658028678,48.152490069766614,48.19154407827494,1055100
2024-08-19,48.787105560302734,49.30455814706944,48.68947053725551,49.00189516221601,346400
2024-08-20,49.01166534423828,49.14835066554434,48.660186675510886,48.72852933616391,453600
2024-08-21,49.451011657714844,49.451011657714844,48.816397006867355,49.128821649759665,297100
2024-08-22,49.59745788574219,49.78296257525722,49.324087258324845,49.69509291295943,291800
2024-08-23,50.05633544921875,50.173493762742076,49.45101315088665,49.782964809532444,273800
2024-08-26,50.13444519042969,50.90574526397994,50.105156539969514,50.37852720932057,303300
2024-08-27,49.64627456665039,49.97822621728165,49.49006224425895,49.929410564858486,534400
2024-08-28,50.01728057861328,50.04656922539281,49.411958290664515,49.48030094941378,585200
2024-08-29,50.554264068603516,50.681187755000465,49.91965308541047,50.319947427681605,468500
2024-08-30,51.032657623291016,51.169342927611446,50.48591268161408,50.48591268161408,429500
2024-09-03,50.229148864746094,50.964066205403405,49.8567934368274,50.64070451926529,692200
2024-09-04,49.886192321777344,50.45453023137661,49.856796822309505,50.091968294018535,475800
2024-09-05,49.33745193481445,50.05277480723671,49.004289239789614,49.98417907951171,432200
2024-09-06,49.464839935302734,49.8176008847705,49.11207898583498,49.484438181160186,500000
2024-09-09,48.945499420166016,49.70981231739687,48.945499420166016,49.47464084347192,467500
2024-09-10,48.95529556274414,49.43544322958103,48.876906319209745,49.05328678964101,358000
2024-09-11,48.60253143310547,48.798510136058084,47.76962661803543,48.798510136058084,282500
2024-09-12,48.99449157714844,49.15127380067599,48.72992087407387,48.96509607835672,449700
2024-09-13,49.513832092285156,50.02337525428046,49.22966688142762,49.513832092285156,332800
2024-09-16,50.23895263671875,50.297747372899586,49.65101648885972,49.79800146032025,394800
2024-09-17,50.36634063720703,50.601512111914715,50.062573432894474,50.42513163689235,391200
2024-09-18,50.41532897949219,51.0032613412308,50.091963563948,50.47411997287637,1073600
2024-09-19,50.97386932373047,51.20904078928429,50.6309056409885,51.09145505650738,557200
2024-09-20,50.33694076538086,50.581913228939435,49.98417981977921,50.48392573870926,708600
2024-09-23,50.29774856567383,50.611313023441355,50.16056084466525,50.43493254869922,452300
2024-09-24,50.19975662231445,50.7582935383919,49.95478415954424,50.41533358570685,1269100
2024-09-25,49.79800033569336,50.581911443818626,49.76860483725835,50.36633822532356,436200
2024-09-26,50.74849319458008,50.97386739804794,50.0625695929919,50.278146543258075,295900
2024-09-27,50.51332473754883,51.68919339168624,50.307548751020214,51.071861694117004,772200
2024-09-30,51.4442138671875,51.47360936467137,50.07236666886934,50.40552934629044,631200
2024-10-01,50.94447708129883,51.48341577378916,50.90528058854015,51.32663354073773,371300
2024-10-02,50.562313079833984,51.18944570284082,50.09196641606611,51.01306523667999,441000
2024-10-03,49.73920440673828,50.53291648727571,49.611821424589365,50.32714052720476,950800
2024-10-04,50.483924865722656,50.572115100598054,50.09196743561355,50.18995866213237,425300
2024-10-07,49.944984436035156,50.189956886691824,49.5726252644018,50.189956886691824,483700
2024-10-08,49.582420349121094,50.13115996026556,49.562825843350566,49.886187520323304,471700
2024-10-09,49.89598846435547,50.180157412826276,49.39624629461633,49.50403477424202,358800
2024-10-10,49.86659240722656,49.96458363214509,49.44523948503444,49.82739591725915,398700
2024-10-11,50.53291702270508,50.86607970643795,49.954781887344595,50.01357662140909,376300
2024-10-14,50.856285095214844,50.983668085331374,50.49372315662211,50.54272063987957,392000
2024-10-15,50.425132751464844,50.9444769340581,50.27815151101954,50.76809645513711,647800
2024-10-16,50.53291702270508,51.11105215806556,50.47412228864059,50.52311976935248,424200
2024-10-17,50.679901123046875,51.16984601793176,50.65050188752541,50.88567708178263,283700
2024-10-18,51.395225524902344,51.44421927185031,50.53292137428172,50.97387257277995,470100
2024-10-21,50.34674072265625,51.130651842339056,50.31734148580478,51.1110535970991,336800
2024-10-22,50.06257247924805,50.26834845019323,49.74900802695546,50.209557451627816,306800
2024-10-23,49.925384521484375,50.493718644246655,49.602019103201926,50.10176497909611,316300
2024-10-24,49.925384521484375,50.356534674544825,49.77839956081366,49.88618803357448,235500
2024-10-25,49.87639617919922,50.30754637892727,49.80780418692392,50.13116590222415,389700
2024-10-28,50.131160736083984,50.81708432613408,50.11156249202737,50.1507589801406,366600
2024-10-29,49.76860809326172,49.96458681761027,49.54323386855502,49.84699734021118,355800
2024-10-30,51.356021881103516,51.738178287261015,48.984690469570936,49.22966290818295,941800
2024-10-31,50.699501037597656,51.698985366663955,50.49372133409999,51.39522191413748,595500
2024-11-01,51.581398010253906,51.63039175221691,50.59171096586277,50.9346708975867,892800
2024-11-04,52.002750396728516,52.63968024979332,51.72838245410755,51.72838245410755,888200
2024-11-05,52.02235412597656,52.59068831532652,51.767584400678295,51.93416388683808,625200
2024-11-06,52.88465881347656,54.129119428312094,52.28692537962813,54.080121943190115,602500
2024-11-07,52.43390655517578,53.129631220410886,52.286925313944394,53.03163998827333,396900
2024-11-08,52.5612907409668,52.89445343812361,52.09094406344831,52.52209425001114,506800
2024-11-11,52.982643127441406,53.43339155483408,52.757268913745065,52.96304488216567,696300
2024-11-12,53.4235954284668,53.668567892607975,52.806263772195734,53.01203974495837,585400
2024-11-13,54.021324157714844,54.207501868654575,53.433388051934976,53.433388051934976,921200
2024-11-14,52.845455169677734,54.17810584422576,52.816059672968905,53.99192439711571,489100
2024-11-15,52.47309875488281,53.28640909415775,52.38490852216605,52.87485342881852,492900
2024-11-18,53.11002731323242,53.129625557571046,52.365308980296255,52.45349921082862,673200
2024-11-19,53.19822311401367,53.668569813440776,52.66908167541445,52.71807542239957,686800
2024-11-20,53.6685676574707,53.80575163871142,52.884656523250094,52.933650268267044,779900
2024-11-21,54.48187255859375,54.78563974881213,53.2178175302273,53.66856595082256,690900
2024-11-22,55.39317321777344,55.63814568555129,54.57986656850223,54.60926206848095,544800
2024-11-25,55.9713020324707,56.45144965947939,55.69693409588448,55.69693409588448,660500
2024-11-26,56.02029800415039,56.049697239943306,55.51075859819041,55.98110525306473,518700
2024-11-27,56.29467010498047,56.97079272547884,56.11828964085342,56.37305934571307,669700
2024-11-29,56.37306594848633,56.73562791053692,56.30447395306776,56.41226244243505,330000
2024-12-02,56.25508499145508,56.36323063200778,55.56688852914891,56.274748176134565,382700
2024-12-03,55.79301071166992,56.2747493706203,55.340768705549365,56.166603727772106,405800
2024-12-04,55.507904052734375,55.86183390860318,55.21296375630015,55.48824086625618,486400
2024-12-05,55.4784049987793,55.86182771668079,54.89835418826016,55.01632954368317,868100
2024-12-06,54.44611358642578,55.71435712783647,54.41661693404249,55.507899312998575,466700
2024-12-09,54.89836120605469,55.72419630032221,54.42645597366887,54.72139627511383,638400
2024-12-10,54.21015930175781,55.02616459701127,54.11184712779985,55.02616459701127,497400
2024-12-11,53.88572692871094,54.416617926495235,53.70876201265981,54.34779865362747,922700
2024-12-12,53.76774978637695,54.16100600319321,53.462979781195116,53.67926732511175,634400
2024-12-13,53.89556121826172,54.21016470673733,53.345003238244686,53.39416308049415,439700
2024-12-16,53.26634979248047,54.02336554538905,53.217193704705956,53.87589353169642,605800
2024-12-17,52.62731170654297,53.41382414687815,52.28321532667327,53.000904740665256,864600
2024-12-18,51.28041458129883,53.138542505821476,51.07395675643391,52.68630048458332,742100
2024-12-19,51.04446029663086,52.19473229022165,50.995304207243215,51.75231998499442,648500
2024-12-20,51.30007553100586,52.234056186588056,50.759351072627446,51.16243698709525,7235700
2024-12-23,51.6048469543457,51.63433985518262,50.543057519790324,50.91665051532302,604900
2024-12-24,52.06692123413086,52.10624760410933,51.47704068593008,51.506533588229395,198300
2024-12-26,51.97844314575195,52.25372400837006,51.80147821634366,51.880130962911515,473400
2024-12-27,51.66383361816406,52.4896686086987,51.555687979465525,51.66383361816406,513900
2024-12-30,50.857666015625,51.35906788187646,50.56272572684904,51.05429412493206,415300
2024-12-31,51.17226791381836,51.40822238779123,50.75935227232725,50.94614690771097,422300
2025-01-02,50.18912887573242,51.41804977744168,49.99250078138515,51.33940078992415,477800
2025-01-03,50.149803161621094,50.6217120943641,49.82536998952542,50.149803161621094,454300
2025-01-06,50.1104850769043,51.21159726874713,50.022002612804556,50.53323421089535,567400
2025-01-07,50.33660888671875,51.05429835737266,50.11048785489926,50.346438605332835,456000
2025-01-08,50.19896697998047,50.395591342120774,49.64840901502741,50.120314234828896,386000
2025-01-10,49.668067932128906,49.96300820035727,49.382957381014926,49.64840474753115,470500
2025-01-13,50.49390411376953,50.5037338311137,49.57958663562959,49.57958663562959,408800
2025-01-14,51.024803161621094,51.054296066509515,50.228460976309044,50.474245184697644,449800
2025-01-15,51.624507904052734,52.19472900610463,51.40822037428217,51.82113599960059,408600
2025-01-16,51.929283142089844,52.03742878528849,51.03462884431346,51.663835767975655,511100
2025-01-17,51.72282791137695,52.23405950002392,51.69333500734497,52.096420947382285,457200
2025-01-21,52.10625076293945,52.47984379964506,51.73265772623384,51.85063684332148,584200
2025-01-22,51.50653839111328,52.0669260892698,51.39839273877265,52.0669260892698,579800
2025-01-23,51.64417266845703,51.9489464133978,51.26074993311262,51.57535339546543,467100
2025-01-24,51.65400695800781,51.96861042536568,51.46720857088528,51.71299276415669,414500
2025-01-27,52.509334564208984,52.548660934969156,51.75231880373683,51.75231880373683,600600
2025-01-28,52.11608123779297,52.991076158906466,51.89979368739613,52.29304616562542,620400
2025-01-29,54.83937072753906,56.63851291186143,54.70173217252695,55.24245667451854,1495400
2025-01-30,55.20313262939453,55.714360463303045,54.50510265352592,55.714360463303045,1209000
2025-01-31,54.092185974121094,55.60621751228818,54.07252278851733,55.08515246971143,2542700
2025-02-03,53.89556121826172,53.94471731014177,52.86326828730302,53.4433191723742,956600
2025-02-04,53.83656692504883,54.298642398913266,53.472807376671014,54.19049675606252,737900
2025-02-05,54.052860260009766,54.75088648076761,53.88572880589981,53.90539199174261,684600
2025-02-06,53.32534408569336,54.72139660444032,52.97141422168161,54.37730020907859,623100
2025-02-07,52.84360122680664,53.3449993278195,52.75511876776095,53.22702396588162,500200
2025-02-10,52.40119171142578,52.882930402979184,52.33237243411377,52.76495128441345,582200
2025-02-11,52.076759338378906,52.401192543663996,51.801478474389505,52.116081961489336,521600
2025-02-12,51.46721267700195,51.860468917758325,51.231261932843694,51.51637251987359,456800
2025-02-13,52.30287551879883,52.49950361762724,51.59501586316415,51.77198077707282,530300
2025-02-14,52.7747802734375,52.96157490309131,52.46017681803687,52.617478545737185,617200
2025-02-18,53.25651168823242,53.33516442211947,52.145569949843654,52.597811918587865,640600
2025-02-19,53.80707550048828,54.043029977767986,52.72562654301517,52.85343162410454,747100
2025-02-20,54.5837516784668,54.5837516784668,53.33516758180695,53.72842377380197,751700
2025-02-21,53.48263931274414,54.849198759734904,53.38432339007313,54.72138993544708,798000
2025-02-24,53.600616455078125,54.16100410667863,53.109048076455295,53.61044617248818,667000
2025-02-25,54.19049835205078,54.58375456484109,53.5907843152117,53.5907843152117,795000
2025-02-26,53.797245025634766,54.53459759999766,53.521964180954946,54.41661848783382,719600
2025-02-27,52.676475524902344,53.60062283660659,52.6568123373721,53.36466833661319,604100
2025-02-28,53.39415740966797,53.4138205944055,52.76494674917382,52.81410658620217,612700
2025-03-03,51.78181076049805,53.98403872803109,51.624509030700615,53.33516862382057,715100
2025-03-04,50.50373840332031,51.477045524747986,50.405426219501905,51.30991031181339,803700
2025-03-05,50.97563934326172,51.811307836817754,50.52339733519276,50.798674426996634,967500
2025-03-06,50.985477447509766,51.162442379867535,50.16947206493012,50.67087395673361,829800
2025-03-07,52.11608123779297,52.361865443074784,50.80851121588579,50.96581295725137,769600
2025-03-10,50.60205078125,52.36186275028606,50.54306122488303,51.68349972872708,813400
2025-03-11,49.91385269165039,50.887155963103964,49.55992286553308,50.66103496316658,837500
2025-03-12,48.498138427734375,49.904020551637764,47.967243674435146,49.81553809275456,779300
2025-03-13,47.996734619140625,48.930715258055294,47.43634698586561,48.55712225241563,833600
2025-03-14,48.78324508666992,48.83240117470248,47.9377468711811,48.281846988147244,672000
2025-03-17,49.18796920776367,49.3162915168797,48.50685707463064,48.73389319715933,476900
2025-03-18,49.05964279174805,49.138610076381774,48.62530954684829,49.05964279174805,678100
2025-03-19,49.37551498413086,49.40512724248998,48.67466392229011,49.000410060880164,673900
2025-03-20,49.701263427734375,50.07636836838145,48.941187813925076,48.970800073657536,915100
2025-03-21,49.12873840332031,49.46435782063888,48.65492341984941,49.266933969472646,4421800
2025-03-24,49.43474578857422,49.79010420365391,48.92144527939674,49.42487252491972,835400
2025-03-25,49.33603286743164,49.849333385844574,49.09912725311604,49.59268500941153,686000
2025-03-26,50.37249755859375,50.44159533521502,49.31628438390138,49.493965456797895,1015200
2025-03-27,50.826576232910156,51.181934632239525,50.15533742493255,50.30340248326647,618200
2025-03-28,50.05662536621094,51.03387135370114,49.63216540620019,50.767349720749266,492200
2025-03-31,50.46133804321289,50.885797965191216,49.57293644518922,49.68151974135294,680400
2025-04-01,50.63902282714844,50.81670391288431,50.06649781298029,50.510696761773275,611000
2025-04-02,50.945030212402344,50.9647729737467,50.14546532291615,50.30340364812428,468700
2025-04-03,48.951053619384766,49.64203516354335,48.48710816899109,49.28667301137342,716500
2025-04-04,47.203861236572266,47.93432833753626,46.216745771540566,47.49999512297244,1099700
2025-04-07,45.40731430053711,47.470385905248605,44.45968429712673,45.39744480209502,1929200
2025-04-08,44.894012451171875,47.47038450653816,44.272128632330784,46.46352624550152,1491700
2025-04-09,48.05278396606445,48.368660632214755,43.79831470587889,44.6077491335824,928900
2025-04-10,47.00644302368164,47.7566529757166,46.108167993475895,47.31245021010999,687300
2025-04-11,48.30943298339844,48.388404033752664,46.552368534033214,46.82875967917913,731200
2025-04-14,48.901702880859375,49.11886573076329,48.50685517377567,48.92144564276824,621400
2025-04-15,48.37852478027344,49.07937958598492,48.18110470992296,48.73388693177865,631200
2025-04-16,48.368656158447266,48.82272835334642,47.894841203046425,48.704275555882845,632300
2025-04-17,48.67466735839844,49.10899682902815,48.516729026756096,48.575953547655196,647800
2025-04-21,48.190975189208984,48.77337344592194,47.776388514369195,48.68453290623533,640600
2025-04-22,50.25404739379883,50.44159797364577,48.84247199947866,49.08925086190461,1194200
2025-04-23,50.14546585083008,51.4879435120057,49.9381725028521,50.77721915831349,650200
2025-04-24,51.02400207519531,51.23129920515705,49.750625861257106,50.18495535320415,626200
2025-04-25,50.777217864990234,50.895674431286274,50.11585231479723,50.57979778559012,696800
2025-04-28,51.06348419189453,51.16219800089158,50.481085898225714,50.73773803607125,703100
2025-04-29,51.774208068847656,52.040729702319545,51.13258149579902,51.23129530387014,1276000
2025-04-30,50.98451232910156,51.90252995977957,49.355770399693114,50.648892939761794,1555800
2025-05-01,52.03085708618164,52.346733744846304,50.984517066435,51.75446595123676,920400
2025-05-02,54.14328384399414,54.291352675692025,52.37634995509174,52.652741091011194,944700
2025-05-05,53.8274040222168,54.50851608936013,53.768179505454135,53.88663230452605,637200
2025-05-06,53.45230484008789,53.807663250439404,53.284493250115176,53.699083710512035,693000
2025-05-07,53.13642883300781,54.06431604148329,53.057457786049845,54.06431604148329,713800
2025-05-08,53.1166877746582,53.68921282127658,52.84029286698843,53.45230720389894,829200
2025-05-09,52.978485107421875,53.27462275884682,52.74157950493791,53.205524977660104,664800
2025-05-12,53.86688995361328,54.735552606358745,53.570756070907,53.955730494979825,731000
2025-05-13,53.6102409362793,54.10379865659492,53.333846052330884,54.10379865659492,455200
2025-05-14,53.67934036254883,53.847148185141464,53.24500714539766,53.393075972253136,610100
2025-05-15,54.17289733886719,54.27160737835647,53.46217300479514,53.541144048823874,440000
2025-05-16,54.73554992675781,54.74541942396132,54.08405391047962,54.271604481717766,581700
2025-05-19,55.387054443359375,55.387054443359375,54.30122507255444,54.30122507255444,609300
2025-05-20,55.426536560058594,55.50550384158793,55.15014166083896,55.34756551298248,618300
2025-05-21,54.360450744628906,55.071175115629465,54.14328412781278,54.61710288551103,499800
2025-05-22,54.2025146484375,54.439424037053335,53.462177986640114,54.439424037053335,566600
2025-05-23,53.748435974121094,54.14327988721566,53.580624392757336,54.14327988721566,392400
2025-05-27,54.99220275878906,55.110659328168005,53.99521777590345,54.20251112399649,549500
2025-05-28,54.09392547607422,55.09091418134007,53.99521543807901,55.09091418134007,403000
2025-05-29,54.370323181152344,54.419678202710465,53.86689217083791,54.419678202710465,515600
2025-05-30,54.360450744628906,54.557874599412045,53.8570234922014,54.28148346204375,508300
2025-06-02,53.41926956176758,54.201934125819875,52.8941926214836,54.162304679198286,485400
2025-06-03,53.964168548583984,54.06323839237207,53.25085357963844,53.349923423426524,282900
2025-06-04,52.973453521728516,54.16230673124201,52.953638797667,53.587694850546775,412600
2025-06-05,53.05270767211914,53.2904805772531,52.43846635449193,53.2904805772531,625600
2025-06-06,53.686763763427734,53.72639321086564,53.32020082280741,53.51834428072482,381000
2025-06-09,53.855186462402344,54.20193467567882,53.63722828304451,53.696672453579936,415500
2025-06-10,54.390174865722656,54.63785325075915,53.88490884385576,54.18212215004511,528400
2025-06-11,54.0037956237793,54.65766643590312,53.92454050254097,54.330732919477406,642400
2025-06-12,54.63785171508789,54.657662659574434,53.46880946823139,53.88490732934703,494500
2025-06-13,53.64714050292969,54.390175669013075,53.607511053713225,54.13258802837836,560000
2025-06-16,54.063236236572266,54.37035878690432,53.746208213965296,53.875002029171924,627000
2025-06-17,53.21122360229492,53.65704545346112,53.062618838087694,53.61741600463029,754000
2025-06-18,53.201316833496094,53.60750922593476,52.9635439255766,53.09233774150267,525600
2025-06-20,53.4390869140625,53.65704510193187,53.01307979010266,53.34992254441341,662200
2025-06-23,54.1920280456543,54.211842768742734,53.11215020260258,53.11215020260258,323400
2025-06-24,54.152400970458984,54.598222811288416,53.74620857754154,54.43970879891263,611200
2025-06-25,54.0533332824707,54.092958952688505,53.508437800162405,54.0533332824707,1391600
2025-06-26,54.310916900634766,54.75673875720683,54.122682685314246,54.17221760731729,385500
2025-06-27,53.89481735229492,54.518964152902214,53.64713897067458,54.489243956474866,1205700
2025-06-30,53.676856994628906,54.063234649635156,53.488622792753866,53.96416481270556,536900
2025-07-01,55.32144546508789,55.71773240168161,53.766025474756866,53.766025474756866,699400
2025-07-02,56.2328987121582,56.27252816067405,55.03413623909552,55.341258796184995,516800
2025-07-03,56.143733978271484,56.51030070575578,55.97531449208048,56.232898347217365,338200
2025-07-07,55.97531509399414,56.42113694351757,55.787080881649686,56.13382910946111,360200
2025-07-08,56.05457305908203,56.48057639790567,55.816800150200024,56.064478531452366,495000
2025-07-09,54.97469711303711,55.64837885697713,53.964168828218604,55.64837885697713,974300
2025-07-10,54.81618118286133,55.45023723453128,54.71710756274279,54.984600668154584,971700
2025-07-11,54.479339599609375,54.84590255371702,54.192031764021536,54.826087829269,371700
2025-07-14,54.38026428222656,54.509058097487774,53.964166419605625,54.21184479857679,376200
2025-07-15,53.548065185546875,54.786457089834606,53.35983097663312,54.786457089834606,659700
2025-07-16,54.26137924194336,54.479337422890765,53.43908521693059,53.498529387899545,773900
2025-07-17,54.826087951660156,54.93506704673139,54.13258771152051,54.13258771152051,631100
2025-07-18,54.68738555908203,55.153018330798716,54.439707185879,55.03413376985744,687600
2025-07-21,54.449615478515625,54.95488150241583,54.3802658327681,54.79636748652547,522200
2025-07-22,55.49977493286133,55.58893930579483,54.50906135772122,54.61804045567021,784900
2025-07-23,55.489864349365234,56.32206388368709,55.47995887673133,55.74745198911396,616100
2025-07-24,54.855804443359375,55.74744808892044,54.81617877632378,55.38088515875512,512500
2025-07-25,55.20255661010742,55.222371333326,54.54868586098239,54.84589915071704,579200
2025-07-28,54.95487976074219,55.15301943987136,54.57840756770693,55.10348452008906,665200
2025-07-29,55.28181457519531,55.40069914136694,54.78645780699594,55.26199985095467,919600
2025-07-30,46.860748291015625,51.30905361606124,45.65208037810499,50.169731567272045,5927700
2025-07-31,46.097896575927734,46.78149128935024,44.80996982005028,46.59325331120922,3802600
2025-08-01,45.25579071044922,46.30594832826805,44.839689096116516,46.11771035398368,2611200
2025-08-04,45.38459014892578,45.533194917342676,44.96848848295927,45.18644667843089,1214000
2025-08-05,46.01864242553711,46.55362861785042,45.42421206320941,45.790778776056705,1212000
2025-08-06,45.959197998046875,46.395114350499476,45.72142887786548,46.19697089750029,1056200
2025-08-07,46.18706130981445,46.603162936008964,45.929477468282236,46.46446365370146,944500
2025-08-08,45.93938446044922,46.543720307021346,45.929478988216026,46.46446519133943,763100
2025-08-11,45.84031295776367,46.177155690552134,45.344956220090765,45.94929204473523,1146300
2025-08-12,46.008731842041016,46.30594890423492,45.721427810137214,45.96910617578418,825800
2025-08-13,47.12824249267578,47.21740686187382,45.681801640593996,46.04836458984273,694200
2025-08-14,46.56353759765625,46.781495791523064,45.998831167430716,46.61307252009716,1121300
2025-08-15,46.048362731933594,46.632883844365516,45.88984872411843,46.51399928332216,1246400
2025-08-18,45.32514572143555,46.206880191988645,45.31524024863856,46.02855144746416,810400
2025-08-19,45.18644332885742,45.91956920228941,45.12699915833372,45.4836566229318,1052200
2025-08-20,45.88985061645508,45.90966534065807,45.11709526889944,45.33504967658793,1210000
2025-08-21,45.82050323486328,46.09790182886393,45.42421628977172,45.58273031195387,932600
2025-08-22,46.771583557128906,47.088611575662576,45.98891898294237,46.147436771481296,574200
2025-08-25,45.93938446044922,46.71214356916262,45.929478988216026,46.672514121685595,1014500
2025-08-26,45.82050323486328,46.21679017995484,45.67189468563585,46.00873745518196,1038500
2025-08-27,45.89976119995117,46.097900889185595,45.59263863480211,45.59263863480211,833200
2025-08-28,46.36539077758789,46.86074752474005,45.979013119492734,46.86074752474005,958400
2025-08-29,46.484275817871094,46.73195419400026,46.2068772459735,46.21678649741104,972400
2025-09-02,45.86740493774414,46.3250869322589,45.63856583821203,45.966902673704105,1174900
2025-09-03,44.34512710571289,45.58882038059928,44.21578194239852,45.51917386084169,1652800
2025-09-04,44.62371063232422,44.62371063232422,44.13618502190697,44.444618507348366,1446400
2025-09-05,44.94209671020508,45.26048566870646,44.62371154715423,44.71325761147794,943300
2025-09-08,44.54411697387695,44.942096528354895,44.25557923495135,44.89234955847647,785600
2025-09-09,44.27547836303711,44.64361049119465,43.87749501687456,44.58391564608561,1014800
2025-09-10,43.81780242919922,44.32522761602037,43.53921255435267,43.986942892989376,830800
2025-09-11,44.295379638671875,44.315279186301694,43.86754885325721,43.87749672934682,782100
2025-09-12,43.75810241699219,44.185933194369746,43.56906241123604,44.05658803493104,1314500
2025-09-15,43.05168533325195,44.16603340533361,42.96213926881545,43.91729475917115,1315800
2025-09-16,43.05168533325195,43.28052443226735,42.812894562937764,43.061633209100215,978300
2025-09-17,42.98204040527344,43.90734850684816,42.73330174991358,43.14123299288572,1294800
2025-09-18,42.93229293823242,43.171079919172016,42.673602614188795,43.01188733339541,875800
2025-09-19,42.58405685424805,43.06163461501832,42.574108978074996,43.02183931487546,2407900
2025-09-22,42.30546951293945,42.69350119476472,42.11642950769012,42.63380255315678,834000
2025-09-23,41.79804229736328,42.81289647447194,41.76819487303531,42.31541915993539,1162200
2025-09-24,41.97713088989258,42.35521467974304,41.69854483181875,41.74829179998188,1947600
2025-09-25,41.29061508178711,41.92738540589681,41.0916234066402,41.92738540589681,1387500
2025-09-26,42.28556823730469,42.315415659163364,41.30056156601401,41.30056156601401,1094900
2025-09-29,42.53430938720703,42.64375500108949,41.867691623305696,42.345269378515,1161700
2025-09-30,42.79299545288086,42.86264576633225,42.30546982687513,42.345268921575766,1024800
2025-10-01,42.85269546508789,42.95218940957008,42.51441074021748,42.82284804083337,877400
2025-10-02,42.404964447021484,43.091485557520635,42.39501657091236,42.94224084772935,1012600
2025-10-03,42.54425811767578,42.6835549534286,42.285571585036216,42.38506552940897,923600
2025-10-06,42.56415557861328,42.94223938050258,41.857738740032346,42.6338020953494,929300
2025-10-07,42.822845458984375,42.92233939746794,42.33531605133381,42.723347725050346,1043900
2025-10-08,43.240726470947266,43.44966602829014,42.673602646473384,42.90244175148472,1175600
2025-10-09,42.53430938720703,43.47951702156842,42.37511680213726,43.32032443649865,1701900
2025-10-10,41.90748596191406,42.922340091754,41.78809247471246,42.74324796322633,1159800
2025-10-13,41.89753723144531,42.4547093573211,41.61895116850742,41.89753723144531,818700
2025-10-14,43.200927734375,43.40987108890369,41.71844747754444,41.71844747754444,919900
2025-10-15,42.713401794433594,43.45961775339232,42.46466314144735,43.1909795527131,993100
2025-10-16,43.29047393798828,43.38997167746964,42.68355480668002,43.171080446061325,991400
2025-10-17,42.94224166870117,43.58896369622662,42.613908614514145,42.852695600204584,743400
2025-10-20,43.3203239440918,43.41981788533551,42.91239271227167,43.091484842870805,710100
2025-10-21,44.02674102783203,44.42472438581188,43.69840418818107,43.69840418818107,831800
2025-10-22,44.36502456665039,44.792855336722354,43.94714167231128,44.15608501720608,1400500
2025-10-23,44.414772033691406,44.94209674880025,43.90734686572164,44.5242176452311,983400
2025-10-24,44.35507583618164,44.75305538048488,44.13618461977209,44.554063710608055,1064000
2025-10-27,44.5142707824707,44.7630094341944,44.136186969124516,44.444620468173504,888900
2025-10-28,44.50431823730469,44.97194810790959,44.05658791390111,44.66351081946478,1655900
2025-10-29,38.464942932128906,40.275759918011325,35.96760866987911,39.08181369330468,5383700
2025-10-30,38.066959381103516,39.29075681657439,37.71872680707548,38.21620408165862,2953200
2025-10-31,38.42514419555664,38.67388283653465,37.6490808502494,37.6490808502494,2480900
2025-11-03,38.65398406982422,39.09176651586808,38.29580360776633,38.69378316409194,2133100
2025-11-04,38.41519546508789,38.94252015768292,38.037111676488436,38.82312667539639,1028100
2025-11-05,39.15146255493164,39.559393794980856,38.663936919371935,39.50964682335547,1448900
2025-11-06,38.0172119140625,39.47979629669629,37.98736449252315,39.151459477962035,1329800
2025-11-07,38.007266998291016,38.395298690319656,37.80827531648256,37.94756835511328,1325900
2025-11-10,37.927669525146484,38.166460306925735,36.9327148927259,38.027167265658974,1677800
2025-11-11,38.753482818603516,38.872876309077384,38.076913380167234,38.26595338970507,842600
2025-11-12,37.8580207824707,38.94252141997338,37.83812123553619,38.64403580685669,1143300
2025-11-13,38.29580307006836,38.773380808223905,37.91771927073462,37.91771927073462,1041900
2025-11-14,37.79832458496094,38.23610321550809,37.68887897846156,38.23610321550809,860100
2025-11-17,37.3704948425293,37.66898045305715,37.04215801413333,37.58938226600948,1188600
2025-11-18,37.728675842285156,37.91771964152589,36.97251203167376,37.15160415966471,1453800
2025-11-19,37.8381233215332,37.93762106169102,37.2113046380671,37.579436788024275,1255800
2025-11-20,38.27590560913086,38.464945621374575,37.52968964094942,37.778428297009896,1709900
2025-11-21,39.509647369384766,40.275762888445634,38.5544918373546,38.6440379056981,1560600
2025-11-24,38.29580307006836,39.18131203011409,38.22615275835252,39.0320673264309,1633000
2025-11-25,39.28080749511719,39.430052204599,38.36545107695057,38.66393670046357,1054900
2025-11-26,39.3504524230957,39.65888970567728,39.21115939078482,39.34050454740941,1033300
2025-11-28,39.439998626708984,39.65888984709259,39.14151301419983,39.29075771817965,342600
2025-12-01,39.34000015258789,39.66999816894531,39.15999984741211,39.36000061035156,1035300
2025-12-02,39.220001220703125,39.540000915527344,38.86000061035156,39.540000915527344,959600
2025-12-03,39.2599983215332,39.790000915527344,39.16999816894531,39.16999816894531,933300
2025-12-04,38.560001373291016,39.41999816894531,38.529998779296875,39.310001373291016,962800
2025-12-05,38.689998626708984,39.119998931884766,38.40999984741211,38.52000045776367,862900
2025-12-08,38.38999938964844,38.7400016784668,38.34000015258789,38.540000915527344,1016600
2025-12-09,38.13999938964844,38.709999084472656,37.720001220703125,38.11000061035156,1026300
2025-12-10,39.06999969482422,39.25,38.040000915527344,38.18000030517578,1303800
2025-12-11,39.20000076293945,39.2599983215332,38.77000045776367,39.0,1088100
2025-12-12,40.040000915527344,40.38999938964844,39.470001220703125,39.4900016784668,1259200
2025-12-15,40.400001525878906,40.4900016784668,39.400001525878906,40.06999969482422,957300
2025-12-16,40.58000183105469,40.650001525878906,39.97999954223633,40.56999969482422,810300
2025-12-17,41.040000915527344,41.290000915527344,40.47999954223633,40.47999954223633,841000
2025-12-18,41.189998626708984,41.790000915527344,41.0099983215332,41.029998779296875,778300
2025-12-19,40.849998474121094,41.22999954223633,40.81999969482422,41.08000183105469,1109000
2025-12-22,40.970001220703125,41.29999923706055,40.66999816894531,40.7599983215332,545100
2025-12-23,40.68000030517578,41.04999923706055,40.43000030517578,41.04999923706055,991900
2025-12-24,40.83000183105469,40.880001068115234,40.54999923706055,40.63999938964844,260900
2025-12-26,40.869998931884766,41.04999923706055,40.619998931884766,40.619998931884766,377500
2025-12-29,41.0,41.15999984741211,40.5,40.849998474121094,1034600
2025-12-30,40.650001525878906,41.130001068115234,40.58000183105469,40.900001525878906,648300
2025-12-31,40.369998931884766,40.79999923706055,40.34000015258789,40.54999923706055,643300
2026-01-02,41.25,41.43000030517578,40.15999984741211,40.43000030517578,710700
2026-01-05,41.540000915527344,41.95000076293945,40.83000183105469,41.08000183105469,944300
2026-01-06,41.91999816894531,42.0,41.33000183105469,41.369998931884766,1001800
2026-01-07,40.72999954223633,42.54999923706055,40.43000030517578,42.099998474121094,1160500
2026-01-08,42.08000183105469,42.130001068115234,40.45000076293945,40.459999084472656,1170600
2026-01-09,42.72999954223633,42.79999923706055,41.709999084472656,41.95000076293945,816000
2026-01-12,43.040000915527344,43.720001220703125,42.400001525878906,43.720001220703125,931900
2026-01-13,42.470001220703125,43.36000061035156,42.36000061035156,43.119998931884766,841100
2026-01-14,42.869998931884766,43.09000015258789,42.470001220703125,42.4900016784668,723600
2026-01-15,42.75,42.84000015258789,41.77000045776367,42.209999084472656,794000
2026-01-16,42.86000061035156,42.93000030517578,42.40999984741211,42.66999816894531,538500
2026-01-20,42.04999923706055,42.63999938964844,41.970001220703125,42.439998626708984,631500
2026-01-21,42.77000045776367,42.869998931884766,41.790000915527344,42.31999969482422,754100
2026-01-22,43.15999984741211,43.2599983215332,42.58000183105469,42.810001373291016,783300
2026-01-23,43.369998931884766,43.43000030517578,42.869998931884766,43.13999938964844,693600
2026-01-26,43.25,43.75,43.150001525878906,43.290000915527344,771500
2026-01-27,42.650001525878906,43.279998779296875,42.349998474121094,42.9900016784668,690800
2026-01-28,42.380001068115234,43.040000915527344,42.16999816894531,42.619998931884766,754300
2026-01-29,42.709999084472656,42.9900016784668,41.97999954223633,42.86000061035156,867000
2026-01-30,43.150001525878906,43.310001373291016,42.18000030517578,42.5,1376800
2026-02-02,43.189998626708984,43.68000030517578,42.95000076293945,42.959999084472656,883900
2026-02-03,43.7599983215332,44.34000015258789,43.209999084472656,43.310001373291016,1165400
2026-02-04,47.970001220703125,47.9900016784668,44.959999084472656,45.38999938964844,2346200
2026-02-05,48.869998931884766,49.18000030517578,47.79999923706055,48.0,1911300
2026-02-06,48.88999938964844,49.54999923706055,48.849998474121094,49.15999984741211,1658700
2026-02-09,48.68000030517578,48.95000076293945,48.13999938964844,48.720001220703125,991100
2026-02-10,48.779998779296875,49.34000015258789,48.619998931884766,48.849998474121094,1476100
2026-02-11,48.47999954223633,49.279998779296875,48.25,48.849998474121094,1299900
2026-02-12,48.63999938964844,49.380001068115234,48.5,48.5,1126700
2026-02-13,48.650001525878906,49.40999984741211,48.5099983215332,48.5099983215332,1270000
2026-02-17,48.2400016784668,49.09000015258789,48.20000076293945,48.7599983215332,1207700
2026-02-18,48.22999954223633,48.540000915527344,47.97999954223633,48.33000183105469,1288400
2026-02-19,47.970001220703125,48.47999954223633,47.470001220703125,48.11000061035156,930400
2026-02-20,48.41999816894531,48.45000076293945,47.68000030517578,48.0,1071500
2026-02-23,48.33000183105469,48.40999984741211,47.52000045776367,47.91999816894531,635900
2026-02-24,48.439998626708984,48.97999954223633,48.2599983215332,48.439998626708984,1061200
2026-02-25,47.869998931884766,48.7400016784668,47.15999984741211,48.7400016784668,659000
2026-02-26,47.47999954223633,48.02000045776367,47.0,47.939998626708984,809000
2026-02-27,48.04999923706055,48.130001068115234,47.0099983215332,47.22999954223633,753300
2026-03-02,48.529998779296875,48.68000030517578,47.310001373291016,47.779998779296875,1234900
2026-03-03,47.5,47.59000015258789,46.470001220703125,47.459999084472656,584100
2026-03-04,46.790000915527344,47.38999938964844,46.189998626708984,47.38999938964844,853600
2026-03-05,45.86000061035156,46.470001220703125,45.54999923706055,46.470001220703125,1023200
2026-03-06,44.40999984741211,45.70000076293945,43.95000076293945,45.16999816894531,671400
2026-03-09,44.18000030517578,44.220001220703125,43.040000915527344,43.790000915527344,989700
2026-03-10,43.099998474121094,44.16999816894531,43.06999969482422,44.16999816894531,917200
2026-03-11,42.06999969482422,43.02000045776367,42.02000045776367,43.02000045776367,604500
2026-03-12,41.0,42.16999816894531,40.79999923706055,41.68000030517578,970128
