date,close,high,low,open,volume
2021-02-19,9.359999656677246,9.550000190734863,9.170000076293944,9.170000076293944,390300
2021-02-22,8.729999542236328,9.649999618530272,8.630000114440918,9.380000114440918,728600
2021-02-23,7.949999809265137,8.449999809265137,7.210000038146973,8.350000381469727,981900
2021-02-24,8.930000305175781,9.359999656677246,7.960000038146973,8.0,1343100
2021-02-25,8.369999885559082,9.119999885559082,8.149999618530273,8.989999771118164,517200
2021-02-26,8.130000114440918,8.680000305175781,7.880000114440918,8.279999732971191,358200
2021-03-01,8.4399995803833,8.6899995803833,8.300000190734863,8.479999542236328,261100
2021-03-02,9.4399995803833,10.050000190734863,8.59000015258789,8.609999656677246,1530800
2021-03-03,8.75,9.529999732971191,8.600000381469727,9.4399995803833,548100
2021-03-04,8.0,8.829999923706055,7.619999885559082,8.710000038146973,646900
2021-03-05,7.889999866485596,8.1899995803833,7.019999980926514,8.130000114440918,512500
2021-03-08,9.079999923706056,9.779999732971191,7.849999904632568,7.989999771118164,2285100
2021-03-09,8.59000015258789,9.59000015258789,8.210000038146973,9.140000343322754,838900
2021-03-10,8.970000267028809,8.970000267028809,8.420000076293945,8.829999923706055,471000
2021-03-11,9.84000015258789,9.899999618530272,8.890000343322754,8.90999984741211,897300
2021-03-12,10.260000228881836,10.529999732971191,9.3100004196167,9.75,1048900
2021-03-15,11.050000190734863,11.130000114440918,10.149999618530272,10.1899995803833,1113500
2021-03-16,10.420000076293944,11.149999618530272,10.18000030517578,10.850000381469728,753600
2021-03-17,11.710000038146973,12.18000030517578,10.170000076293944,10.399999618530272,1289200
2021-03-18,10.539999961853027,11.699999809265137,10.40999984741211,11.260000228881836,891000
2021-03-19,10.619999885559082,11.279999732971191,10.609999656677246,10.960000038146973,424400
2021-03-22,10.270000457763672,10.9399995803833,10.199999809265137,10.880000114440918,543800
2021-03-23,9.890000343322754,10.390000343322754,9.640000343322754,10.210000038146973,480700
2021-03-24,8.130000114440918,9.520000457763672,8.079999923706055,9.520000457763672,995900
2021-03-25,8.579999923706055,8.680000305175781,7.880000114440918,8.149999618530273,421900
2021-03-26,8.239999771118164,8.75,8.15999984741211,8.600000381469727,365800
2021-03-29,7.900000095367432,8.449999809265137,7.900000095367432,8.229999542236328,437300
2021-03-30,8.020000457763672,8.3100004196167,7.619999885559082,7.809999942779541,336600
2021-03-31,8.539999961853027,8.779999732971191,8.079999923706055,8.130000114440918,339700
2021-04-01,9.109999656677246,9.93000030517578,8.5,8.640000343322754,764900
2021-04-05,8.829999923706055,9.460000038146973,8.75,9.279999732971191,326300
2021-04-06,9.8100004196167,10.859999656677246,8.859999656677246,8.890000343322754,2129500
2021-04-07,9.300000190734863,10.149999618530272,9.0,9.5600004196167,1166600
2021-04-08,9.06999969482422,9.520000457763672,8.819999694824219,9.3100004196167,466200
2021-04-09,9.039999961853027,10.09000015258789,8.800000190734863,9.529999732971191,1407700
2021-04-12,8.210000038146973,9.0,8.069999694824219,8.859999656677246,615800
2021-04-13,8.449999809265137,8.529999732971191,8.15999984741211,8.390000343322754,204900
2021-04-14,8.25,8.720000267028809,8.149999618530273,8.479999542236328,294800
2021-04-15,7.889999866485596,8.470000267028809,7.699999809265137,8.180000305175781,491000
2021-04-16,7.539999961853027,8.020000457763672,7.440000057220459,7.920000076293945,517300
2021-04-19,7.409999847412109,7.539999961853027,7.099999904632568,7.369999885559082,396000
2021-04-20,7.190000057220459,7.5,7.010000228881836,7.46999979019165,301200
2021-04-21,7.860000133514404,7.920000076293945,7.010000228881836,7.119999885559082,358200
2021-04-22,7.75,8.09000015258789,7.519999980926514,7.900000095367432,147300
2021-04-23,8.229999542236328,8.390000343322754,7.570000171661377,7.769999980926514,285700
2021-04-26,8.479999542236328,8.600000381469727,8.029999732971191,8.239999771118164,211100
2021-04-27,8.220000267028809,8.710000038146973,8.100000381469727,8.59000015258789,182800
2021-04-28,8.1899995803833,8.380000114440918,7.980000019073486,8.149999618530273,282600
2021-04-29,8.010000228881836,8.25,7.820000171661377,8.210000038146973,220900
2021-04-30,7.880000114440918,8.100000381469727,7.690000057220459,7.690000057220459,130800
2021-05-03,7.869999885559082,8.199999809265137,7.760000228881836,8.130000114440918,185000
2021-05-04,7.71999979019165,7.860000133514404,7.360000133514404,7.760000228881836,218200
2021-05-05,7.699999809265137,7.900000095367432,7.519999980926514,7.78000020980835,89000
2021-05-06,7.829999923706055,7.869999885559082,7.300000190734863,7.559999942779541,217700
2021-05-07,8.069999694824219,8.069999694824219,7.610000133514404,7.699999809265137,286300
2021-05-10,7.900000095367432,8.0600004196167,7.670000076293945,7.929999828338623,206700
2021-05-11,8.199999809265137,8.34000015258789,7.400000095367432,7.559999942779541,184300
2021-05-12,7.889999866485596,8.319999694824219,7.710000038146973,8.0600004196167,201000
2021-05-13,7.610000133514404,8.149999618530273,7.519999980926514,7.920000076293945,142700
2021-05-14,8.149999618530273,8.5,7.889999866485596,8.130000114440918,305400
2021-05-17,8.829999923706055,9.489999771118164,8.180000305175781,8.210000038146973,440500
2021-05-18,9.039999961853027,9.289999961853027,8.760000228881836,9.109999656677246,273400
2021-05-19,9.300000190734863,9.479999542236328,8.609999656677246,8.630000114440918,326200
2021-05-20,9.550000190734863,9.710000038146973,9.220000267028809,9.350000381469728,289000
2021-05-21,9.75,10.449999809265137,9.43000030517578,9.5600004196167,650200
2021-05-24,9.979999542236328,10.550000190734863,9.789999961853027,10.079999923706056,541200
2021-05-25,10.279999732971191,10.420000076293944,9.829999923706056,9.949999809265137,233200
2021-05-26,10.239999771118164,10.40999984741211,9.960000038146973,10.3100004196167,279800
2021-05-27,10.720000267028809,11.18000030517578,10.380000114440918,10.399999618530272,865800
2021-05-28,11.960000038146973,12.029999732971191,10.5600004196167,10.850000381469728,805900
2021-06-01,12.8100004196167,13.350000381469728,11.90999984741211,12.75,1333700
2021-06-02,12.600000381469728,13.279999732971191,11.25,12.960000038146973,1162800
2021-06-03,10.899999618530272,12.529999732971191,10.34000015258789,12.529999732971191,1312100
2021-06-04,10.520000457763672,11.649999618530272,10.520000457763672,11.050000190734863,455100
2021-06-07,10.859999656677246,11.109999656677246,10.56999969482422,10.649999618530272,281100
2021-06-08,11.529999732971191,11.6899995803833,10.9399995803833,10.9399995803833,459000
2021-06-09,11.130000114440918,11.739999771118164,11.039999961853027,11.699999809265137,341600
2021-06-10,11.25,11.479999542236328,10.800000190734863,11.020000457763672,354400
2021-06-11,11.43000030517578,11.579999923706056,11.170000076293944,11.399999618530272,264400
2021-06-14,12.390000343322754,12.479999542236328,11.210000038146973,11.34000015258789,521900
2021-06-15,11.449999809265137,12.350000381469728,11.239999771118164,12.350000381469728,495100
2021-06-16,11.390000343322754,11.800000190734863,11.050000190734863,11.449999809265137,264800
2021-06-17,11.460000038146973,11.729999542236328,11.279999732971191,11.279999732971191,181500
2021-06-18,11.390000343322754,12.100000381469728,11.260000228881836,11.350000381469728,496000
2021-06-21,11.31999969482422,11.779999732971191,10.979999542236328,11.539999961853027,315500
2021-06-22,11.84000015258789,11.859999656677246,11.100000381469728,11.329999923706056,315300
2021-06-23,13.420000076293944,13.970000267028809,11.699999809265137,11.880000114440918,1676000
2021-06-24,12.90999984741211,13.81999969482422,12.010000228881836,13.5,1340200
2021-06-25,13.020000457763672,13.449999809265137,12.81999969482422,13.09000015258789,657100
2021-06-28,13.710000038146973,13.899999618530272,12.81999969482422,13.050000190734863,777100
2021-06-29,13.06999969482422,14.869999885559082,12.850000381469728,14.0,1242900
2021-06-30,11.100000381469728,15.079999923706056,10.210000038146973,14.960000038146973,6938700
2021-07-01,9.329999923706056,10.68000030517578,9.100000381469728,10.529999732971191,2707400
2021-07-02,9.100000381469728,10.18000030517578,9.050000190734863,9.31999969482422,1060600
2021-07-06,8.770000457763672,9.18000030517578,8.59000015258789,9.0,546400
2021-07-07,8.5,8.930000305175781,8.15999984741211,8.800000190734863,611400
2021-07-08,9.199999809265137,9.300000190734863,8.25,8.359999656677246,445000
2021-07-09,9.4399995803833,9.609999656677246,8.84000015258789,9.100000381469728,358300
2021-07-12,9.149999618530272,9.5,9.119999885559082,9.4399995803833,155200
2021-07-13,8.869999885559082,9.1899995803833,8.800000190734863,9.0,279200
2021-07-14,8.40999984741211,8.899999618530273,8.329999923706055,8.899999618530273,304900
2021-07-15,8.630000114440918,8.760000228881836,8.210000038146973,8.40999984741211,228400
2021-07-16,8.289999961853027,8.699999809265137,8.25,8.609999656677246,203300
2021-07-19,8.640000343322754,8.720000267028809,7.949999809265137,8.109999656677246,396700
2021-07-20,8.600000381469727,8.710000038146973,8.1899995803833,8.699999809265137,342300
2021-07-21,9.300000190734863,9.550000190734863,8.800000190734863,9.0,406400
2021-07-22,8.989999771118164,9.31999969482422,8.75,9.31999969482422,261400
2021-07-23,8.779999732971191,9.100000381469728,8.65999984741211,8.989999771118164,205300
2021-07-26,8.670000076293945,8.899999618530273,8.619999885559082,8.800000190734863,138300
2021-07-27,8.5,8.699999809265137,8.199999809265137,8.699999809265137,196000
2021-07-28,8.8100004196167,9.0600004196167,8.40999984741211,8.470000267028809,362600
2021-07-29,8.6899995803833,9.119999885559082,8.680000305175781,8.920000076293945,285200
2021-07-30,8.5600004196167,8.84000015258789,8.430000305175781,8.720000267028809,245100
2021-08-02,9.109999656677246,9.300000190734863,8.510000228881836,8.59000015258789,166200
2021-08-03,9.0600004196167,9.239999771118164,8.760000228881836,9.130000114440918,161700
2021-08-04,8.760000228881836,9.15999984741211,8.609999656677246,9.050000190734863,201400
2021-08-05,8.829999923706055,9.079999923706056,8.729999542236328,8.789999961853027,136300
2021-08-06,9.399999618530272,9.5600004196167,8.800000190734863,8.920000076293945,343700
2021-08-09,9.649999618530272,9.949999809265137,9.220000267028809,9.399999618530272,360700
2021-08-10,9.5600004196167,9.899999618530272,9.350000381469728,9.720000267028809,199200
2021-08-11,9.550000190734863,9.859999656677246,9.3100004196167,9.5600004196167,168100
2021-08-12,9.90999984741211,10.18000030517578,9.600000381469728,9.65999984741211,315400
2021-08-13,10.06999969482422,10.81999969482422,9.739999771118164,10.050000190734863,643500
2021-08-16,9.800000190734863,10.220000267028809,9.470000267028809,10.210000038146973,313100
2021-08-17,9.289999961853027,10.119999885559082,9.029999732971191,9.720000267028809,539600
2021-08-18,9.130000114440918,9.600000381469728,9.020000457763672,9.300000190734863,265400
2021-08-19,8.210000038146973,9.09000015258789,8.149999618530273,9.09000015258789,509300
2021-08-20,8.680000305175781,8.899999618530273,8.25,8.40999984741211,177900
2021-08-23,9.210000038146973,9.329999923706056,8.779999732971191,8.779999732971191,245700
2021-08-24,9.34000015258789,9.399999618530272,9.06999969482422,9.229999542236328,201100
2021-08-25,9.229999542236328,9.539999961853027,9.050000190734863,9.31999969482422,211000
2021-08-26,9.220000267028809,9.600000381469728,9.079999923706056,9.25,129800
2021-08-27,9.31999969482422,9.5600004196167,9.100000381469728,9.18000030517578,203000
2021-08-30,9.220000267028809,9.460000038146973,9.0,9.25,134500
2021-08-31,9.289999961853027,9.550000190734863,9.15999984741211,9.210000038146973,237700
2021-09-01,9.369999885559082,9.449999809265137,9.140000343322754,9.369999885559082,199300
2021-09-02,9.489999771118164,9.68000030517578,9.31999969482422,9.40999984741211,167800
2021-09-03,9.5,9.510000228881836,9.149999618530272,9.5,148200
2021-09-07,9.359999656677246,9.550000190734863,9.140000343322754,9.510000228881836,130500
2021-09-08,9.380000114440918,9.460000038146973,8.949999809265137,9.350000381469728,215400
2021-09-09,9.369999885559082,9.619999885559082,9.06999969482422,9.390000343322754,368200
2021-09-10,9.630000114440918,9.899999618530272,9.220000267028809,9.390000343322754,187800
2021-09-13,9.649999618530272,9.859999656677246,9.260000228881836,9.68000030517578,167800
2021-09-14,9.6899995803833,9.960000038146973,9.489999771118164,9.56999969482422,221800
2021-09-15,10.050000190734863,10.140000343322754,9.59000015258789,9.729999542236328,190900
2021-09-16,10.239999771118164,10.350000381469728,9.899999618530272,10.050000190734863,197000
2021-09-17,10.529999732971191,10.640000343322754,9.9399995803833,10.220000267028809,182200
2021-09-20,9.789999961853027,10.449999809265137,9.640000343322754,10.229999542236328,269300
2021-09-21,9.979999542236328,10.029999732971191,9.699999809265137,9.850000381469728,114200
2021-09-22,10.359999656677246,10.470000267028809,9.899999618530272,10.039999961853027,133900
2021-09-23,10.279999732971191,10.59000015258789,10.050000190734863,10.460000038146973,186600
2021-09-24,10.020000457763672,10.3100004196167,9.989999771118164,10.100000381469728,138700
2021-09-27,9.989999771118164,10.34000015258789,9.899999618530272,9.899999618530272,129900
2021-09-28,9.649999618530272,9.920000076293944,9.630000114440918,9.869999885559082,179500
2021-09-29,9.220000267028809,9.729999542236328,8.960000038146973,9.670000076293944,268800
2021-09-30,9.15999984741211,9.399999618530272,8.75,9.220000267028809,237600
2021-10-01,9.100000381469728,9.25,8.699999809265137,9.039999961853027,154200
2021-10-04,8.800000190734863,9.09000015258789,8.6899995803833,9.0600004196167,117900
2021-10-05,8.609999656677246,9.0,8.5600004196167,8.84000015258789,126100
2021-10-06,8.4399995803833,8.720000267028809,8.300000190734863,8.550000190734863,168700
2021-10-07,8.710000038146973,8.90999984741211,8.5,8.5,120700
2021-10-08,8.680000305175781,8.970000267028809,8.550000190734863,8.760000228881836,113300
2021-10-11,8.640000343322754,8.819999694824219,8.460000038146973,8.6899995803833,111100
2021-10-12,8.920000076293945,8.949999809265137,8.630000114440918,8.720000267028809,90900
2021-10-13,8.90999984741211,9.109999656677246,8.789999961853027,9.0,123800
2021-10-14,8.970000267028809,9.149999618530272,8.84000015258789,8.930000305175781,162000
2021-10-15,8.829999923706055,9.1899995803833,8.8100004196167,9.06999969482422,109300
2021-10-18,8.779999732971191,8.930000305175781,8.699999809265137,8.760000228881836,69900
2021-10-19,8.979999542236328,9.039999961853027,8.649999618530273,8.8100004196167,86400
2021-10-20,9.06999969482422,9.18000030517578,8.890000343322754,9.020000457763672,99400
2021-10-21,9.0600004196167,9.18000030517578,8.8100004196167,9.06999969482422,116700
2021-10-22,8.720000267028809,9.079999923706056,8.600000381469727,9.079999923706056,194700
2021-10-25,8.760000228881836,8.800000190734863,8.5600004196167,8.600000381469727,114800
2021-10-26,8.630000114440918,8.890000343322754,8.579999923706055,8.8100004196167,123800
2021-10-27,8.550000190734863,8.729999542236328,8.460000038146973,8.65999984741211,62200
2021-10-28,8.680000305175781,8.680000305175781,8.449999809265137,8.600000381469727,109700
2021-10-29,8.6899995803833,8.779999732971191,8.649999618530273,8.680000305175781,62000
2021-11-01,8.930000305175781,8.979999542236328,8.609999656677246,8.609999656677246,157800
2021-11-02,9.100000381469728,9.1899995803833,8.739999771118164,8.890000343322754,116400
2021-11-03,9.1899995803833,9.390000343322754,9.010000228881836,9.130000114440918,141100
2021-11-04,9.529999732971191,9.56999969482422,8.880000114440918,9.25,129800
2021-11-05,9.359999656677246,9.779999732971191,9.15999984741211,9.68000030517578,142600
2021-11-08,9.399999618530272,9.619999885559082,9.279999732971191,9.289999961853027,84400
2021-11-09,9.3100004196167,9.420000076293944,9.0,9.420000076293944,72500
2021-11-10,8.890000343322754,9.329999923706056,8.699999809265137,9.3100004196167,157100
2021-11-11,8.8100004196167,9.029999732971191,8.710000038146973,8.829999923706055,101400
2021-11-12,7.179999828338623,8.5,6.78000020980835,8.5,1358900
2021-11-15,7.46999979019165,7.699999809265137,7.110000133514404,7.179999828338623,381300
2021-11-16,7.25,7.619999885559082,7.050000190734863,7.619999885559082,235200
2021-11-17,7.070000171661377,7.389999866485596,7.019999980926514,7.300000190734863,131700
2021-11-18,6.869999885559082,7.199999809265137,6.78000020980835,7.070000171661377,216000
2021-11-19,7.010000228881836,7.309999942779541,6.869999885559082,6.869999885559082,112800
2021-11-22,6.599999904632568,7.110000133514404,6.570000171661377,7.070000171661377,193400
2021-11-23,6.820000171661377,7.050000190734863,6.599999904632568,6.599999904632568,147700
2021-11-24,7.0,7.050000190734863,6.659999847412109,6.820000171661377,79300
2021-11-26,7.039999961853027,7.090000152587891,6.75,7.050000190734863,79800
2021-11-29,6.820000171661377,7.239999771118164,6.75,7.21999979019165,101600
2021-11-30,6.739999771118164,6.960000038146973,6.590000152587891,6.889999866485596,136000
2021-12-01,6.289999961853027,6.949999809265137,6.289999961853027,6.78000020980835,123600
2021-12-02,6.449999809265137,6.480000019073486,6.0,6.25,128800
2021-12-03,6.139999866485596,6.380000114440918,6.050000190734863,6.309999942779541,101400
2021-12-06,5.960000038146973,6.130000114440918,5.849999904632568,6.0,117900
2021-12-07,6.210000038146973,6.460000038146973,6.039999961853027,6.179999828338623,154000
2021-12-08,6.800000190734863,6.980000019073486,6.199999809265137,6.289999961853027,197700
2021-12-09,6.300000190734863,6.78000020980835,6.300000190734863,6.78000020980835,98700
2021-12-10,6.130000114440918,6.610000133514404,6.010000228881836,6.269999980926514,129600
2021-12-13,6.409999847412109,6.53000020980835,6.039999961853027,6.150000095367432,104200
2021-12-14,6.170000076293945,6.480000019073486,5.980000019073486,6.380000114440918,93200
2021-12-15,6.400000095367432,6.46999979019165,5.929999828338623,6.190000057220459,108800
2021-12-16,6.010000228881836,6.360000133514404,5.920000076293945,6.099999904632568,151400
2021-12-17,6.389999866485596,6.630000114440918,5.849999904632568,5.940000057220459,175900
2021-12-20,6.239999771118164,6.460000038146973,6.070000171661377,6.230000019073486,83200
2021-12-21,5.989999771118164,6.449999809265137,5.909999847412109,6.190000057220459,204500
2021-12-22,5.71999979019165,6.079999923706055,5.619999885559082,5.940000057220459,239800
2021-12-23,6.110000133514404,6.190000057220459,5.699999809265137,5.699999809265137,141200
2021-12-27,5.829999923706055,6.170000076293945,5.800000190734863,5.960000038146973,99800
2021-12-28,5.460000038146973,5.960000038146973,5.420000076293945,5.880000114440918,244400
2021-12-29,5.360000133514404,5.579999923706055,5.199999809265137,5.449999809265137,187100
2021-12-30,5.389999866485596,5.480000019073486,5.340000152587891,5.360000133514404,236500
2021-12-31,5.53000020980835,5.670000076293945,5.380000114440918,5.380000114440918,195400
2022-01-03,5.860000133514404,5.929999828338623,5.5,5.599999904632568,89700
2022-01-04,5.599999904632568,6.090000152587891,5.519999980926514,6.0,93600
2022-01-05,5.389999866485596,5.869999885559082,5.349999904632568,5.789999961853027,103100
2022-01-06,5.610000133514404,5.659999847412109,5.309999942779541,5.559999942779541,129300
2022-01-07,5.570000171661377,5.730000019073486,5.440000057220459,5.599999904632568,84600
2022-01-10,5.579999923706055,5.619999885559082,5.329999923706055,5.53000020980835,126900
2022-01-11,5.590000152587891,5.860000133514404,5.570000171661377,5.610000133514404,170100
2022-01-12,5.5,5.679999828338623,5.440000057220459,5.659999847412109,66100
2022-01-13,5.28000020980835,5.559999942779541,5.269999980926514,5.559999942779541,102200
2022-01-14,5.53000020980835,5.53000020980835,5.199999809265137,5.409999847412109,92800
2022-01-18,5.440000057220459,5.579999923706055,5.349999904632568,5.460000038146973,66100
2022-01-19,5.460000038146973,5.519999980926514,5.349999904632568,5.429999828338623,63400
2022-01-20,5.300000190734863,5.650000095367432,5.260000228881836,5.53000020980835,87600
2022-01-21,5.070000171661377,5.349999904632568,5.010000228881836,5.21999979019165,155900
2022-01-24,4.800000190734863,5.010000228881836,4.25,5.0,388800
2022-01-25,5.079999923706055,5.21999979019165,4.559999942779541,4.559999942779541,103700
2022-01-26,5.079999923706055,5.449999809265137,5.019999980926514,5.300000190734863,82400
2022-01-27,4.730000019073486,6.130000114440918,4.699999809265137,5.489999771118164,1005300
2022-01-28,4.769999980926514,4.96999979019165,4.320000171661377,4.800000190734863,220500
2022-01-31,5.340000152587891,5.429999828338623,4.760000228881836,4.900000095367432,212000
2022-02-01,5.550000190734863,5.570000171661377,5.150000095367432,5.340000152587891,151300
2022-02-02,5.199999809265137,5.789999961853027,5.119999885559082,5.630000114440918,92300
2022-02-03,5.170000076293945,5.260000228881836,5.03000020980835,5.079999923706055,76400
2022-02-04,5.409999847412109,5.590000152587891,5.099999904632568,5.139999866485596,93900
2022-02-07,5.599999904632568,5.75,5.409999847412109,5.489999771118164,92100
2022-02-08,5.639999866485596,5.650000095367432,5.409999847412109,5.539999961853027,74600
2022-02-09,6.050000190734863,6.099999904632568,5.610000133514404,5.639999866485596,164400
2022-02-10,6.289999961853027,6.579999923706055,5.880000114440918,5.880000114440918,224600
2022-02-11,6.150000095367432,6.449999809265137,6.079999923706055,6.289999961853027,110000
2022-02-14,5.860000133514404,6.25,5.840000152587891,6.110000133514404,70400
2022-02-15,6.489999771118164,6.579999923706055,5.929999828338623,5.929999828338623,133600
2022-02-16,6.550000190734863,6.570000171661377,6.309999942779541,6.5,66900
2022-02-17,6.309999942779541,6.610000133514404,6.239999771118164,6.460000038146973,79300
2022-02-18,6.190000057220459,6.349999904632568,6.0,6.349999904632568,71000
2022-02-22,5.869999885559082,6.150000095367432,5.829999923706055,6.099999904632568,82600
2022-02-23,5.820000171661377,6.0,5.800000190734863,5.980000019073486,60500
2022-02-24,5.900000095367432,5.940000057220459,5.349999904632568,5.550000190734863,144400
2022-02-25,5.920000076293945,6.0,5.639999866485596,6.0,46600
2022-02-28,6.099999904632568,6.25,5.800000190734863,5.849999904632568,74000
2022-03-01,6.119999885559082,6.28000020980835,6.039999961853027,6.190000057220459,42900
2022-03-02,6.130000114440918,6.230000019073486,6.010000228881836,6.179999828338623,26700
2022-03-03,6.190000057220459,6.28000020980835,6.079999923706055,6.170000076293945,51100
2022-03-04,6.090000152587891,6.320000171661377,6.050000190734863,6.21999979019165,53800
2022-03-07,5.119999885559082,6.110000133514404,5.050000190734863,6.050000190734863,294700
2022-03-08,5.039999961853027,5.28000020980835,4.699999809265137,5.110000133514404,190200
2022-03-09,5.550000190734863,5.679999828338623,5.28000020980835,5.28000020980835,145100
2022-03-10,5.539999961853027,5.639999866485596,5.150000095367432,5.53000020980835,46900
2022-03-11,5.309999942779541,5.659999847412109,5.21999979019165,5.659999847412109,53000
2022-03-14,5.230000019073486,5.78000020980835,5.119999885559082,5.300000190734863,79200
2022-03-15,5.380000114440918,5.53000020980835,5.199999809265137,5.480000019073486,68300
2022-03-16,5.900000095367432,5.940000057220459,5.5,5.639999866485596,73100
2022-03-17,6.409999847412109,6.489999771118164,6.0,6.0,119300
2022-03-18,7.050000190734863,7.260000228881836,6.409999847412109,6.409999847412109,252300
2022-03-21,7.050000190734863,7.369999885559082,6.96999979019165,7.260000228881836,106100
2022-03-22,7.179999828338623,7.400000095367432,7.050000190734863,7.110000133514404,189500
2022-03-23,6.900000095367432,7.199999809265137,6.800000190734863,7.119999885559082,123500
2022-03-24,7.079999923706055,7.099999904632568,6.699999809265137,6.940000057220459,91100
2022-03-25,6.820000171661377,7.099999904632568,6.690000057220459,7.050000190734863,72000
2022-03-28,7.150000095367432,7.300000190734863,6.659999847412109,6.869999885559082,105900
2022-03-29,7.139999866485596,7.369999885559082,7.059999942779541,7.329999923706055,62200
2022-03-30,6.860000133514404,7.320000171661377,6.71999979019165,7.059999942779541,93400
2022-03-31,6.679999828338623,7.090000152587891,6.679999828338623,6.869999885559082,347100
2022-04-01,4.150000095367432,4.25,4.0,4.21999979019165,4483300
2022-04-04,4.059999942779541,4.090000152587891,3.7100000381469727,3.9600000381469727,1665500
2022-04-05,3.890000104904175,4.050000190734863,3.7899999618530273,4.0,407900
2022-04-06,3.7300000190734863,3.869999885559082,3.640000104904175,3.849999904632568,743500
2022-04-07,3.75,3.7799999713897705,3.569999933242798,3.7100000381469727,338200
2022-04-08,3.619999885559082,3.740000009536743,3.509999990463257,3.740000009536743,269200
2022-04-11,3.4800000190734863,3.630000114440918,3.220000028610229,3.470000028610229,601800
2022-04-12,3.569999933242798,3.680000066757202,3.5199999809265137,3.559999942779541,208500
2022-04-13,3.7300000190734863,3.799999952316284,3.5299999713897705,3.5999999046325684,171500
2022-04-14,3.5199999809265137,3.7799999713897705,3.4200000762939453,3.759999990463257,184300
2022-04-18,3.4100000858306885,3.5299999713897705,3.2699999809265137,3.5,224000
2022-04-19,3.4100000858306885,3.5799999237060547,3.2799999713897705,3.4100000858306885,139300
2022-04-20,3.4100000858306885,3.470000028610229,3.3499999046325684,3.450000047683716,131400
2022-04-21,3.039999961853028,3.470000028610229,3.0299999713897705,3.4200000762939453,351100
2022-04-22,3.0199999809265137,3.180000066757202,2.940000057220459,3.180000066757202,190900
2022-04-25,3.059999942779541,3.0899999141693115,2.9100000858306885,2.950000047683716,97000
2022-04-26,2.950000047683716,3.140000104904175,2.930000066757202,3.0799999237060547,203500
2022-04-27,2.8399999141693115,3.009999990463257,2.8299999237060547,2.950000047683716,248000
2022-04-28,2.8499999046325684,2.900000095367432,2.5799999237060547,2.900000095367432,262200
2022-04-29,2.720000028610229,2.890000104904175,2.680000066757202,2.789999961853028,202000
2022-05-02,2.8499999046325684,2.8499999046325684,2.7100000381469727,2.759999990463257,128500
2022-05-03,2.859999895095825,2.930000066757202,2.7799999713897705,2.900000095367432,100100
2022-05-04,2.9600000381469727,2.9600000381469727,2.700000047683716,2.890000104904175,107500
2022-05-05,2.6700000762939453,2.9600000381469727,2.630000114440918,2.9600000381469727,156600
2022-05-06,2.569999933242798,2.700000047683716,2.5199999809265137,2.680000066757202,146800
2022-05-09,2.289999961853028,2.569999933242798,2.25,2.5199999809265137,238600
2022-05-10,2.3299999237060547,2.4100000858306885,2.2300000190734863,2.3499999046325684,207800
2022-05-11,2.140000104904175,2.380000114440918,2.0999999046325684,2.2699999809265137,228000
2022-05-12,2.4100000858306885,2.4200000762939453,2.109999895095825,2.109999895095825,203900
2022-05-13,2.6600000858306885,2.720000028610229,2.299999952316284,2.390000104904175,207700
2022-05-16,2.8299999237060547,2.9200000762939453,2.5999999046325684,2.720000028610229,166200
2022-05-17,2.9800000190734863,3.0199999809265137,2.859999895095825,2.930000066757202,143200
2022-05-18,3.119999885559082,3.2100000381469727,2.8299999237060547,2.8499999046325684,326600
2022-05-19,3.5999999046325684,3.680000066757202,3.0799999237060547,3.0999999046325684,513600
2022-05-20,3.4600000381469727,3.700000047683716,3.190000057220459,3.700000047683716,391800
2022-05-23,3.180000066757202,3.5,3.140000104904175,3.5,180300
2022-05-24,3.0999999046325684,3.2100000381469727,2.900000095367432,3.130000114440918,134700
2022-05-25,3.180000066757202,3.240000009536743,3.0299999713897705,3.0799999237060547,105400
2022-05-26,2.900000095367432,3.2799999713897705,2.8299999237060547,3.2799999713897705,520700
2022-05-27,2.9600000381469727,2.990000009536743,2.8299999237060547,2.900000095367432,111000
2022-05-31,3.049999952316284,3.119999885559082,2.8399999141693115,3.119999885559082,142700
2022-06-01,2.799999952316284,3.059999942779541,2.7100000381469727,3.0,200800
2022-06-02,2.880000114440918,3.0,2.7699999809265137,2.809999942779541,95600
2022-06-03,2.940000057220459,3.0,2.8299999237060547,2.890000104904175,128500
2022-06-06,2.9100000858306885,3.0299999713897705,2.8499999046325684,2.950000047683716,83800
2022-06-07,2.9600000381469727,2.990000009536743,2.8499999046325684,2.890000104904175,100700
2022-06-08,2.970000028610229,3.130000114440918,2.900000095367432,2.9600000381469727,143000
2022-06-09,2.930000066757202,3.0899999141693115,2.9100000858306885,2.970000028610229,146900
2022-06-10,2.8499999046325684,3.0,2.720000028610229,2.900000095367432,121800
2022-06-13,2.2799999713897705,2.75,2.150000095367432,2.75,585700
2022-06-14,2.380000114440918,2.4600000381469727,2.25,2.289999961853028,113700
2022-06-15,2.470000028610229,2.549999952316284,2.3299999237060547,2.3399999141693115,119000
2022-06-16,2.3399999141693115,2.400000095367432,2.2300000190734863,2.3299999237060547,182100
2022-06-17,2.289999961853028,2.700000047683716,2.289999961853028,2.380000114440918,267100
2022-06-21,2.3399999141693115,2.4800000190734863,2.299999952316284,2.400000095367432,115500
2022-06-22,2.3299999237060547,2.470000028610229,2.2699999809265137,2.2699999809265137,115800
2022-06-23,2.400000095367432,2.450000047683716,2.3399999141693115,2.380000114440918,106700
2022-06-24,2.359999895095825,2.549999952316284,2.3299999237060547,2.390000104904175,163600
2022-06-27,2.319999933242798,2.400000095367432,2.240000009536743,2.400000095367432,146100
2022-06-28,2.2100000381469727,2.390000104904175,2.190000057220459,2.390000104904175,192000
2022-06-29,2.259999990463257,2.299999952316284,2.0999999046325684,2.200000047683716,99600
2022-06-30,2.2300000190734863,2.309999942779541,2.140000104904175,2.25,86900
2022-07-01,2.200000047683716,2.299999952316284,2.119999885559082,2.220000028610229,62500
2022-07-05,2.369999885559082,2.4100000858306885,2.1700000762939453,2.2799999713897705,173500
2022-07-06,2.450000047683716,2.4600000381469727,2.240000009536743,2.4200000762939453,143500
2022-07-07,2.569999933242798,2.680000066757202,2.4100000858306885,2.470000028610229,140200
2022-07-08,2.619999885559082,2.7300000190734863,2.559999942779541,2.5999999046325684,74400
2022-07-11,2.5199999809265137,2.680000066757202,2.509999990463257,2.680000066757202,47400
2022-07-12,2.5,2.5799999237060547,2.450000047683716,2.559999942779541,51500
2022-07-13,2.559999942779541,2.5999999046325684,2.430000066757202,2.430000066757202,82600
2022-07-14,2.5,2.539999961853028,2.430000066757202,2.490000009536743,78700
2022-07-15,2.5199999809265137,2.569999933242798,2.4200000762939453,2.490000009536743,60200
2022-07-18,2.440000057220459,2.539999961853028,2.400000095367432,2.5,99800
2022-07-19,2.490000009536743,2.539999961853028,2.440000057220459,2.440000057220459,53800
2022-07-20,2.5799999237060547,2.6700000762939453,2.5,2.5199999809265137,144000
2022-07-21,2.640000104904175,2.700000047683716,2.549999952316284,2.5899999141693115,101600
2022-07-22,2.559999942779541,2.6600000858306885,2.4600000381469727,2.6600000858306885,107500
2022-07-25,2.440000057220459,2.5199999809265137,2.4200000762939453,2.5199999809265137,42100
2022-07-26,2.4600000381469727,2.5299999713897705,2.3499999046325684,2.4600000381469727,59100
2022-07-27,2.5,2.5199999809265137,2.400000095367432,2.5,49800
2022-07-28,2.5299999713897705,2.5799999237060547,2.400000095367432,2.4800000190734863,72300
2022-07-29,2.559999942779541,2.5999999046325684,2.440000057220459,2.4800000190734863,103800
2022-08-01,2.509999990463257,2.640000104904175,2.4800000190734863,2.5799999237060547,68500
2022-08-02,2.6600000858306885,2.720000028610229,2.5299999713897705,2.539999961853028,118700
2022-08-03,2.7699999809265137,2.789999961853028,2.680000066757202,2.7100000381469727,124900
2022-08-04,2.950000047683716,2.950000047683716,2.740000009536743,2.740000009536743,168200
2022-08-05,2.9800000190734863,3.049999952316284,2.8499999046325684,2.950000047683716,124800
2022-08-08,3.059999942779541,3.0999999046325684,2.9600000381469727,3.009999990463257,136500
2022-08-09,3.200000047683716,3.3399999141693115,3.0,3.150000095367432,366600
2022-08-10,3.380000114440918,3.4200000762939453,3.1600000858306885,3.220000028610229,178700
2022-08-11,3.190000057220459,3.440000057220459,3.109999895095825,3.430000066757202,222000
2022-08-12,3.0999999046325684,3.190000057220459,2.869999885559082,3.0999999046325684,235100
2022-08-15,3.240000009536743,3.2799999713897705,3.049999952316284,3.0799999237060547,97900
2022-08-16,3.1600000858306885,3.289999961853028,3.150000095367432,3.289999961853028,126500
2022-08-17,3.3299999237060547,3.3299999237060547,3.0999999046325684,3.140000104904175,143200
2022-08-18,3.3399999141693115,3.400000095367432,3.190000057220459,3.380000114440918,113600
2022-08-19,3.25,3.3299999237060547,3.180000066757202,3.3299999237060547,45500
2022-08-22,3.2300000190734863,3.25,3.1600000858306885,3.2100000381469727,64100
2022-08-23,3.319999933242798,3.3299999237060547,3.0999999046325684,3.2100000381469727,54800
2022-08-24,3.380000114440918,3.400000095367432,3.25,3.299999952316284,102700
2022-08-25,3.220000028610229,3.4800000190734863,3.150000095367432,3.4800000190734863,102200
2022-08-26,3.069999933242798,3.2799999713897705,3.009999990463257,3.2799999713897705,115400
2022-08-29,3.190000057220459,3.190000057220459,2.990000009536743,3.069999933242798,62100
2022-08-30,3.009999990463257,3.2100000381469727,2.9600000381469727,3.200000047683716,81900
2022-08-31,3.059999942779541,3.0799999237060547,2.970000028610229,3.059999942779541,49100
2022-09-01,3.0299999713897705,3.0799999237060547,2.9200000762939453,3.0799999237060547,66200
2022-09-02,2.9800000190734863,3.109999895095825,2.9600000381469727,3.059999942779541,77200
2022-09-06,2.950000047683716,3.009999990463257,2.8499999046325684,3.009999990463257,40400
2022-09-07,3.0,3.069999933242798,2.900000095367432,2.930000066757202,46300
2022-09-08,3.049999952316284,3.119999885559082,2.950000047683716,2.950000047683716,65600
2022-09-09,2.9800000190734863,3.109999895095825,2.940000057220459,3.059999942779541,63600
2022-09-12,3.150000095367432,3.1700000762939453,2.970000028610229,2.970000028610229,74500
2022-09-13,3.0899999141693115,3.1700000762939453,3.009999990463257,3.1700000762939453,58400
2022-09-14,2.990000009536743,3.130000114440918,2.990000009536743,3.0799999237060547,63800
2022-09-15,3.0,3.109999895095825,2.950000047683716,3.009999990463257,103300
2022-09-16,2.799999952316284,2.950000047683716,2.619999885559082,2.950000047683716,223400
2022-09-19,2.490000009536743,2.7699999809265137,2.400000095367432,2.759999990463257,173500
2022-09-20,2.380000114440918,2.5999999046325684,2.3399999141693115,2.5999999046325684,94800
2022-09-21,2.2100000381469727,2.380000114440918,2.1700000762939453,2.380000114440918,94400
2022-09-22,2.309999942779541,2.400000095367432,2.119999885559082,2.299999952316284,173000
2022-09-23,2.0999999046325684,2.3299999237060547,2.0199999809265137,2.3299999237060547,162200
2022-09-26,2.0999999046325684,2.2100000381469727,2.049999952316284,2.049999952316284,66600
2022-09-27,2.190000057220459,2.2300000190734863,2.130000114440918,2.140000104904175,46700
2022-09-28,2.200000047683716,2.2699999809265137,2.150000095367432,2.200000047683716,81900
2022-09-29,2.0999999046325684,2.25,2.069999933242798,2.25,80600
2022-09-30,2.0199999809265137,2.150000095367432,2.0,2.0799999237060547,95000
2022-10-03,2.0199999809265137,2.049999952316284,1.919999957084656,2.0,80300
2022-10-04,2.0799999237060547,2.109999895095825,2.0299999713897705,2.0299999713897705,60900
2022-10-05,2.190000057220459,2.200000047683716,2.0799999237060547,2.1700000762939453,68100
2022-10-06,2.1600000858306885,2.220000028610229,2.1600000858306885,2.220000028610229,33100
2022-10-07,2.0,2.220000028610229,2.0,2.150000095367432,74100
2022-10-10,1.8600000143051147,2.0899999141693115,1.7899999618530271,2.009999990463257,111100
2022-10-11,1.7999999523162842,1.950000047683716,1.7699999809265137,1.840000033378601,68300
2022-10-12,1.8600000143051147,1.950000047683716,1.7699999809265137,1.950000047683716,125000
2022-10-13,1.909999966621399,1.9299999475479128,1.7699999809265137,1.8799999952316284,54600
2022-10-14,1.909999966621399,1.919999957084656,1.840000033378601,1.899999976158142,58600
2022-10-17,2.0,2.009999990463257,1.940000057220459,1.9800000190734863,108000
2022-10-18,2.400000095367432,2.450000047683716,2.0,2.049999952316284,952200
2022-10-19,2.680000066757202,3.119999885559082,2.359999895095825,2.5,2381300
2022-10-20,2.559999942779541,2.799999952316284,2.450000047683716,2.6600000858306885,353100
2022-10-21,2.539999961853028,2.619999885559082,2.3299999237060547,2.5199999809265137,185400
2022-10-24,2.869999885559082,3.240000009536743,2.549999952316284,2.630000114440918,925100
2022-10-25,3.5999999046325684,3.660000085830689,2.990000009536743,2.990000009536743,1022200
2022-10-26,3.9800000190734863,4.25,3.549999952316284,3.5799999237060547,1008300
2022-10-27,3.9600000381469727,4.349999904632568,3.7200000286102295,4.119999885559082,470100
2022-10-28,4.269999980926514,4.300000190734863,3.829999923706055,3.950000047683716,336900
2022-10-31,4.679999828338623,4.900000095367432,4.150000095367432,4.300000190734863,932500
2022-11-01,4.809999942779541,4.949999809265137,4.639999866485596,4.929999828338623,463100
2022-11-02,3.990000009536743,4.840000152587891,3.799999952316284,4.739999771118164,704000
2022-11-03,4.349999904632568,4.380000114440918,3.4600000381469727,3.940000057220459,514800
2022-11-04,4.690000057220459,4.699999809265137,4.199999809265137,4.570000171661377,461800
2022-11-07,5.269999980926514,5.579999923706055,4.800000190734863,4.800000190734863,901200
2022-11-08,4.980000019073486,5.449999809265137,4.889999866485596,5.400000095367432,519400
2022-11-09,4.940000057220459,5.340000152587891,4.699999809265137,4.880000114440918,463200
2022-11-10,4.980000019073486,5.230000019073486,4.380000114440918,5.230000019073486,603500
2022-11-11,4.550000190734863,5.090000152587891,4.5,5.0,558200
2022-11-14,2.549999952316284,3.200000047683716,2.4800000190734863,3.109999895095825,2381200
2022-11-15,2.240000009536743,2.5,2.119999885559082,2.5,1378200
2022-11-16,2.450000047683716,2.470000028610229,2.200000047683716,2.2699999809265137,561100
2022-11-17,2.630000114440918,2.640000104904175,2.25,2.4600000381469727,542000
2022-11-18,2.5999999046325684,2.700000047683716,2.539999961853028,2.650000095367432,251700
2022-11-21,2.5799999237060547,2.5999999046325684,2.4800000190734863,2.549999952316284,163600
2022-11-22,2.4200000762939453,2.609999895095825,2.2799999713897705,2.609999895095825,369100
2022-11-23,2.4600000381469727,2.5299999713897705,2.390000104904175,2.390000104904175,128700
2022-11-25,2.380000114440918,2.509999990463257,2.3399999141693115,2.430000066757202,159900
2022-11-28,2.299999952316284,2.4600000381469727,2.259999990463257,2.4100000858306885,224200
2022-11-29,2.3299999237060547,2.390000104904175,2.25,2.2799999713897705,84900
2022-11-30,2.390000104904175,2.390000104904175,2.259999990463257,2.259999990463257,142700
2022-12-01,2.5999999046325684,2.680000066757202,2.3399999141693115,2.4200000762939453,390200
2022-12-02,2.6700000762939453,2.6700000762939453,2.5,2.549999952316284,121500
2022-12-05,2.5199999809265137,2.6700000762939453,2.509999990463257,2.619999885559082,104500
2022-12-06,2.430000066757202,2.549999952316284,2.400000095367432,2.509999990463257,144600
2022-12-07,2.380000114440918,2.4600000381469727,2.3399999141693115,2.430000066757202,77900
2022-12-08,2.4800000190734863,2.559999942779541,2.3499999046325684,2.3499999046325684,127300
2022-12-09,2.5199999809265137,2.559999942779541,2.450000047683716,2.5,73500
2022-12-12,2.5,2.5999999046325684,2.4800000190734863,2.539999961853028,90000
2022-12-13,2.4200000762939453,2.5999999046325684,2.3499999046325684,2.5899999141693115,174900
2022-12-14,2.319999933242798,2.440000057220459,2.319999933242798,2.390000104904175,80900
2022-12-15,2.319999933242798,2.369999885559082,2.299999952316284,2.359999895095825,61200
2022-12-16,2.3499999046325684,2.4100000858306885,2.2699999809265137,2.299999952316284,136200
2022-12-19,2.0199999809265137,2.3299999237060547,2.0,2.319999933242798,241100
2022-12-20,2.2699999809265137,2.2699999809265137,2.0299999713897705,2.0299999713897705,90900
2022-12-21,2.2799999713897705,2.359999895095825,2.240000009536743,2.3299999237060547,80500
2022-12-22,2.2100000381469727,2.380000114440918,2.200000047683716,2.2799999713897705,55000
2022-12-23,2.2699999809265137,2.299999952316284,2.200000047683716,2.2100000381469727,57400
2022-12-27,2.140000104904175,2.240000009536743,2.130000114440918,2.240000009536743,73600
2022-12-28,2.150000095367432,2.2100000381469727,2.0999999046325684,2.109999895095825,57300
2022-12-29,2.2799999713897705,2.3299999237060547,2.150000095367432,2.180000066757202,135700
2022-12-30,2.359999895095825,2.450000047683716,2.299999952316284,2.3399999141693115,245900
2023-01-03,2.549999952316284,2.559999942779541,2.3499999046325684,2.4800000190734863,103700
2023-01-04,2.740000009536743,2.740000009536743,2.630000114440918,2.700000047683716,148500
2023-01-05,2.740000009536743,2.789999961853028,2.630000114440918,2.75,158600
2023-01-06,2.700000047683716,2.799999952316284,2.630000114440918,2.7300000190734863,72100
2023-01-09,2.720000028610229,2.789999961853028,2.609999895095825,2.690000057220459,86300
2023-01-10,2.75,2.8499999046325684,2.630000114440918,2.7699999809265137,96000
2023-01-11,2.75,2.880000114440918,2.720000028610229,2.789999961853028,132600
2023-01-12,2.799999952316284,2.799999952316284,2.700000047683716,2.799999952316284,86500
2023-01-13,2.8399999141693115,2.890000104904175,2.650000095367432,2.7799999713897705,209500
2023-01-17,3.3499999046325684,3.4600000381469727,2.8299999237060547,2.8499999046325684,372100
2023-01-18,2.9600000381469727,3.5199999809265137,2.930000066757202,3.5,285300
2023-01-19,3.0199999809265137,3.109999895095825,2.990000009536743,3.0299999713897705,82900
2023-01-20,3.2699999809265137,3.369999885559082,2.990000009536743,2.990000009536743,230900
2023-01-23,3.450000047683716,3.509999990463257,3.1600000858306885,3.390000104904175,213500
2023-01-24,3.380000114440918,3.5799999237060547,3.319999933242798,3.4200000762939453,156800
2023-01-25,3.450000047683716,3.4800000190734863,3.180000066757202,3.380000114440918,163900
2023-01-26,3.400000095367432,3.5199999809265137,3.25,3.5199999809265137,145600
2023-01-27,3.25,3.430000066757202,3.1600000858306885,3.430000066757202,183300
2023-01-30,3.25,3.390000104904175,3.0999999046325684,3.259999990463257,154000
2023-01-31,3.319999933242798,3.4200000762939453,3.1700000762939453,3.3299999237060547,215300
2023-02-01,3.299999952316284,3.380000114440918,3.140000104904175,3.259999990463257,118700
2023-02-02,3.3399999141693115,3.369999885559082,3.25,3.2799999713897705,108100
2023-02-03,3.859999895095825,4.110000133514404,3.3299999237060547,3.3499999046325684,679300
2023-02-06,3.7699999809265137,4.130000114440918,3.630000114440918,3.940000057220459,272900
2023-02-07,3.609999895095825,3.890000104904175,3.5799999237060547,3.7300000190734863,173300
2023-02-08,3.5799999237060547,3.759999990463257,3.559999942779541,3.650000095367432,117600
2023-02-09,3.509999990463257,3.799999952316284,3.380000114440918,3.7699999809265137,132100
2023-02-10,3.259999990463257,3.5299999713897705,3.25,3.450000047683716,164900
2023-02-13,3.200000047683716,3.299999952316284,3.0,3.299999952316284,142400
2023-02-14,3.2300000190734863,3.240000009536743,3.0899999141693115,3.140000104904175,73700
2023-02-15,3.1600000858306885,3.319999933242798,3.0999999046325684,3.2100000381469727,132800
2023-02-16,3.220000028610229,3.359999895095825,3.0999999046325684,3.1600000858306885,184100
2023-02-17,3.619999885559082,3.700000047683716,3.119999885559082,3.119999885559082,272500
2023-02-21,3.75,3.9800000190734863,3.5199999809265137,3.7100000381469727,390500
2023-02-22,3.819999933242798,3.890000104904175,3.5,3.7899999618530273,323700
2023-02-23,3.690000057220459,3.849999904632568,3.660000085830689,3.849999904632568,452300
2023-02-24,1.7100000381469729,1.919999957084656,1.590000033378601,1.75,6912900
2023-02-27,1.7300000190734863,1.830000042915344,1.7000000476837158,1.7899999618530271,1575100
2023-02-28,1.690000057220459,1.7999999523162842,1.659999966621399,1.7599999904632568,855800
2023-03-01,1.5700000524520874,1.7100000381469729,1.559999942779541,1.6799999475479126,682400
2023-03-02,1.5499999523162842,1.6200000047683716,1.4500000476837158,1.6200000047683716,794900
2023-03-03,1.590000033378601,1.6299999952316284,1.5299999713897705,1.559999942779541,518100
2023-03-06,1.5700000524520874,1.6299999952316284,1.5499999523162842,1.6299999952316284,363500
2023-03-07,1.5499999523162842,1.649999976158142,1.4700000286102295,1.6299999952316284,1898600
2023-03-08,1.4800000190734863,1.5700000524520874,1.4600000381469729,1.5499999523162842,488600
2023-03-09,1.409999966621399,1.5399999618530271,1.3899999856948853,1.4800000190734863,672400
2023-03-10,1.3700000047683716,1.409999966621399,1.309999942779541,1.399999976158142,503800
2023-03-13,1.3200000524520874,1.3700000047683716,1.2999999523162842,1.3600000143051147,517100
2023-03-14,1.4199999570846558,1.4299999475479126,1.3200000524520874,1.3700000047683716,385300
2023-03-15,1.3799999952316284,1.4199999570846558,1.3600000143051147,1.4199999570846558,249800
2023-03-16,1.3799999952316284,1.399999976158142,1.309999942779541,1.3600000143051147,327200
2023-03-17,1.350000023841858,1.3799999952316284,1.2699999809265137,1.3700000047683716,331100
2023-03-20,1.2799999713897705,1.3200000524520874,1.25,1.309999942779541,268900
2023-03-21,1.2999999523162842,1.350000023841858,1.2000000476837158,1.2799999713897705,489400
2023-03-22,1.2400000095367432,1.350000023841858,1.2400000095367432,1.2999999523162842,405900
2023-03-23,1.2200000286102295,1.2899999618530271,1.2000000476837158,1.2799999713897705,355200
2023-03-24,1.2300000190734863,1.2999999523162842,1.1799999475479126,1.2300000190734863,338700
2023-03-27,1.2000000476837158,1.2799999713897705,1.1699999570846558,1.25,301100
2023-03-28,1.1799999475479126,1.2400000095367432,1.1799999475479126,1.2000000476837158,153700
2023-03-29,1.25,1.2799999713897705,1.1799999475479126,1.190000057220459,418500
2023-03-30,1.3799999952316284,1.409999966621399,1.2599999904632568,1.2699999809265137,415300
2023-03-31,1.4299999475479126,1.4800000190734863,1.399999976158142,1.4600000381469729,229100
2023-04-03,1.6200000047683716,1.7400000095367432,1.3700000047683716,1.3700000047683716,742800
2023-04-04,1.5399999618530271,1.659999966621399,1.4500000476837158,1.649999976158142,444100
2023-04-05,1.4600000381469729,1.590000033378601,1.4600000381469729,1.559999942779541,208400
2023-04-06,1.5499999523162842,1.5800000429153442,1.4199999570846558,1.4600000381469729,215500
2023-04-10,1.4900000095367432,1.5700000524520874,1.4700000286102295,1.5499999523162842,332200
2023-04-11,1.5700000524520874,1.590000033378601,1.4199999570846558,1.4600000381469729,285200
2023-04-12,1.5,1.590000033378601,1.5,1.5700000524520874,151500
2023-04-13,1.6100000143051147,1.649999976158142,1.4900000095367432,1.4900000095367432,245400
2023-04-14,1.600000023841858,1.649999976158142,1.5700000524520874,1.600000023841858,212100
2023-04-17,1.659999966621399,1.7400000095367432,1.5800000429153442,1.6399999856948853,235700
2023-04-18,1.600000023841858,1.7300000190734863,1.5800000429153442,1.690000057220459,245500
2023-04-19,1.559999942779541,1.649999976158142,1.5399999618530271,1.600000023841858,184300
2023-04-20,1.4700000286102295,1.6299999952316284,1.4199999570846558,1.559999942779541,336000
2023-04-21,1.399999976158142,1.5,1.3799999952316284,1.5,132700
2023-04-24,1.350000023841858,1.4700000286102295,1.3200000524520874,1.399999976158142,190700
2023-04-25,1.3899999856948853,1.4299999475479126,1.3200000524520874,1.3600000143051147,251000
2023-04-26,1.4600000381469729,1.5199999809265137,1.350000023841858,1.399999976158142,212100
2023-04-27,1.4500000476837158,1.5,1.399999976158142,1.4900000095367432,134700
2023-04-28,1.409999966621399,1.5,1.399999976158142,1.4500000476837158,154000
2023-05-01,1.4900000095367432,1.5099999904632568,1.409999966621399,1.409999966621399,139800
2023-05-02,1.4700000286102295,1.5299999713897705,1.4500000476837158,1.5,53800
2023-05-03,1.5099999904632568,1.5700000524520874,1.409999966621399,1.4600000381469729,89800
2023-05-04,1.5399999618530271,1.600000023841858,1.4600000381469729,1.559999942779541,433500
2023-05-05,1.6799999475479126,1.7200000286102295,1.5299999713897705,1.5399999618530271,262400
2023-05-08,1.7999999523162842,1.830000042915344,1.6799999475479126,1.7200000286102295,299100
2023-05-09,1.7599999904632568,1.809999942779541,1.659999966621399,1.7799999713897705,186200
2023-05-10,1.7400000095367432,1.7599999904632568,1.690000057220459,1.7599999904632568,155800
2023-05-11,1.7100000381469729,1.7599999904632568,1.6699999570846558,1.7599999904632568,202500
2023-05-12,1.5199999809265137,1.7000000476837158,1.440000057220459,1.7000000476837158,405400
2023-05-15,1.6399999856948853,1.6399999856948853,1.5099999904632568,1.5099999904632568,140700
2023-05-16,1.5800000429153442,1.6299999952316284,1.5499999523162842,1.6100000143051147,91000
2023-05-17,1.690000057220459,1.7000000476837158,1.5499999523162842,1.600000023841858,267100
2023-05-18,1.7000000476837158,1.7400000095367432,1.659999966621399,1.7100000381469729,172000
2023-05-19,1.75,1.75,1.6699999570846558,1.7000000476837158,131200
2023-05-22,1.7200000286102295,1.7999999523162842,1.6799999475479126,1.7000000476837158,222200
2023-05-23,1.6699999570846558,1.7699999809265137,1.649999976158142,1.7200000286102295,120500
2023-05-24,1.559999942779541,1.659999966621399,1.559999942779541,1.659999966621399,194800
2023-05-25,1.5700000524520874,1.6200000047683716,1.5299999713897705,1.5800000429153442,94700
2023-05-26,1.6799999475479126,1.7000000476837158,1.590000033378601,1.590000033378601,149400
2023-05-30,1.7300000190734863,1.75,1.600000023841858,1.7100000381469729,133500
2023-05-31,1.7200000286102295,1.7400000095367432,1.659999966621399,1.690000057220459,137300
2023-06-01,1.690000057220459,1.7300000190734863,1.6699999570846558,1.7100000381469729,64400
2023-06-02,1.7100000381469729,1.7100000381469729,1.649999976158142,1.690000057220459,112400
2023-06-05,1.7100000381469729,1.7400000095367432,1.6699999570846558,1.7400000095367432,146300
2023-06-06,1.7000000476837158,1.75,1.659999966621399,1.75,101200
2023-06-07,1.7000000476837158,1.7400000095367432,1.649999976158142,1.7000000476837158,96000
2023-06-08,1.690000057220459,1.75,1.690000057220459,1.7000000476837158,53900
2023-06-09,1.6399999856948853,1.7200000286102295,1.6399999856948853,1.6799999475479126,136300
2023-06-12,1.649999976158142,1.6699999570846558,1.5800000429153442,1.649999976158142,158600
2023-06-13,1.649999976158142,1.7100000381469729,1.590000033378601,1.6799999475479126,130000
2023-06-14,1.659999966621399,1.7000000476837158,1.6200000047683716,1.6399999856948853,98400
2023-06-15,1.659999966621399,1.7000000476837158,1.6200000047683716,1.6699999570846558,138300
2023-06-16,1.5800000429153442,1.7000000476837158,1.5800000429153442,1.7000000476837158,224000
2023-06-20,1.590000033378601,1.659999966621399,1.5499999523162842,1.6399999856948853,225400
2023-06-21,1.649999976158142,1.6799999475479126,1.5499999523162842,1.559999942779541,87400
2023-06-22,1.7200000286102295,1.7799999713897705,1.5700000524520874,1.6699999570846558,251100
2023-06-23,1.6699999570846558,1.7100000381469729,1.6200000047683716,1.6799999475479126,173200
2023-06-26,1.600000023841858,1.690000057220459,1.590000033378601,1.690000057220459,79300
2023-06-27,1.6399999856948853,1.6799999475479126,1.590000033378601,1.6799999475479126,75900
2023-06-28,1.6200000047683716,1.690000057220459,1.600000023841858,1.6299999952316284,75100
2023-06-29,1.5700000524520874,1.6399999856948853,1.5499999523162842,1.600000023841858,148600
2023-06-30,1.5700000524520874,1.6100000143051147,1.5499999523162842,1.6100000143051147,62300
2023-07-03,1.5499999523162842,1.600000023841858,1.5399999618530271,1.5499999523162842,71800
2023-07-05,1.6399999856948853,1.6699999570846558,1.5499999523162842,1.559999942779541,118700
2023-07-06,1.6200000047683716,1.659999966621399,1.5700000524520874,1.6399999856948853,78600
2023-07-07,1.6399999856948853,1.649999976158142,1.590000033378601,1.6399999856948853,110400
2023-07-10,1.7000000476837158,1.7599999904632568,1.6299999952316284,1.659999966621399,318100
2023-07-11,1.7200000286102295,1.7599999904632568,1.690000057220459,1.7400000095367432,95400
2023-07-12,1.7999999523162842,1.909999966621399,1.7300000190734863,1.75,338600
2023-07-13,1.830000042915344,1.870000004768372,1.7899999618530271,1.7999999523162842,98000
2023-07-14,1.7100000381469729,1.830000042915344,1.7100000381469729,1.7999999523162842,182400
2023-07-17,1.649999976158142,1.7799999713897705,1.6100000143051147,1.7599999904632568,236100
2023-07-18,1.7200000286102295,1.7400000095367432,1.649999976158142,1.649999976158142,115700
2023-07-19,1.75,1.7899999618530271,1.7100000381469729,1.7100000381469729,201300
2023-07-20,1.7100000381469729,1.7999999523162842,1.7100000381469729,1.7300000190734863,95000
2023-07-21,1.690000057220459,1.7400000095367432,1.6699999570846558,1.7200000286102295,104900
2023-07-24,1.649999976158142,1.7300000190734863,1.6399999856948853,1.7300000190734863,139400
2023-07-25,1.590000033378601,1.690000057220459,1.590000033378601,1.690000057220459,62900
2023-07-26,1.6399999856948853,1.690000057220459,1.600000023841858,1.600000023841858,56500
2023-07-27,1.5399999618530271,1.6399999856948853,1.5199999809265137,1.6200000047683716,183400
2023-07-28,1.659999966621399,1.6699999570846558,1.5299999713897705,1.5700000524520874,189700
2023-07-31,1.6399999856948853,1.690000057220459,1.600000023841858,1.6399999856948853,147700
2023-08-01,1.6399999856948853,1.649999976158142,1.600000023841858,1.6200000047683716,66600
2023-08-02,1.5800000429153442,1.6299999952316284,1.5399999618530271,1.6200000047683716,138800
2023-08-03,1.6200000047683716,1.6399999856948853,1.559999942779541,1.559999942779541,41800
2023-08-04,1.5299999713897705,1.649999976158142,1.5199999809265137,1.6299999952316284,142000
2023-08-07,1.5499999523162842,1.5700000524520874,1.5,1.5499999523162842,160700
2023-08-08,1.5800000429153442,1.6399999856948853,1.5499999523162842,1.5499999523162842,90800
2023-08-09,1.5700000524520874,1.590000033378601,1.5299999713897705,1.590000033378601,55800
2023-08-10,1.5700000524520874,1.659999966621399,1.5499999523162842,1.5800000429153442,113800
2023-08-11,1.5499999523162842,1.6200000047683716,1.5299999713897705,1.559999942779541,112800
2023-08-14,1.5199999809265137,1.5700000524520874,1.5,1.559999942779541,114300
2023-08-15,1.4900000095367432,1.559999942779541,1.4500000476837158,1.5199999809265137,133400
2023-08-16,1.4199999570846558,1.4800000190734863,1.399999976158142,1.4800000190734863,163500
2023-08-17,1.4199999570846558,1.4500000476837158,1.399999976158142,1.440000057220459,98700
2023-08-18,1.5099999904632568,1.6100000143051147,1.409999966621399,1.409999966621399,264300
2023-08-21,1.4800000190734863,1.5499999523162842,1.4500000476837158,1.5099999904632568,91500
2023-08-22,1.4800000190734863,1.5299999713897705,1.4199999570846558,1.5299999713897705,83200
2023-08-23,1.4900000095367432,1.5299999713897705,1.4199999570846558,1.4199999570846558,66100
2023-08-24,1.5,1.559999942779541,1.4800000190734863,1.559999942779541,60600
2023-08-25,1.4900000095367432,1.5399999618530271,1.4600000381469729,1.5399999618530271,59400
2023-08-28,1.4700000286102295,1.5299999713897705,1.4600000381469729,1.5299999713897705,65200
2023-08-29,1.4600000381469729,1.5800000429153442,1.4299999475479126,1.4700000286102295,137800
2023-08-30,1.4500000476837158,1.5199999809265137,1.440000057220459,1.4600000381469729,90500
2023-08-31,1.4700000286102295,1.5,1.440000057220459,1.4900000095367432,95400
2023-09-01,1.5,1.5199999809265137,1.4700000286102295,1.4800000190734863,221000
2023-09-05,1.440000057220459,1.5199999809265137,1.440000057220459,1.5099999904632568,74300
2023-09-06,1.440000057220459,1.440000057220459,1.3899999856948853,1.4299999475479126,72500
2023-09-07,1.4700000286102295,1.4800000190734863,1.4199999570846558,1.4199999570846558,49700
2023-09-08,1.590000033378601,1.6299999952316284,1.4500000476837158,1.4800000190734863,136200
2023-09-11,1.5099999904632568,1.600000023841858,1.4700000286102295,1.5700000524520874,202400
2023-09-12,1.5099999904632568,1.5700000524520874,1.5,1.5399999618530271,86400
2023-09-13,1.5199999809265137,1.6200000047683716,1.5099999904632568,1.5499999523162842,90600
2023-09-14,1.5099999904632568,1.590000033378601,1.4700000286102295,1.5499999523162842,147200
2023-09-15,1.6100000143051147,1.6399999856948853,1.4700000286102295,1.4900000095367432,169000
2023-09-18,1.5,1.6799999475479126,1.4800000190734863,1.649999976158142,116100
2023-09-19,1.5,1.5499999523162842,1.4800000190734863,1.5499999523162842,49700
2023-09-20,1.5,1.5199999809265137,1.4600000381469729,1.4800000190734863,52900
2023-09-21,1.600000023841858,1.6100000143051147,1.4800000190734863,1.5099999904632568,369300
2023-09-22,1.5099999904632568,1.6200000047683716,1.5099999904632568,1.5700000524520874,95500
2023-09-25,1.5299999713897705,1.5800000429153442,1.4900000095367432,1.4900000095367432,110100
2023-09-26,1.7100000381469729,1.7699999809265137,1.4700000286102295,1.5299999713897705,336500
2023-09-27,1.820000052452088,1.899999976158142,1.649999976158142,1.7100000381469729,353900
2023-09-28,1.6699999570846558,1.840000033378601,1.649999976158142,1.7999999523162842,132200
2023-09-29,1.6399999856948853,1.690000057220459,1.559999942779541,1.6699999570846558,219700
2023-10-02,1.5700000524520874,1.6799999475479126,1.5399999618530271,1.6399999856948853,162500
2023-10-03,1.4700000286102295,1.5700000524520874,1.3799999952316284,1.5700000524520874,308300
2023-10-04,1.4700000286102295,1.4900000095367432,1.4299999475479126,1.4900000095367432,73300
2023-10-05,1.409999966621399,1.5099999904632568,1.409999966621399,1.5099999904632568,80300
2023-10-06,1.4900000095367432,1.4900000095367432,1.3799999952316284,1.409999966621399,64000
2023-10-09,1.4299999475479126,1.4900000095367432,1.4199999570846558,1.4800000190734863,82500
2023-10-10,1.4199999570846558,1.5800000429153442,1.3600000143051147,1.4299999475479126,1664300
2023-10-11,1.2000000476837158,1.5199999809265137,1.1399999856948853,1.409999966621399,6034000
2023-10-12,1.0800000429153442,1.159999966621399,1.0299999713897705,1.090000033378601,998600
2023-10-13,1.2999999523162842,1.350000023841858,1.1100000143051147,1.2100000381469729,1477000
2023-10-16,1.2699999809265137,1.2699999809265137,1.149999976158142,1.25,913500
2023-10-17,1.1699999570846558,1.2999999523162842,1.149999976158142,1.2699999809265137,544700
2023-10-18,1.0700000524520874,1.159999966621399,1.0499999523162842,1.149999976158142,509000
2023-10-19,0.9900000095367432,1.0800000429153442,0.949999988079071,1.0700000524520874,563400
2023-10-20,0.959999978542328,1.0099999904632568,0.949999988079071,1.0099999904632568,356300
2023-10-23,0.8999999761581421,0.959999978542328,0.8799999952316284,0.949999988079071,293100
2023-10-24,0.9300000071525574,0.959999978542328,0.9200000166893004,0.9300000071525574,147400
2023-10-25,0.8999999761581421,0.9300000071525574,0.8899999856948853,0.9100000262260436,208900
2023-10-26,0.9200000166893004,0.9399999976158142,0.8999999761581421,0.8999999761581421,387200
2023-10-27,0.9399999976158142,0.959999978542328,0.9200000166893004,0.9200000166893004,289100
2023-10-30,1.159999966621399,1.190000057220459,0.959999978542328,1.0,1616600
2023-10-31,0.9700000286102296,1.059999942779541,0.9700000286102296,1.0,1072200
2023-11-01,0.949999988079071,1.0,0.9300000071525574,0.9800000190734864,404200
2023-11-02,0.949999988079071,1.0,0.9200000166893004,0.9800000190734864,670700
2023-11-03,0.959999978542328,0.9800000190734864,0.8700000047683716,0.949999988079071,755300
2023-11-06,0.9700000286102296,1.0099999904632568,0.8799999952316284,1.0,4751700
2023-11-07,0.9700000286102296,0.9900000095367432,0.9300000071525574,0.9399999976158142,382000
2023-11-08,0.9399999976158142,0.959999978542328,0.8799999952316284,0.9399999976158142,424300
2023-11-09,0.9100000262260436,0.949999988079071,0.8100000023841858,0.949999988079071,768200
2023-11-10,0.9100000262260436,0.9300000071525574,0.8500000238418579,0.8899999856948853,377300
2023-11-13,0.8799999952316284,0.9800000190734864,0.8700000047683716,0.9800000190734864,1240600
2023-11-14,0.9100000262260436,0.9399999976158142,0.8600000143051147,0.8600000143051147,457600
2023-11-15,0.9700000286102296,0.9800000190734864,0.8999999761581421,0.8999999761581421,403500
2023-11-16,0.9200000166893004,0.9700000286102296,0.8899999856948853,0.949999988079071,288500
2023-11-17,0.9900000095367432,1.0099999904632568,0.8999999761581421,0.9200000166893004,233500
2023-11-20,0.9800000190734864,1.0,0.949999988079071,0.9800000190734864,284500
2023-11-21,0.9700000286102296,1.090000033378601,0.949999988079071,0.9800000190734864,642100
2023-11-22,1.0099999904632568,1.0499999523162842,0.9399999976158142,0.9900000095367432,329900
2023-11-24,1.0499999523162842,1.0800000429153442,1.0,1.0,363300
2023-11-27,1.0,1.2300000190734863,1.0,1.0700000524520874,1062500
2023-11-28,1.059999942779541,1.0800000429153442,0.9900000095367432,1.0099999904632568,616400
2023-11-29,1.0499999523162842,1.309999942779541,1.0299999713897705,1.0499999523162842,1864100
2023-11-30,1.0399999618530271,1.190000057220459,1.0199999809265137,1.1100000143051147,1093700
2023-12-01,1.0800000429153442,1.1100000143051147,1.0399999618530271,1.0499999523162842,480700
2023-12-04,1.090000033378601,1.1699999570846558,1.0499999523162842,1.090000033378601,1294500
2023-12-05,1.0700000524520874,1.1299999952316284,1.0700000524520874,1.0800000429153442,466700
2023-12-06,1.0299999713897705,1.100000023841858,1.0299999713897705,1.0800000429153442,365400
2023-12-07,1.0099999904632568,1.0700000524520874,1.0,1.059999942779541,389800
2023-12-08,1.0700000524520874,1.0800000429153442,1.0199999809265137,1.0299999713897705,304500
2023-12-11,1.0299999713897705,1.090000033378601,1.0099999904632568,1.0800000429153442,278100
2023-12-12,1.0199999809265137,1.0399999618530271,0.9700000286102296,1.0399999618530271,274100
2023-12-13,1.059999942779541,1.0800000429153442,1.0099999904632568,1.0299999713897705,429200
2023-12-14,1.2100000381469729,1.2200000286102295,1.059999942779541,1.059999942779541,612500
2023-12-15,1.149999976158142,1.25,1.1100000143051147,1.25,481000
2023-12-18,1.1200000047683716,1.1799999475479126,1.0800000429153442,1.1799999475479126,255800
2023-12-19,1.1799999475479126,1.2999999523162842,1.159999966621399,1.1799999475479126,658200
2023-12-20,1.2200000286102295,1.2999999523162842,1.1100000143051147,1.2599999904632568,949700
2023-12-21,1.149999976158142,1.2999999523162842,1.1200000047683716,1.25,1219700
2023-12-22,1.0199999809265137,1.149999976158142,0.959999978542328,1.149999976158142,1311900
2023-12-26,1.0800000429153442,1.1100000143051147,0.9900000095367432,1.0299999713897705,655600
2023-12-27,1.0499999523162842,1.100000023841858,0.9800000190734864,1.0499999523162842,1314800
2023-12-28,1.090000033378601,1.1200000047683716,1.0,1.0399999618530271,556000
2023-12-29,1.059999942779541,1.1399999856948853,1.0399999618530271,1.0700000524520874,497200
2024-01-02,0.8999999761581421,1.1699999570846558,0.8999999761581421,1.090000033378601,1719200
2024-01-03,0.9100000262260436,1.0399999618530271,0.8799999952316284,1.0299999713897705,1371100
2024-01-04,0.5799999833106995,0.6299999952316284,0.5699999928474426,0.6200000047683716,5077200
2024-01-05,0.5699999928474426,0.6000000238418579,0.5699999928474426,0.6000000238418579,1219400
2024-01-08,0.550000011920929,0.5699999928474426,0.5,0.5699999928474426,2022200
2024-01-09,0.5699999928474426,0.5899999737739563,0.5600000023841858,0.5699999928474426,3719000
2024-01-10,0.550000011920929,0.5600000023841858,0.5299999713897705,0.5600000023841858,1126900
2024-01-11,0.5400000214576721,0.5699999928474426,0.5099999904632568,0.5600000023841858,2146900
2024-01-12,0.5299999713897705,0.5400000214576721,0.5199999809265137,0.5400000214576721,1022000
2024-01-16,0.5299999713897705,0.5400000214576721,0.5099999904632568,0.5400000214576721,690600
2024-01-17,0.5199999809265137,0.5299999713897705,0.5099999904632568,0.5199999809265137,600700
2024-01-18,0.5099999904632568,0.5299999713897705,0.5,0.5099999904632568,929500
2024-01-19,0.5299999713897705,0.5299999713897705,0.5,0.5099999904632568,811000
2024-01-22,0.5199999809265137,0.5299999713897705,0.5099999904632568,0.5299999713897705,572100
2024-01-23,0.5199999809265137,0.5400000214576721,0.5099999904632568,0.5099999904632568,540400
2024-01-24,0.5199999809265137,0.5400000214576721,0.5099999904632568,0.5299999713897705,355900
2024-01-25,0.5099999904632568,0.5299999713897705,0.5,0.5299999713897705,579500
2024-01-26,0.5099999904632568,0.5199999809265137,0.5,0.5199999809265137,826400
2024-01-29,0.5899999737739563,0.6000000238418579,0.5099999904632568,0.5099999904632568,2582900
2024-01-30,0.5899999737739563,0.6000000238418579,0.550000011920929,0.6000000238418579,1654500
2024-01-31,0.6399999856948853,0.6600000262260437,0.5899999737739563,0.6000000238418579,2992900
2024-02-01,0.6000000238418579,0.6800000071525574,0.5699999928474426,0.6499999761581421,1554900
2024-02-02,0.5799999833106995,0.6200000047683716,0.5600000023841858,0.5799999833106995,768700
2024-02-05,0.6100000143051147,0.6100000143051147,0.5600000023841858,0.5799999833106995,871800
2024-02-06,0.6800000071525574,0.6899999976158142,0.5899999737739563,0.6100000143051147,1791800
2024-02-07,0.7300000190734863,0.7400000095367432,0.6499999761581421,0.6800000071525574,1110900
2024-02-08,0.7799999713897705,0.800000011920929,0.7200000286102295,0.7400000095367432,1418600
2024-02-09,0.7799999713897705,0.8100000023841858,0.75,0.8100000023841858,690200
2024-02-12,0.7900000214576721,0.8100000023841858,0.75,0.7799999713897705,453100
2024-02-13,0.7400000095367432,0.8600000143051147,0.7300000190734863,0.7699999809265137,1409200
2024-02-14,0.7099999785423279,0.7699999809265137,0.699999988079071,0.75,811400
2024-02-15,0.699999988079071,0.7400000095367432,0.6600000262260437,0.7099999785423279,501900
2024-02-16,0.7699999809265137,0.7799999713897705,0.7099999785423279,0.7200000286102295,639000
2024-02-20,0.800000011920929,0.8500000238418579,0.7300000190734863,0.7599999904632568,515600
2024-02-21,0.8600000143051147,0.8700000047683716,0.7900000214576721,0.8100000023841858,588700
2024-02-22,0.8899999856948853,0.8999999761581421,0.7799999713897705,0.8999999761581421,750400
2024-02-23,0.9399999976158142,1.0,0.8899999856948853,0.8899999856948853,1261400
2024-02-26,1.0199999809265137,1.0399999618530271,0.9200000166893004,0.959999978542328,1030100
2024-02-27,1.0099999904632568,1.090000033378601,1.0099999904632568,1.0499999523162842,1106000
2024-02-28,1.0099999904632568,1.0499999523162842,1.0,1.0399999618530271,684900
2024-02-29,1.0099999904632568,1.059999942779541,1.0,1.059999942779541,445800
2024-03-01,1.0,1.0399999618530271,0.9300000071525574,1.0,1081600
2024-03-04,1.0299999713897705,1.0700000524520874,0.959999978542328,1.0099999904632568,640200
2024-03-05,1.0499999523162842,1.059999942779541,0.9700000286102296,1.0099999904632568,840200
2024-03-06,1.2000000476837158,1.2200000286102295,1.0199999809265137,1.0299999713897705,1893900
2024-03-07,1.309999942779541,1.3600000143051147,1.1100000143051147,1.2000000476837158,1482700
2024-03-08,1.2599999904632568,1.3600000143051147,1.1699999570846558,1.2999999523162842,1184300
2024-03-11,1.3600000143051147,1.4299999475479126,1.2999999523162842,1.3700000047683716,1340700
2024-03-12,1.3799999952316284,1.4500000476837158,1.3200000524520874,1.4199999570846558,933300
2024-03-13,1.4900000095367432,1.5499999523162842,1.3899999856948853,1.409999966621399,1541200
2024-03-14,1.5499999523162842,1.7200000286102295,1.5199999809265137,1.6200000047683716,2126700
2024-03-15,1.100000023841858,1.2200000286102295,0.9800000190734864,1.2200000286102295,7305800
2024-03-18,1.0499999523162842,1.1200000047683716,1.0099999904632568,1.0800000429153442,1145800
2024-03-19,1.0499999523162842,1.1299999952316284,1.0499999523162842,1.1200000047683716,2053100
2024-03-20,1.0399999618530271,1.100000023841858,1.0,1.0800000429153442,1285200
2024-03-21,1.0099999904632568,1.0700000524520874,0.9900000095367432,1.0700000524520874,1170200
2024-03-22,1.0700000524520874,1.090000033378601,1.0,1.0499999523162842,2515700
2024-03-25,1.0399999618530271,1.1200000047683716,1.0099999904632568,1.1100000143051147,2289400
2024-03-26,1.059999942779541,1.090000033378601,0.959999978542328,1.059999942779541,4186100
2024-03-27,1.0299999713897705,1.059999942779541,1.0,1.0199999809265137,1129000
2024-03-28,1.0099999904632568,1.0299999713897705,0.9900000095367432,1.0199999809265137,1292600
2024-04-01,1.0700000524520874,1.0800000429153442,0.9800000190734864,1.0299999713897705,1630600
2024-04-02,1.1799999475479126,1.2400000095367432,1.0700000524520874,1.100000023841858,2411800
2024-04-03,1.309999942779541,1.3300000429153442,1.1799999475479126,1.25,2685100
2024-04-04,1.2899999618530271,1.3600000143051147,1.2599999904632568,1.3200000524520874,2029500
2024-04-05,1.340000033378601,1.350000023841858,1.2599999904632568,1.2999999523162842,955600
2024-04-08,1.4500000476837158,1.4900000095367432,1.3600000143051147,1.3799999952316284,2297100
2024-04-09,1.399999976158142,1.4900000095367432,1.25,1.4700000286102295,2204800
2024-04-10,1.3899999856948853,1.4800000190734863,1.3300000429153442,1.3799999952316284,915500
2024-04-11,1.399999976158142,1.409999966621399,1.309999942779541,1.3899999856948853,545700
2024-04-12,1.340000033378601,1.4199999570846558,1.2999999523162842,1.4199999570846558,1110200
2024-04-15,1.3300000429153442,1.3700000047683716,1.2699999809265137,1.2999999523162842,808500
2024-04-16,1.3600000143051147,1.409999966621399,1.2799999713897705,1.3200000524520874,1210500
2024-04-17,1.409999966621399,1.4500000476837158,1.3200000524520874,1.340000033378601,563800
2024-04-18,1.5199999809265137,1.5299999713897705,1.399999976158142,1.4600000381469729,1598300
2024-04-19,1.5399999618530271,1.5700000524520874,1.4700000286102295,1.5399999618530271,1844300
2024-04-22,1.5399999618530271,1.6200000047683716,1.5,1.5499999523162842,1584700
2024-04-23,1.6299999952316284,1.7200000286102295,1.4600000381469729,1.5399999618530271,2037200
2024-04-24,1.5399999618530271,1.6299999952316284,1.4600000381469729,1.6100000143051147,1318600
2024-04-25,1.5199999809265137,1.5800000429153442,1.5,1.5199999809265137,657900
2024-04-26,1.4600000381469729,1.5499999523162842,1.4199999570846558,1.5299999713897705,1292500
2024-04-29,1.2100000381469729,1.340000033378601,1.2000000476837158,1.3300000429153442,3332800
2024-04-30,1.2400000095367432,1.2799999713897705,1.1299999952316284,1.159999966621399,1104200
2024-05-01,1.2799999713897705,1.440000057220459,1.1200000047683716,1.2999999523162842,9517200
2024-05-02,1.350000023841858,1.350000023841858,1.2100000381469729,1.25,1274100
2024-05-03,1.3300000429153442,1.3700000047683716,1.2899999618530271,1.3600000143051147,786900
2024-05-06,1.2899999618530271,1.340000033378601,1.25,1.3300000429153442,711100
2024-05-07,1.3200000524520874,1.340000033378601,1.2699999809265137,1.2799999713897705,547900
2024-05-08,1.2799999713897705,1.3200000524520874,1.2699999809265137,1.2899999618530271,307900
2024-05-09,1.2899999618530271,1.3300000429153442,1.2599999904632568,1.2899999618530271,471200
2024-05-10,1.3600000143051147,1.4199999570846558,1.2899999618530271,1.3300000429153442,1406300
2024-05-13,1.3700000047683716,1.4199999570846558,1.3300000429153442,1.3700000047683716,679400
2024-05-14,1.3700000047683716,1.3899999856948853,1.3200000524520874,1.3799999952316284,868600
2024-05-15,1.4700000286102295,1.4800000190734863,1.340000033378601,1.350000023841858,1518500
2024-05-16,1.4700000286102295,1.5399999618530271,1.4199999570846558,1.4199999570846558,1289400
2024-05-17,1.4600000381469729,1.5199999809265137,1.440000057220459,1.4800000190734863,1138500
2024-05-20,1.4800000190734863,1.4800000190734863,1.399999976158142,1.440000057220459,754300
2024-05-21,1.4199999570846558,1.5,1.399999976158142,1.4800000190734863,804500
2024-05-22,1.4299999475479126,1.4500000476837158,1.4199999570846558,1.4500000476837158,333100
2024-05-23,1.350000023841858,1.4700000286102295,1.2999999523162842,1.4700000286102295,978200
2024-05-24,1.399999976158142,1.4299999475479126,1.350000023841858,1.3799999952316284,438900
2024-05-28,1.3799999952316284,1.409999966621399,1.3200000524520874,1.3899999856948853,532100
2024-05-29,1.350000023841858,1.3700000047683716,1.3200000524520874,1.3700000047683716,459200
2024-05-30,1.399999976158142,1.440000057220459,1.340000033378601,1.340000033378601,468200
2024-05-31,1.409999966621399,1.4900000095367432,1.3899999856948853,1.3899999856948853,571500
2024-06-03,1.4199999570846558,1.5,1.3899999856948853,1.399999976158142,534100
2024-06-04,1.409999966621399,1.4600000381469729,1.3899999856948853,1.4299999475479126,360500
2024-06-05,1.4800000190734863,1.4900000095367432,1.4199999570846558,1.4199999570846558,685500
2024-06-06,1.4700000286102295,1.5099999904632568,1.440000057220459,1.4900000095367432,622700
2024-06-07,1.4500000476837158,1.4600000381469729,1.409999966621399,1.440000057220459,552200
2024-06-10,1.409999966621399,1.4600000381469729,1.3600000143051147,1.3600000143051147,916200
2024-06-11,1.4199999570846558,1.440000057220459,1.399999976158142,1.399999976158142,531900
2024-06-12,1.4500000476837158,1.4700000286102295,1.4199999570846558,1.4500000476837158,1217600
2024-06-13,1.4500000476837158,1.4700000286102295,1.4299999475479126,1.4700000286102295,809100
2024-06-14,1.5,1.7000000476837158,1.4700000286102295,1.5199999809265137,4055000
2024-06-17,1.25,1.3799999952316284,0.8100000023841858,1.1100000143051147,6172000
2024-06-18,1.059999942779541,1.25,1.059999942779541,1.2100000381469729,2595600
2024-06-20,1.159999966621399,1.2200000286102295,1.0499999523162842,1.1100000143051147,1551200
2024-06-21,1.2200000286102295,1.2999999523162842,1.1299999952316284,1.149999976158142,1619000
2024-06-24,1.2100000381469729,1.2999999523162842,1.2000000476837158,1.2899999618530271,1567700
2024-06-25,1.1699999570846558,1.2400000095367432,1.1699999570846558,1.2300000190734863,490800
2024-06-26,1.1200000047683716,1.1799999475479126,1.1200000047683716,1.1799999475479126,640700
2024-06-27,1.1399999856948853,1.149999976158142,1.1100000143051147,1.1299999952316284,412600
2024-06-28,1.190000057220459,1.2200000286102295,1.100000023841858,1.159999966621399,767800
2024-07-01,1.1799999475479126,1.2000000476837158,1.149999976158142,1.2000000476837158,512200
2024-07-02,1.1200000047683716,1.190000057220459,1.1100000143051147,1.1699999570846558,569700
2024-07-03,1.1399999856948853,1.159999966621399,1.100000023841858,1.1100000143051147,339400
2024-07-05,1.2100000381469729,1.2599999904632568,1.1200000047683716,1.1299999952316284,658300
2024-07-08,1.1799999475479126,1.2400000095367432,1.159999966621399,1.1799999475479126,765100
2024-07-09,1.1799999475479126,1.190000057220459,1.149999976158142,1.1799999475479126,426900
2024-07-10,1.159999966621399,1.190000057220459,1.159999966621399,1.1799999475479126,487500
2024-07-11,1.149999976158142,1.2200000286102295,1.149999976158142,1.190000057220459,597800
2024-07-12,1.159999966621399,1.2000000476837158,1.1399999856948853,1.159999966621399,474400
2024-07-15,1.090000033378601,1.149999976158142,1.0800000429153442,1.149999976158142,1000200
2024-07-16,1.1399999856948853,1.190000057220459,1.0800000429153442,1.149999976158142,1859500
2024-07-17,1.100000023841858,1.149999976158142,1.0700000524520874,1.1100000143051147,755200
2024-07-18,1.0800000429153442,1.1200000047683716,1.059999942779541,1.1100000143051147,662100
2024-07-19,1.1100000143051147,1.1699999570846558,1.059999942779541,1.100000023841858,912200
2024-07-22,1.190000057220459,1.2000000476837158,1.1200000047683716,1.1200000047683716,762600
2024-07-23,1.1799999475479126,1.190000057220459,1.1299999952316284,1.1699999570846558,1108200
2024-07-24,1.190000057220459,1.2599999904632568,1.159999966621399,1.2000000476837158,903100
2024-07-25,1.159999966621399,1.2300000190734863,1.149999976158142,1.2300000190734863,615700
2024-07-26,1.1699999570846558,1.1799999475479126,1.1399999856948853,1.1699999570846558,322100
2024-07-29,1.2200000286102295,1.2300000190734863,1.1699999570846558,1.1799999475479126,462700
2024-07-30,1.25,1.4500000476837158,1.2400000095367432,1.2599999904632568,2721200
2024-07-31,1.159999966621399,1.2799999713897705,1.100000023841858,1.2100000381469729,2410700
2024-08-01,1.2400000095367432,1.2400000095367432,1.1399999856948853,1.159999966621399,651500
2024-08-02,1.2000000476837158,1.25,1.1699999570846558,1.2000000476837158,665400
2024-08-05,1.159999966621399,1.1799999475479126,1.059999942779541,1.100000023841858,1022600
2024-08-06,1.1699999570846558,1.2000000476837158,1.1399999856948853,1.1799999475479126,929300
2024-08-07,1.1699999570846558,1.1799999475479126,1.1399999856948853,1.1799999475479126,562300
2024-08-08,1.2000000476837158,1.2100000381469729,1.159999966621399,1.159999966621399,499500
2024-08-09,1.2100000381469729,1.2200000286102295,1.1799999475479126,1.2200000286102295,310300
2024-08-12,1.1799999475479126,1.2100000381469729,1.1699999570846558,1.2100000381469729,356800
2024-08-13,1.190000057220459,1.2100000381469729,1.1299999952316284,1.1799999475479126,467000
2024-08-14,1.2000000476837158,1.2100000381469729,1.1699999570846558,1.190000057220459,240100
2024-08-15,1.2699999809265137,1.350000023841858,1.2000000476837158,1.2100000381469729,1126300
2024-08-16,1.3200000524520874,1.340000033378601,1.2699999809265137,1.309999942779541,649700
2024-08-19,1.3899999856948853,1.4199999570846558,1.3200000524520874,1.3200000524520874,1032900
2024-08-20,1.309999942779541,1.3899999856948853,1.309999942779541,1.3799999952316284,642700
2024-08-21,1.309999942779541,1.3700000047683716,1.2899999618530271,1.350000023841858,586200
2024-08-22,1.309999942779541,1.3300000429153442,1.2899999618530271,1.2999999523162842,307800
2024-08-23,1.3200000524520874,1.3899999856948853,1.2999999523162842,1.2999999523162842,511400
2024-08-26,1.3200000524520874,1.350000023841858,1.2799999713897705,1.350000023841858,322200
2024-08-27,1.350000023841858,1.350000023841858,1.3200000524520874,1.350000023841858,235600
2024-08-28,1.2999999523162842,1.3600000143051147,1.2999999523162842,1.350000023841858,278600
2024-08-29,1.2999999523162842,1.340000033378601,1.2799999713897705,1.2999999523162842,367100
2024-08-30,1.2899999618530271,1.350000023841858,1.25,1.2999999523162842,556600
2024-09-03,1.2599999904632568,1.2999999523162842,1.2200000286102295,1.2899999618530271,757300
2024-09-04,1.2300000190734863,1.2599999904632568,1.2300000190734863,1.2599999904632568,308300
2024-09-05,1.2300000190734863,1.2400000095367432,1.2200000286102295,1.2300000190734863,163600
2024-09-06,1.190000057220459,1.2400000095367432,1.159999966621399,1.2400000095367432,574600
2024-09-09,1.2100000381469729,1.2400000095367432,1.149999976158142,1.2100000381469729,425300
2024-09-10,1.25,1.2899999618530271,1.190000057220459,1.2100000381469729,466400
2024-09-11,1.3200000524520874,1.350000023841858,1.2200000286102295,1.2599999904632568,496700
2024-09-12,1.3300000429153442,1.350000023841858,1.2699999809265137,1.3200000524520874,520000
2024-09-13,1.3200000524520874,1.350000023841858,1.2899999618530271,1.3300000429153442,436000
2024-09-16,1.2999999523162842,1.3200000524520874,1.2599999904632568,1.309999942779541,312000
2024-09-17,1.2599999904632568,1.3200000524520874,1.2599999904632568,1.2999999523162842,413100
2024-09-18,1.2200000286102295,1.2799999713897705,1.2200000286102295,1.2699999809265137,358400
2024-09-19,1.2200000286102295,1.2899999618530271,1.2200000286102295,1.25,413600
2024-09-20,1.2100000381469729,1.2400000095367432,1.1699999570846558,1.2300000190734863,708600
2024-09-23,1.190000057220459,1.2300000190734863,1.1699999570846558,1.2300000190734863,557900
2024-09-24,1.2100000381469729,1.25,1.1699999570846558,1.1699999570846558,323700
2024-09-25,1.2599999904632568,1.2699999809265137,1.2000000476837158,1.2300000190734863,350400
2024-09-26,1.2699999809265137,1.2699999809265137,1.2200000286102295,1.2699999809265137,291800
2024-09-27,1.2599999904632568,1.2699999809265137,1.2300000190734863,1.2400000095367432,527900
2024-09-30,1.25,1.25,1.0700000524520874,1.2300000190734863,986100
2024-10-01,1.2100000381469729,1.2400000095367432,1.2000000476837158,1.2400000095367432,374100
2024-10-02,1.2400000095367432,1.25,1.190000057220459,1.190000057220459,296700
2024-10-03,1.2400000095367432,1.2599999904632568,1.2000000476837158,1.2200000286102295,440900
2024-10-04,1.2599999904632568,1.2699999809265137,1.2100000381469729,1.2400000095367432,312700
2024-10-07,1.2599999904632568,1.2899999618530271,1.25,1.2799999713897705,415300
2024-10-08,1.2200000286102295,1.2699999809265137,1.2200000286102295,1.2599999904632568,354000
2024-10-09,1.190000057220459,1.2300000190734863,1.1299999952316284,1.2300000190734863,855300
2024-10-10,1.2000000476837158,1.2100000381469729,1.1699999570846558,1.2000000476837158,405400
2024-10-11,1.2400000095367432,1.2599999904632568,1.2200000286102295,1.2400000095367432,276800
2024-10-14,1.25,1.2799999713897705,1.2300000190734863,1.2599999904632568,387700
2024-10-15,1.2000000476837158,1.309999942779541,1.2000000476837158,1.25,1418000
2024-10-16,1.25,1.2599999904632568,1.2000000476837158,1.2200000286102295,752100
2024-10-17,1.25,1.2599999904632568,1.2100000381469729,1.2400000095367432,511800
2024-10-18,1.2599999904632568,1.2999999523162842,1.25,1.2699999809265137,491300
2024-10-21,1.190000057220459,1.2599999904632568,1.1799999475479126,1.25,856300
2024-10-22,1.159999966621399,1.2100000381469729,1.149999976158142,1.2000000476837158,808900
2024-10-23,1.1200000047683716,1.1799999475479126,1.1100000143051147,1.1699999570846558,557500
2024-10-24,1.100000023841858,1.1299999952316284,1.0700000524520874,1.1200000047683716,828600
2024-10-25,1.2300000190734863,1.2300000190734863,1.100000023841858,1.100000023841858,1015300
2024-10-28,1.2200000286102295,1.2400000095367432,1.190000057220459,1.2300000190734863,628400
2024-10-29,1.2300000190734863,1.2300000190734863,1.2100000381469729,1.2300000190734863,320600
2024-10-30,1.190000057220459,1.2300000190734863,1.1699999570846558,1.2300000190734863,705300
2024-10-31,1.1799999475479126,1.2100000381469729,1.1399999856948853,1.2000000476837158,684200
2024-11-01,1.190000057220459,1.2100000381469729,1.1399999856948853,1.149999976158142,495500
2024-11-04,1.1699999570846558,1.1799999475479126,1.1399999856948853,1.1699999570846558,395500
2024-11-05,1.1799999475479126,1.2000000476837158,1.1399999856948853,1.1699999570846558,453100
2024-11-06,1.159999966621399,1.2000000476837158,1.149999976158142,1.190000057220459,430600
2024-11-07,1.159999966621399,1.2100000381469729,1.149999976158142,1.1799999475479126,541000
2024-11-08,1.2300000190734863,1.2400000095367432,1.159999966621399,1.159999966621399,743400
2024-11-11,1.25,1.309999942779541,1.2000000476837158,1.2200000286102295,997100
2024-11-12,1.350000023841858,1.3799999952316284,1.2400000095367432,1.2599999904632568,1444000
2024-11-13,1.2699999809265137,1.3899999856948853,1.25,1.3799999952316284,1196800
2024-11-14,1.2699999809265137,1.3700000047683716,1.2200000286102295,1.2799999713897705,1112900
2024-11-15,1.3200000524520874,1.350000023841858,1.25,1.2799999713897705,861800
2024-11-18,1.2899999618530271,1.3799999952316284,1.2799999713897705,1.350000023841858,946800
2024-11-19,1.2899999618530271,1.3799999952316284,1.2699999809265137,1.309999942779541,1677600
2024-11-20,1.2400000095367432,1.340000033378601,1.2200000286102295,1.3300000429153442,994600
2024-11-21,1.2200000286102295,1.25,1.159999966621399,1.25,801900
2024-11-22,1.1699999570846558,1.2300000190734863,1.159999966621399,1.2100000381469729,976400
2024-11-25,1.1699999570846558,1.2400000095367432,1.159999966621399,1.2100000381469729,985700
2024-11-26,1.2000000476837158,1.2000000476837158,1.159999966621399,1.1799999475479126,512100
2024-11-27,1.1699999570846558,1.2999999523162842,1.1699999570846558,1.2400000095367432,1443700
2024-11-29,1.1299999952316284,1.2300000190734863,1.1200000047683716,1.2200000286102295,919600
2024-12-02,1.159999966621399,1.1699999570846558,1.100000023841858,1.149999976158142,1607500
2024-12-03,1.1799999475479126,1.2300000190734863,1.149999976158142,1.2200000286102295,1621100
2024-12-04,1.1100000143051147,1.2200000286102295,1.0700000524520874,1.2200000286102295,2533500
2024-12-05,1.100000023841858,1.1399999856948853,1.0499999523162842,1.100000023841858,1692500
2024-12-06,1.1399999856948853,1.190000057220459,1.0800000429153442,1.1100000143051147,1357500
2024-12-09,1.090000033378601,1.1399999856948853,1.059999942779541,1.100000023841858,2146000
2024-12-10,1.0399999618530271,1.159999966621399,0.9800000190734864,1.1299999952316284,2913000
2024-12-11,0.8999999761581421,1.0499999523162842,0.8700000047683716,1.0099999904632568,3950700
2024-12-12,0.8600000143051147,0.949999988079071,0.8299999833106995,0.8999999761581421,1921000
2024-12-13,0.8700000047683716,0.8899999856948853,0.7699999809265137,0.8600000143051147,1617300
2024-12-16,0.9200000166893004,0.9800000190734864,0.8700000047683716,0.8999999761581421,1738200
2024-12-17,0.8799999952316284,0.959999978542328,0.8600000143051147,0.949999988079071,1526800
2024-12-18,0.8399999737739563,0.9200000166893004,0.8399999737739563,0.8899999856948853,1555800
2024-12-19,0.8999999761581421,0.9200000166893004,0.8299999833106995,0.8299999833106995,940300
2024-12-20,0.8899999856948853,0.9300000071525574,0.8700000047683716,0.9100000262260436,1209700
2024-12-23,0.9100000262260436,0.9300000071525574,0.8899999856948853,0.9200000166893004,660500
2024-12-24,0.9300000071525574,0.9900000095367432,0.8899999856948853,0.8899999856948853,517000
2024-12-26,1.0099999904632568,1.0399999618530271,0.9100000262260436,0.9399999976158142,1272200
2024-12-27,0.9800000190734864,1.0299999713897705,0.959999978542328,0.9900000095367432,1082400
2024-12-30,0.9900000095367432,1.0099999904632568,0.9300000071525574,0.959999978542328,850200
2024-12-31,1.0399999618530271,1.0499999523162842,0.9700000286102296,0.9900000095367432,887600
2025-01-02,1.0700000524520874,1.1200000047683716,1.0199999809265137,1.0800000429153442,2085700
2025-01-03,1.0800000429153442,1.1200000047683716,1.0299999713897705,1.1200000047683716,1458100
2025-01-06,1.059999942779541,1.1299999952316284,1.0399999618530271,1.090000033378601,1748600
2025-01-07,1.0499999523162842,1.0700000524520874,0.9900000095367432,1.059999942779541,1972900
2025-01-08,0.949999988079071,1.090000033378601,0.9399999976158142,1.0700000524520874,2411100
2025-01-10,0.949999988079071,0.9800000190734864,0.9200000166893004,0.949999988079071,1078900
2025-01-13,0.9200000166893004,0.949999988079071,0.8700000047683716,0.949999988079071,1190400
2025-01-14,0.9300000071525574,1.0,0.8999999761581421,0.8999999761581421,752500
2025-01-15,0.9700000286102296,1.0099999904632568,0.949999988079071,1.0,890300
2025-01-16,0.9800000190734864,1.0,0.959999978542328,0.959999978542328,1206400
2025-01-17,1.059999942779541,1.090000033378601,1.0,1.0299999713897705,3318800
2025-01-21,1.149999976158142,1.1799999475479126,1.100000023841858,1.1200000047683716,2870500
2025-01-22,1.1399999856948853,1.190000057220459,1.1100000143051147,1.1799999475479126,1478000
2025-01-23,0.9900000095367432,1.1799999475479126,0.8500000238418579,1.0800000429153442,28153000
2025-01-24,1.0099999904632568,1.0700000524520874,0.959999978542328,0.9900000095367432,4326300
2025-01-27,1.409999966621399,1.5099999904632568,1.0399999618530271,1.0499999523162842,19798100
2025-01-28,1.1699999570846558,1.600000023841858,1.059999942779541,1.3799999952316284,8595500
2025-01-29,1.2200000286102295,1.2300000190734863,1.059999942779541,1.100000023841858,4143700
2025-01-30,1.3300000429153442,1.409999966621399,1.2599999904632568,1.3200000524520874,5675800
2025-01-31,1.6200000047683716,1.6299999952316284,1.2400000095367432,1.3899999856948853,6912400
2025-02-03,1.4800000190734863,1.840000033378601,1.4500000476837158,1.6799999475479126,7796100
2025-02-04,1.4900000095367432,1.590000033378601,1.3700000047683716,1.5199999809265137,2809500
2025-02-05,1.5,1.5800000429153442,1.4500000476837158,1.4900000095367432,1524300
2025-02-06,1.409999966621399,1.5399999618530271,1.3899999856948853,1.5399999618530271,2258800
2025-02-07,1.3700000047683716,1.399999976158142,1.2599999904632568,1.3799999952316284,1961900
2025-02-10,1.2799999713897705,1.3799999952316284,1.2200000286102295,1.3799999952316284,2980300
2025-02-11,1.2699999809265137,1.309999942779541,1.2100000381469729,1.2100000381469729,1000300
2025-02-12,1.309999942779541,1.3300000429153442,1.2100000381469729,1.2599999904632568,2264200
2025-02-13,1.2699999809265137,1.3700000047683716,1.2400000095367432,1.3700000047683716,1304500
2025-02-14,1.3200000524520874,1.3200000524520874,1.2400000095367432,1.2899999618530271,1339500
2025-02-18,1.2699999809265137,1.3200000524520874,1.2599999904632568,1.309999942779541,1389600
2025-02-19,1.2599999904632568,1.2699999809265137,1.2000000476837158,1.2599999904632568,1545300
2025-02-20,1.309999942779541,1.3200000524520874,1.2200000286102295,1.2799999713897705,1908500
2025-02-21,1.2699999809265137,1.3600000143051147,1.2200000286102295,1.3200000524520874,1412200
2025-02-24,1.159999966621399,1.2599999904632568,1.1399999856948853,1.25,1818200
2025-02-25,1.1299999952316284,1.1699999570846558,1.100000023841858,1.1299999952316284,1047500
2025-02-26,1.149999976158142,1.1799999475479126,1.1200000047683716,1.1399999856948853,719600
2025-02-27,1.1399999856948853,1.1799999475479126,1.1299999952316284,1.159999966621399,601000
2025-02-28,1.1799999475479126,1.190000057220459,1.1299999952316284,1.1399999856948853,816700
2025-03-03,1.159999966621399,1.25,1.1399999856948853,1.190000057220459,1715400
2025-03-04,1.1799999475479126,1.2000000476837158,1.1100000143051147,1.1399999856948853,1433900
2025-03-05,1.2300000190734863,1.2300000190734863,1.159999966621399,1.2000000476837158,728600
2025-03-06,1.190000057220459,1.2300000190734863,1.1799999475479126,1.2100000381469729,864700
2025-03-07,1.190000057220459,1.2200000286102295,1.1699999570846558,1.190000057220459,670000
2025-03-10,1.1699999570846558,1.2000000476837158,1.1299999952316284,1.190000057220459,1053800
2025-03-11,1.1799999475479126,1.2000000476837158,1.1299999952316284,1.1399999856948853,683100
2025-03-12,1.1799999475479126,1.2100000381469729,1.159999966621399,1.1799999475479126,366100
2025-03-13,1.159999966621399,1.190000057220459,1.1299999952316284,1.1799999475479126,910700
2025-03-14,1.1399999856948853,1.1699999570846558,1.1399999856948853,1.159999966621399,575900
2025-03-17,1.1299999952316284,1.149999976158142,1.1100000143051147,1.1399999856948853,668400
2025-03-18,1.0800000429153442,1.1399999856948853,1.0700000524520874,1.1100000143051147,1074100
2025-03-19,1.2100000381469729,1.2200000286102295,1.090000033378601,1.1100000143051147,972600
2025-03-20,1.2100000381469729,1.2300000190734863,1.1799999475479126,1.2000000476837158,634200
2025-03-21,1.2000000476837158,1.2100000381469729,1.1299999952316284,1.1299999952316284,572500
2025-03-24,1.2300000190734863,1.25,1.1699999570846558,1.2100000381469729,1241100
2025-03-25,1.2200000286102295,1.2799999713897705,1.2000000476837158,1.2300000190734863,833700
2025-03-26,1.1799999475479126,1.2400000095367432,1.1799999475479126,1.2300000190734863,892200
2025-03-27,1.159999966621399,1.25,1.1399999856948853,1.1799999475479126,674200
2025-03-28,1.1100000143051147,1.159999966621399,1.1100000143051147,1.159999966621399,764200
2025-03-31,1.0800000429153442,1.1200000047683716,1.0499999523162842,1.1100000143051147,1461500
2025-04-01,1.090000033378601,1.1100000143051147,1.0499999523162842,1.0800000429153442,1138100
2025-04-02,1.090000033378601,1.1200000047683716,1.0700000524520874,1.090000033378601,739300
2025-04-03,1.100000023841858,1.1299999952316284,1.0700000524520874,1.0700000524520874,701200
2025-04-04,1.0399999618530271,1.100000023841858,1.0199999809265137,1.0700000524520874,1327600
2025-04-07,1.0399999618530271,1.0700000524520874,0.949999988079071,1.0199999809265137,1672300
2025-04-08,1.0399999618530271,1.1399999856948853,1.0099999904632568,1.1399999856948853,2179700
2025-04-09,1.1200000047683716,1.1399999856948853,1.0099999904632568,1.0299999713897705,1107700
2025-04-10,1.1100000143051147,1.1299999952316284,1.0700000524520874,1.1200000047683716,792500
2025-04-11,1.1299999952316284,1.1399999856948853,1.1100000143051147,1.1200000047683716,517200
2025-04-14,1.1399999856948853,1.149999976158142,1.1100000143051147,1.1299999952316284,795500
2025-04-15,1.2899999618530271,1.2999999523162842,1.1299999952316284,1.1399999856948853,1774700
2025-04-16,1.2799999713897705,1.3600000143051147,1.2599999904632568,1.2999999523162842,1532700
2025-04-17,1.309999942779541,1.3300000429153442,1.2599999904632568,1.2699999809265137,1156700
2025-04-21,1.2899999618530271,1.399999976158142,1.2699999809265137,1.3200000524520874,1810400
2025-04-22,1.2899999618530271,1.3200000524520874,1.2599999904632568,1.2899999618530271,967000
2025-04-23,1.309999942779541,1.3799999952316284,1.2999999523162842,1.309999942779541,1687200
2025-04-24,1.340000033378601,1.350000023841858,1.2899999618530271,1.3200000524520874,1358600
2025-04-25,1.399999976158142,1.4700000286102295,1.3600000143051147,1.3600000143051147,2442200
2025-04-28,1.409999966621399,1.4500000476837158,1.350000023841858,1.4299999475479126,2752000
2025-04-29,1.4299999475479126,1.559999942779541,1.409999966621399,1.440000057220459,3424300
2025-04-30,1.5499999523162842,1.5499999523162842,1.3799999952316284,1.440000057220459,1783600
2025-05-01,1.6200000047683716,1.6699999570846558,1.559999942779541,1.600000023841858,2474100
2025-05-02,1.7400000095367432,1.830000042915344,1.6200000047683716,1.659999966621399,4380600
2025-05-05,1.7100000381469729,1.850000023841858,1.649999976158142,1.830000042915344,3180000
2025-05-06,1.7200000286102295,1.7699999809265137,1.600000023841858,1.7200000286102295,3111000
2025-05-07,1.7100000381469729,1.7599999904632568,1.6799999475479126,1.7200000286102295,1308200
2025-05-08,1.6799999475479126,1.75,1.6699999570846558,1.7100000381469729,2288700
2025-05-09,1.559999942779541,1.7200000286102295,1.5499999523162842,1.6699999570846558,1892000
2025-05-12,1.5399999618530271,1.6399999856948853,1.5,1.559999942779541,2103400
2025-05-13,1.409999966621399,1.5700000524520874,1.3600000143051147,1.5199999809265137,3043700
2025-05-14,1.5099999904632568,1.600000023841858,1.4500000476837158,1.4700000286102295,2725600
2025-05-15,1.600000023841858,1.6200000047683716,1.5099999904632568,1.5399999618530271,2506900
2025-05-16,1.6299999952316284,1.6799999475479126,1.5800000429153442,1.659999966621399,2821500
2025-05-19,1.75,1.840000033378601,1.659999966621399,1.6799999475479126,3943300
2025-05-20,1.940000057220459,1.950000047683716,1.7200000286102295,1.809999942779541,4295400
2025-05-21,1.7000000476837158,2.069999933242798,1.690000057220459,2.049999952316284,5101400
2025-05-22,1.7599999904632568,1.870000004768372,1.690000057220459,1.7100000381469729,2799100
2025-05-23,1.8899999856948853,1.9299999475479128,1.7400000095367432,1.7699999809265137,3107900
2025-05-27,1.9299999475479128,2.119999885559082,1.8799999952316284,2.0799999237060547,4290800
2025-05-28,1.7799999713897705,1.9800000190734863,1.7699999809265137,1.9700000286102293,2422700
2025-05-29,1.7100000381469729,1.820000052452088,1.7000000476837158,1.809999942779541,2419000
2025-05-30,1.7100000381469729,1.7200000286102295,1.659999966621399,1.7200000286102295,2682700
2025-06-02,1.5800000429153442,1.830000042915344,1.5700000524520874,1.830000042915344,3613300
2025-06-03,1.6399999856948853,1.659999966621399,1.5700000524520874,1.6200000047683716,2153000
2025-06-04,1.600000023841858,1.659999966621399,1.559999942779541,1.6399999856948853,2034400
2025-06-05,1.6299999952316284,1.649999976158142,1.5499999523162842,1.590000033378601,1929600
2025-06-06,1.6100000143051147,1.6799999475479126,1.590000033378601,1.649999976158142,2433000
2025-06-09,1.5700000524520874,1.6299999952316284,1.5299999713897705,1.6100000143051147,2055000
2025-06-10,1.5399999618530271,1.5800000429153442,1.5099999904632568,1.5700000524520874,2074300
2025-06-11,1.5,1.5499999523162842,1.4800000190734863,1.5399999618530271,1956500
2025-06-12,1.649999976158142,1.659999966621399,1.4700000286102295,1.4900000095367432,2719300
2025-06-13,1.659999966621399,1.7300000190734863,1.6299999952316284,1.649999976158142,2639100
2025-06-16,1.6100000143051147,1.7100000381469729,1.5800000429153442,1.7100000381469729,1782300
2025-06-17,1.559999942779541,1.6200000047683716,1.5199999809265137,1.600000023841858,2406200
2025-06-18,1.5700000524520874,1.5700000524520874,1.5099999904632568,1.5499999523162842,2593500
2025-06-20,1.5399999618530271,1.5700000524520874,1.5,1.5299999713897705,3186900
2025-06-23,1.7100000381469729,1.7100000381469729,1.5099999904632568,1.5199999809265137,3276000
2025-06-24,1.7699999809265137,1.7699999809265137,1.649999976158142,1.7200000286102295,2413800
2025-06-25,1.850000023841858,1.850000023841858,1.690000057220459,1.7999999523162842,3040300
2025-06-26,2.0299999713897705,2.039999961853028,1.820000052452088,1.8799999952316284,5269900
2025-06-27,1.950000047683716,2.039999961853028,1.830000042915344,2.009999990463257,15896200
2025-06-30,2.190000057220459,2.220000028610229,1.909999966621399,1.950000047683716,4137900
2025-07-01,2.0799999237060547,2.180000066757202,2.049999952316284,2.180000066757202,3288900
2025-07-02,2.119999885559082,2.2699999809265137,1.9600000381469729,2.049999952316284,3338600
2025-07-03,2.1700000762939453,2.200000047683716,2.119999885559082,2.119999885559082,1396400
2025-07-07,2.1700000762939453,2.200000047683716,1.9800000190734863,2.190000057220459,3818000
2025-07-08,2.0899999141693115,2.1700000762939453,2.039999961853028,2.1700000762939453,3073100
2025-07-09,1.899999976158142,2.119999885559082,1.8799999952316284,2.119999885559082,3941900
2025-07-10,1.899999976158142,1.940000057220459,1.8899999856948853,1.8899999856948853,2135000
2025-07-11,1.840000033378601,1.909999966621399,1.830000042915344,1.8799999952316284,1795500
2025-07-14,1.9800000190734863,2.009999990463257,1.809999942779541,1.830000042915344,2198900
2025-07-15,1.899999976158142,2.0899999141693115,1.899999976158142,1.9800000190734863,10815200
2025-07-16,1.919999957084656,1.9600000381469729,1.8600000143051147,1.909999966621399,3054100
2025-07-17,1.899999976158142,1.919999957084656,1.850000023841858,1.919999957084656,1808900
2025-07-18,1.7699999809265137,1.919999957084656,1.7599999904632568,1.899999976158142,2881100
2025-07-21,1.850000023841858,1.940000057220459,1.7699999809265137,1.7699999809265137,3076000
2025-07-22,1.840000033378601,1.870000004768372,1.7599999904632568,1.840000033378601,2561200
2025-07-23,1.840000033378601,1.9600000381469729,1.820000052452088,1.8600000143051147,2099000
2025-07-24,1.830000042915344,1.8799999952316284,1.75,1.830000042915344,1957600
2025-07-25,1.7999999523162842,1.8600000143051147,1.7799999713897705,1.840000033378601,1013200
2025-07-28,1.7799999713897705,1.820000052452088,1.75,1.820000052452088,1139600
2025-07-29,1.690000057220459,1.7999999523162842,1.6799999475479126,1.7699999809265137,2505500
2025-07-30,1.659999966621399,1.75,1.649999976158142,1.7000000476837158,1193600
2025-07-31,1.590000033378601,1.7000000476837158,1.590000033378601,1.659999966621399,2638500
2025-08-01,1.659999966621399,1.7100000381469729,1.559999942779541,1.590000033378601,1848800
2025-08-04,1.590000033378601,1.6799999475479126,1.5800000429153442,1.6699999570846558,1502900
2025-08-05,1.6200000047683716,1.659999966621399,1.5800000429153442,1.6100000143051147,1115300
2025-08-06,1.590000033378601,1.6299999952316284,1.5800000429153442,1.6299999952316284,799700
2025-08-07,1.600000023841858,1.6299999952316284,1.559999942779541,1.5700000524520874,1531000
2025-08-08,1.5800000429153442,1.6699999570846558,1.5700000524520874,1.6699999570846558,1896700
2025-08-11,1.5399999618530271,1.6299999952316284,1.5299999713897705,1.600000023841858,1823100
2025-08-12,1.6100000143051147,1.6100000143051147,1.5099999904632568,1.5099999904632568,1380700
2025-08-13,1.5499999523162842,1.659999966621399,1.5199999809265137,1.6200000047683716,1868400
2025-08-14,1.5499999523162842,1.600000023841858,1.5,1.5199999809265137,1485300
2025-08-15,1.6299999952316284,1.6399999856948853,1.5299999713897705,1.5499999523162842,1307300
2025-08-18,1.7300000190734863,1.7699999809265137,1.6100000143051147,1.6399999856948853,2632700
2025-08-19,1.7000000476837158,1.7400000095367432,1.6699999570846558,1.7400000095367432,1514000
2025-08-20,1.850000023841858,1.870000004768372,1.7000000476837158,1.7100000381469729,4485100
2025-08-21,1.7599999904632568,1.899999976158142,1.75,1.8899999856948853,1704400
2025-08-22,1.909999966621399,1.919999957084656,1.7599999904632568,1.7799999713897705,2172100
2025-08-25,1.909999966621399,1.9600000381469729,1.8600000143051147,1.909999966621399,1907100
2025-08-26,1.820000052452088,1.919999957084656,1.7699999809265137,1.909999966621399,2206500
2025-08-27,1.919999957084656,1.9700000286102293,1.7899999618530271,1.7999999523162842,2084400
2025-08-28,1.919999957084656,2.009999990463257,1.909999966621399,1.940000057220459,1783400
2025-08-29,1.919999957084656,1.9600000381469729,1.8899999856948853,1.950000047683716,1252500
2025-09-02,1.830000042915344,1.950000047683716,1.830000042915344,1.950000047683716,1896400
2025-09-03,1.7799999713897705,1.840000033378601,1.7599999904632568,1.840000033378601,1874700
2025-09-04,1.7799999713897705,1.820000052452088,1.75,1.7799999713897705,1593700
2025-09-05,1.909999966621399,1.950000047683716,1.7699999809265137,1.7799999713897705,1606100
2025-09-08,1.899999976158142,1.950000047683716,1.8600000143051147,1.9299999475479128,1545600
2025-09-09,1.8600000143051147,1.909999966621399,1.830000042915344,1.899999976158142,1418200
2025-09-10,1.8799999952316284,1.8799999952316284,1.850000023841858,1.8600000143051147,1460900
2025-09-11,1.8899999856948853,1.9299999475479128,1.690000057220459,1.7799999713897705,2651800
2025-09-12,1.850000023841858,1.9299999475479128,1.850000023841858,1.8799999952316284,1718500
2025-09-15,1.6799999475479126,1.8899999856948853,1.6699999570846558,1.870000004768372,3309400
2025-09-16,1.6699999570846558,1.7300000190734863,1.649999976158142,1.6799999475479126,1792400
2025-09-17,1.690000057220459,1.7699999809265137,1.6699999570846558,1.6799999475479126,1892100
2025-09-18,1.6100000143051147,1.7200000286102295,1.600000023841858,1.7000000476837158,2769300
2025-09-19,1.6299999952316284,1.659999966621399,1.600000023841858,1.600000023841858,2648800
2025-09-22,1.7200000286102295,1.75,1.6200000047683716,1.649999976158142,3465000
2025-09-23,1.7000000476837158,1.75,1.7000000476837158,1.75,1621400
2025-09-24,1.6299999952316284,1.7699999809265137,1.6100000143051147,1.7100000381469729,3958700
2025-09-25,1.6100000143051147,1.659999966621399,1.590000033378601,1.6299999952316284,1625200
2025-09-26,1.6299999952316284,1.6699999570846558,1.5700000524520874,1.6100000143051147,1437700
2025-09-29,1.559999942779541,1.6299999952316284,1.5499999523162842,1.6100000143051147,3211300
2025-09-30,1.6100000143051147,1.6699999570846558,1.559999942779541,1.559999942779541,2085800
2025-10-01,1.690000057220459,1.75,1.600000023841858,1.6299999952316284,3902900
2025-10-02,1.7100000381469729,1.7400000095367432,1.6799999475479126,1.7300000190734863,2106800
2025-10-03,1.870000004768372,1.8799999952316284,1.7000000476837158,1.7300000190734863,3417200
2025-10-06,1.8899999856948853,1.909999966621399,1.830000042915344,1.909999966621399,2394400
2025-10-07,1.899999976158142,1.919999957084656,1.809999942779541,1.8899999856948853,2115200
2025-10-08,1.9299999475479128,1.950000047683716,1.850000023841858,1.8899999856948853,2798200
2025-10-09,1.899999976158142,1.950000047683716,1.8799999952316284,1.950000047683716,1299300
2025-10-10,1.909999966621399,1.9299999475479128,1.850000023841858,1.9299999475479128,2057400
2025-10-13,2.0,2.150000095367432,1.940000057220459,1.9900000095367432,5605100
2025-10-14,2.049999952316284,2.0799999237060547,1.8799999952316284,2.0199999809265137,5198500
2025-10-15,2.180000066757202,2.2699999809265137,2.0799999237060547,2.150000095367432,7618800
2025-10-16,2.1600000858306885,2.289999961853028,2.119999885559082,2.2699999809265137,4194700
2025-10-17,2.140000104904175,2.2100000381469727,2.069999933242798,2.1700000762939453,8082400
2025-10-20,2.009999990463257,2.4800000190734863,2.0,2.4200000762939453,19338200
2025-10-21,1.909999966621399,2.009999990463257,1.8799999952316284,2.0,5750800
2025-10-22,1.950000047683716,1.9600000381469729,1.850000023841858,1.8899999856948853,5827100
2025-10-23,1.909999966621399,2.0,1.8799999952316284,1.9900000095367432,3169400
2025-10-24,1.9900000095367432,2.059999942779541,1.8899999856948853,1.9299999475479128,3433200
2025-10-27,1.940000057220459,2.0199999809265137,1.8600000143051147,1.9600000381469729,4164900
2025-10-28,2.0,2.0199999809265137,1.909999966621399,1.9299999475479128,3617400
2025-10-29,2.0799999237060547,2.119999885559082,1.850000023841858,2.039999961853028,7161300
2025-10-30,1.909999966621399,2.119999885559082,1.899999976158142,2.059999942779541,4422600
2025-10-31,1.820000052452088,1.9299999475479128,1.809999942779541,1.909999966621399,4584200
2025-11-03,1.7899999618530271,1.850000023841858,1.7300000190734863,1.840000033378601,3753400
2025-11-04,1.659999966621399,1.7699999809265137,1.649999976158142,1.75,3337400
2025-11-05,1.6799999475479126,1.7400000095367432,1.6399999856948853,1.6699999570846558,2866700
2025-11-06,1.6200000047683716,1.6799999475479126,1.600000023841858,1.6799999475479126,2515000
2025-11-07,1.590000033378601,1.6299999952316284,1.5399999618530271,1.6200000047683716,3510600
2025-11-10,1.5,1.6299999952316284,1.4800000190734863,1.6200000047683716,5087500
2025-11-11,1.5099999904632568,1.5199999809265137,1.440000057220459,1.5,3841700
2025-11-12,1.4900000095367432,1.5700000524520874,1.4800000190734863,1.5099999904632568,4558000
2025-11-13,1.4600000381469729,1.559999942779541,1.4299999475479126,1.5,3274100
2025-11-14,1.4299999475479126,1.4700000286102295,1.399999976158142,1.4299999475479126,3260000
2025-11-17,1.409999966621399,1.4700000286102295,1.3899999856948853,1.409999966621399,4636400
2025-11-18,1.590000033378601,1.649999976158142,1.399999976158142,1.440000057220459,4879800
2025-11-19,1.5199999809265137,1.6299999952316284,1.5199999809265137,1.6200000047683716,2655000
2025-11-20,1.4600000381469729,1.6100000143051147,1.4500000476837158,1.559999942779541,2005800
2025-11-21,1.5299999713897705,1.559999942779541,1.5,1.5099999904632568,2970200
2025-11-24,1.5499999523162842,1.5800000429153442,1.5099999904632568,1.5399999618530271,2913600
2025-11-25,1.440000057220459,1.5700000524520874,1.4299999475479126,1.5499999523162842,3630200
2025-11-26,1.4600000381469729,1.4700000286102295,1.4199999570846558,1.4500000476837158,3735300
2025-11-28,1.6200000047683716,1.6399999856948853,1.4700000286102295,1.4700000286102295,2142000
2025-12-01,1.5,1.600000023841858,1.5,1.5800000429153442,2636700
2025-12-02,1.3899999856948853,1.5199999809265137,1.3899999856948853,1.5199999809265137,4853300
2025-12-03,1.5399999618530271,1.5499999523162842,1.409999966621399,1.409999966621399,3636500
2025-12-04,1.7400000095367432,1.840000033378601,1.5199999809265137,1.5399999618530271,10360600
2025-12-05,1.7400000095367432,1.7999999523162842,1.690000057220459,1.7300000190734863,4277500
2025-12-08,1.820000052452088,2.0,1.75,1.870000004768372,10603300
2025-12-09,1.899999976158142,1.940000057220459,1.830000042915344,1.840000033378601,5988900
2025-12-10,1.9600000381469729,1.9700000286102293,1.840000033378601,1.919999957084656,4685300
2025-12-11,2.009999990463257,2.0899999141693115,1.9299999475479128,1.950000047683716,5867400
2025-12-12,2.0299999713897705,2.119999885559082,1.9900000095367432,2.039999961853028,5731600
2025-12-15,2.039999961853028,2.0799999237060547,1.919999957084656,2.059999942779541,5125100
2025-12-16,2.200000047683716,2.309999942779541,2.0299999713897705,2.0299999713897705,7421700
2025-12-17,2.109999895095825,2.299999952316284,2.109999895095825,2.240000009536743,5699700
2025-12-18,2.3399999141693115,2.390000104904175,2.1600000858306885,2.1600000858306885,7242700
2025-12-19,2.359999895095825,2.4200000762939453,2.220000028610229,2.319999933242798,8888900
2025-12-22,2.640000104904175,2.6600000858306885,2.4100000858306885,2.4200000762939453,8888000
2025-12-23,2.7699999809265137,2.9800000190734863,2.640000104904175,2.799999952316284,9326600
2025-12-24,2.8399999141693115,3.0,2.7300000190734863,2.7799999713897705,6198500
2025-12-26,2.869999885559082,3.009999990463257,2.7799999713897705,2.9100000858306885,4377400
2025-12-29,3.3499999046325684,3.440000057220459,2.5999999046325684,2.720000028610229,22644300
2025-12-30,3.309999942779541,3.990000009536743,3.240000009536743,3.4100000858306885,23095100
2025-12-31,3.7699999809265137,3.839999914169312,3.400000095367432,3.4600000381469727,23234900
2026-01-02,4.349999904632568,4.659999847412109,3.9600000381469727,4.449999809265137,30414000
2026-01-05,5.0,5.179999828338623,4.449999809265137,4.760000228881836,22590000
2026-01-06,4.099999904632568,5.050000190734863,3.619999885559082,4.980000019073486,27026500
2026-01-07,4.039999961853027,4.150000095367432,3.630000114440918,4.03000020980835,14655700
2026-01-08,3.859999895095825,4.130000114440918,3.640000104904175,4.079999923706055,11260900
2026-01-09,3.4600000381469727,3.650000095367432,3.2300000190734863,3.539999961853028,17564900
2026-01-12,4.110000133514404,4.329999923706055,3.3399999141693115,3.4200000762939453,16699300
2026-01-13,4.150000095367432,4.190000057220459,3.849999904632568,4.019999980926514,7873200
2026-01-14,4.110000133514404,4.420000076293945,3.9600000381469727,4.110000133514404,7905700
2026-01-15,3.839999914169312,4.079999923706055,3.700000047683716,4.019999980926514,7946400
2026-01-16,3.9800000190734863,4.099999904632568,3.690000057220459,3.740000009536743,7939400
2026-01-20,4.320000171661377,4.409999847412109,3.799999952316284,3.900000095367432,10668000
2026-01-21,4.579999923706055,4.710000038146973,4.170000076293945,4.320000171661377,9523200
2026-01-22,4.510000228881836,4.840000152587891,4.449999809265137,4.619999885559082,5650300
2026-01-23,4.260000228881836,4.53000020980835,4.239999771118164,4.519999980926514,3988400
2026-01-26,4.300000190734863,4.380000114440918,4.079999923706055,4.25,5213500
2026-01-27,4.400000095367432,4.610000133514404,4.050000190734863,4.25,5814700
2026-01-28,3.9700000286102295,4.670000076293945,3.9600000381469727,4.440000057220459,6458500
2026-01-29,3.890000104904175,4.059999942779541,3.759999990463257,3.9700000286102295,5925200
2026-01-30,3.7699999809265137,3.890000104904175,3.670000076293945,3.849999904632568,5412300
2026-02-02,3.9700000286102295,4.119999885559082,3.660000085830689,3.700000047683716,5604600
2026-02-03,4.159999847412109,4.199999809265137,3.940000057220459,3.9800000190734863,4625200
2026-02-04,3.819999933242798,4.179999828338623,3.759999990463257,4.159999847412109,6188600
2026-02-05,3.5299999713897705,3.890000104904175,3.490000009536743,3.809999942779541,6835700
2026-02-06,3.7300000190734863,3.829999923706055,3.549999952316284,3.5899999141693115,5470600
2026-02-09,3.809999942779541,3.839999914169312,3.619999885559082,3.7699999809265137,4101700
2026-02-10,3.759999990463257,3.900000095367432,3.680000066757202,3.809999942779541,3504400
2026-02-11,3.670000076293945,3.740000009536743,3.5199999809265137,3.609999895095825,4248100
2026-02-12,3.549999952316284,3.690000057220459,3.4600000381469727,3.630000114440918,3341500
2026-02-13,3.5899999141693115,3.660000085830689,3.509999990463257,3.559999942779541,2474000
2026-02-17,3.660000085830689,3.75,3.5199999809265137,3.5899999141693115,4117800
2026-02-18,3.7899999618530273,3.819999933242798,3.569999933242798,3.650000095367432,3230100
2026-02-19,4.039999961853027,4.230000019073486,3.7899999618530273,3.849999904632568,7544600
2026-02-20,4.150000095367432,4.269999980926514,3.9700000286102295,3.990000009536743,5726283
2026-02-23,4.5,4.820000171661377,4.25,4.260000228881836,11366400
2026-02-24,4.739999771118164,4.980000019073486,4.440000057220459,4.449999809265137,7230500
2026-02-25,4.550000190734863,4.829999923706055,4.360000133514404,4.809999942779541,6420500
2026-02-26,4.920000076293945,5.039999961853027,4.429999828338623,4.5,7323400
2026-02-27,4.929999828338623,5.170000076293945,4.679999828338623,4.860000133514404,11423100
2026-03-02,5.050000190734863,5.139999866485596,4.599999904632568,4.699999809265137,7753000
2026-03-03,5.309999942779541,5.510000228881836,4.820000171661377,5.039999961853027,8911700
2026-03-04,5.539999961853027,5.659999847412109,5.309999942779541,5.440000057220459,6915000
2026-03-05,5.28000020980835,5.539999961853027,5.130000114440918,5.489999771118164,7411000
2026-03-06,5.53000020980835,5.590000152587891,5.019999980926514,5.099999904632568,5820800
2026-03-09,5.960000038146973,6.139999866485596,5.260000228881836,5.53000020980835,9793400
2026-03-10,5.820000171661377,6.0,5.670000076293945,5.960000038146973,6636300
2026-03-11,5.480000019073486,5.829999923706055,5.389999866485596,5.710000038146973,6232500
2026-03-12,5.03000020980835,5.519999980926514,4.929999828338623,5.519999980926514,8342612
